id,item_id,dept_id,cat_id,store_id,d,sales,date,wm_yr_wk,weekday,month,year,sales_lag_1,sales_lag_7,sales_lag_14,sales_lag_28,sales_rolling_7,sales_rolling_30
FOODS_3_090_CA_1_evaluation,FOODS_3_090,FOODS_3,FOODS,CA_1,d_31,0,2011-02-28,11105,Monday,2,2011,0.0,0.0,0.0,47.0,0.0,31.3
FOODS_3_090_CA_1_evaluation,FOODS_3_090,FOODS_3,FOODS,CA_1,d_32,0,2011-03-01,11105,Tuesday,3,2011,0.0,0.0,0.0,47.0,0.0,27.733333333333334
FOODS_3_090_CA_1_evaluation,FOODS_3_090,FOODS_3,FOODS,CA_1,d_33,0,2011-03-02,11105,Wednesday,3,2011,0.0,0.0,0.0,62.0,0.0,21.666666666666668
FOODS_3_090_CA_1_evaluation,FOODS_3_090,FOODS_3,FOODS,CA_1,d_34,0,2011-03-03,11105,Thursday,3,2011,0.0,0.0,0.0,90.0,0.0,20.1
FOODS_3_090_CA_1_evaluation,FOODS_3_090,FOODS_3,FOODS,CA_1,d_35,0,2011-03-04,11105,Friday,3,2011,0.0,0.0,0.0,81.0,0.0,18.533333333333335
FOODS_3_090_CA_1_evaluation,FOODS_3_090,FOODS_3,FOODS,CA_1,d_36,0,2011-03-05,11106,Saturday,3,2011,0.0,0.0,0.0,124.0,0.0,16.466666666666665
FOODS_3_090_CA_1_evaluation,FOODS_3_090,FOODS_3,FOODS,CA_1,d_37,0,2011-03-06,11106,Sunday,3,2011,0.0,0.0,0.0,134.0,0.0,13.466666666666667
FOODS_3_090_CA_1_evaluation,FOODS_3_090,FOODS_3,FOODS,CA_1,d_38,0,2011-03-07,11106,Monday,3,2011,0.0,0.0,0.0,65.0,0.0,10.766666666666667
FOODS_3_090_CA_1_evaluation,FOODS_3_090,FOODS_3,FOODS,CA_1,d_39,0,2011-03-08,11106,Tuesday,3,2011,0.0,0.0,0.0,0.0,0.0,6.633333333333334
FOODS_3_090_CA_1_evaluation,FOODS_3_090,FOODS_3,FOODS,CA_1,d_40,0,2011-03-09,11106,Wednesday,3,2011,0.0,0.0,0.0,0.0,0.0,2.1666666666666665
FOODS_3_090_CA_1_evaluation,FOODS_3_090,FOODS_3,FOODS,CA_1,d_41,0,2011-03-10,11106,Thursday,3,2011,0.0,0.0,0.0,0.0,0.0,0.0
FOODS_3_090_CA_1_evaluation,FOODS_3_090,FOODS_3,FOODS,CA_1,d_42,0,2011-03-11,11106,Friday,3,2011,0.0,0.0,0.0,0.0,0.0,0.0
FOODS_3_090_CA_1_evaluation,FOODS_3_090,FOODS_3,FOODS,CA_1,d_43,0,2011-03-12,11107,Saturday,3,2011,0.0,0.0,0.0,0.0,0.0,0.0
FOODS_3_090_CA_1_evaluation,FOODS_3_090,FOODS_3,FOODS,CA_1,d_44,0,2011-03-13,11107,Sunday,3,2011,0.0,0.0,0.0,0.0,0.0,0.0
FOODS_3_090_CA_1_evaluation,FOODS_3_090,FOODS_3,FOODS,CA_1,d_45,0,2011-03-14,11107,Monday,3,2011,0.0,0.0,0.0,0.0,0.0,0.0
FOODS_3_090_CA_1_evaluation,FOODS_3_090,FOODS_3,FOODS,CA_1,d_46,0,2011-03-15,11107,Tuesday,3,2011,0.0,0.0,0.0,0.0,0.0,0.0
FOODS_3_090_CA_1_evaluation,FOODS_3_090,FOODS_3,FOODS,CA_1,d_47,0,2011-03-16,11107,Wednesday,3,2011,0.0,0.0,0.0,0.0,0.0,0.0
FOODS_3_090_CA_1_evaluation,FOODS_3_090,FOODS_3,FOODS,CA_1,d_48,0,2011-03-17,11107,Thursday,3,2011,0.0,0.0,0.0,0.0,0.0,0.0
FOODS_3_090_CA_1_evaluation,FOODS_3_090,FOODS_3,FOODS,CA_1,d_49,0,2011-03-18,11107,Friday,3,2011,0.0,0.0,0.0,0.0,0.0,0.0
FOODS_3_090_CA_1_evaluation,FOODS_3_090,FOODS_3,FOODS,CA_1,d_50,0,2011-03-19,11108,Saturday,3,2011,0.0,0.0,0.0,0.0,0.0,0.0
FOODS_3_090_CA_1_evaluation,FOODS_3_090,FOODS_3,FOODS,CA_1,d_51,0,2011-03-20,11108,Sunday,3,2011,0.0,0.0,0.0,0.0,0.0,0.0
FOODS_3_090_CA_1_evaluation,FOODS_3_090,FOODS_3,FOODS,CA_1,d_52,0,2011-03-21,11108,Monday,3,2011,0.0,0.0,0.0,0.0,0.0,0.0
FOODS_3_090_CA_1_evaluation,FOODS_3_090,FOODS_3,FOODS,CA_1,d_53,0,2011-03-22,11108,Tuesday,3,2011,0.0,0.0,0.0,0.0,0.0,0.0
FOODS_3_090_CA_1_evaluation,FOODS_3_090,FOODS_3,FOODS,CA_1,d_54,0,2011-03-23,11108,Wednesday,3,2011,0.0,0.0,0.0,0.0,0.0,0.0
FOODS_3_090_CA_1_evaluation,FOODS_3_090,FOODS_3,FOODS,CA_1,d_55,0,2011-03-24,11108,Thursday,3,2011,0.0,0.0,0.0,0.0,0.0,0.0
FOODS_3_090_CA_1_evaluation,FOODS_3_090,FOODS_3,FOODS,CA_1,d_56,0,2011-03-25,11108,Friday,3,2011,0.0,0.0,0.0,0.0,0.0,0.0
FOODS_3_090_CA_1_evaluation,FOODS_3_090,FOODS_3,FOODS,CA_1,d_57,0,2011-03-26,11109,Saturday,3,2011,0.0,0.0,0.0,0.0,0.0,0.0
FOODS_3_090_CA_1_evaluation,FOODS_3_090,FOODS_3,FOODS,CA_1,d_58,0,2011-03-27,11109,Sunday,3,2011,0.0,0.0,0.0,0.0,0.0,0.0
FOODS_3_090_CA_1_evaluation,FOODS_3_090,FOODS_3,FOODS,CA_1,d_59,0,2011-03-28,11109,Monday,3,2011,0.0,0.0,0.0,0.0,0.0,0.0
FOODS_3_090_CA_1_evaluation,FOODS_3_090,FOODS_3,FOODS,CA_1,d_60,0,2011-03-29,11109,Tuesday,3,2011,0.0,0.0,0.0,0.0,0.0,0.0
FOODS_3_090_CA_1_evaluation,FOODS_3_090,FOODS_3,FOODS,CA_1,d_61,0,2011-03-30,11109,Wednesday,3,2011,0.0,0.0,0.0,0.0,0.0,0.0
FOODS_3_090_CA_1_evaluation,FOODS_3_090,FOODS_3,FOODS,CA_1,d_62,0,2011-03-31,11109,Thursday,3,2011,0.0,0.0,0.0,0.0,0.0,0.0
FOODS_3_090_CA_1_evaluation,FOODS_3_090,FOODS_3,FOODS,CA_1,d_63,0,2011-04-01,11109,Friday,4,2011,0.0,0.0,0.0,0.0,0.0,0.0
FOODS_3_090_CA_1_evaluation,FOODS_3_090,FOODS_3,FOODS,CA_1,d_64,0,2011-04-02,11110,Saturday,4,2011,0.0,0.0,0.0,0.0,0.0,0.0
FOODS_3_090_CA_1_evaluation,FOODS_3_090,FOODS_3,FOODS,CA_1,d_65,0,2011-04-03,11110,Sunday,4,2011,0.0,0.0,0.0,0.0,0.0,0.0
FOODS_3_090_CA_1_evaluation,FOODS_3_090,FOODS_3,FOODS,CA_1,d_66,0,2011-04-04,11110,Monday,4,2011,0.0,0.0,0.0,0.0,0.0,0.0
FOODS_3_090_CA_1_evaluation,FOODS_3_090,FOODS_3,FOODS,CA_1,d_67,0,2011-04-05,11110,Tuesday,4,2011,0.0,0.0,0.0,0.0,0.0,0.0
FOODS_3_090_CA_1_evaluation,FOODS_3_090,FOODS_3,FOODS,CA_1,d_68,0,2011-04-06,11110,Wednesday,4,2011,0.0,0.0,0.0,0.0,0.0,0.0
FOODS_3_090_CA_1_evaluation,FOODS_3_090,FOODS_3,FOODS,CA_1,d_69,0,2011-04-07,11110,Thursday,4,2011,0.0,0.0,0.0,0.0,0.0,0.0
FOODS_3_090_CA_1_evaluation,FOODS_3_090,FOODS_3,FOODS,CA_1,d_70,0,2011-04-08,11110,Friday,4,2011,0.0,0.0,0.0,0.0,0.0,0.0
FOODS_3_090_CA_1_evaluation,FOODS_3_090,FOODS_3,FOODS,CA_1,d_71,0,2011-04-09,11111,Saturday,4,2011,0.0,0.0,0.0,0.0,0.0,0.0
FOODS_3_090_CA_1_evaluation,FOODS_3_090,FOODS_3,FOODS,CA_1,d_72,0,2011-04-10,11111,Sunday,4,2011,0.0,0.0,0.0,0.0,0.0,0.0
FOODS_3_090_CA_1_evaluation,FOODS_3_090,FOODS_3,FOODS,CA_1,d_73,0,2011-04-11,11111,Monday,4,2011,0.0,0.0,0.0,0.0,0.0,0.0
FOODS_3_090_CA_1_evaluation,FOODS_3_090,FOODS_3,FOODS,CA_1,d_74,0,2011-04-12,11111,Tuesday,4,2011,0.0,0.0,0.0,0.0,0.0,0.0
FOODS_3_090_CA_1_evaluation,FOODS_3_090,FOODS_3,FOODS,CA_1,d_75,0,2011-04-13,11111,Wednesday,4,2011,0.0,0.0,0.0,0.0,0.0,0.0
FOODS_3_090_CA_1_evaluation,FOODS_3_090,FOODS_3,FOODS,CA_1,d_76,0,2011-04-14,11111,Thursday,4,2011,0.0,0.0,0.0,0.0,0.0,0.0
FOODS_3_090_CA_1_evaluation,FOODS_3_090,FOODS_3,FOODS,CA_1,d_77,0,2011-04-15,11111,Friday,4,2011,0.0,0.0,0.0,0.0,0.0,0.0
FOODS_3_090_CA_1_evaluation,FOODS_3_090,FOODS_3,FOODS,CA_1,d_78,0,2011-04-16,11112,Saturday,4,2011,0.0,0.0,0.0,0.0,0.0,0.0
FOODS_3_090_CA_1_evaluation,FOODS_3_090,FOODS_3,FOODS,CA_1,d_79,0,2011-04-17,11112,Sunday,4,2011,0.0,0.0,0.0,0.0,0.0,0.0
FOODS_3_090_CA_1_evaluation,FOODS_3_090,FOODS_3,FOODS,CA_1,d_80,0,2011-04-18,11112,Monday,4,2011,0.0,0.0,0.0,0.0,0.0,0.0
FOODS_3_090_CA_1_evaluation,FOODS_3_090,FOODS_3,FOODS,CA_1,d_81,0,2011-04-19,11112,Tuesday,4,2011,0.0,0.0,0.0,0.0,0.0,0.0
FOODS_3_090_CA_1_evaluation,FOODS_3_090,FOODS_3,FOODS,CA_1,d_82,0,2011-04-20,11112,Wednesday,4,2011,0.0,0.0,0.0,0.0,0.0,0.0
FOODS_3_090_CA_1_evaluation,FOODS_3_090,FOODS_3,FOODS,CA_1,d_83,0,2011-04-21,11112,Thursday,4,2011,0.0,0.0,0.0,0.0,0.0,0.0
FOODS_3_090_CA_1_evaluation,FOODS_3_090,FOODS_3,FOODS,CA_1,d_84,0,2011-04-22,11112,Friday,4,2011,0.0,0.0,0.0,0.0,0.0,0.0
FOODS_3_090_CA_1_evaluation,FOODS_3_090,FOODS_3,FOODS,CA_1,d_85,0,2011-04-23,11113,Saturday,4,2011,0.0,0.0,0.0,0.0,0.0,0.0
FOODS_3_090_CA_1_evaluation,FOODS_3_090,FOODS_3,FOODS,CA_1,d_86,0,2011-04-24,11113,Sunday,4,2011,0.0,0.0,0.0,0.0,0.0,0.0
FOODS_3_090_CA_1_evaluation,FOODS_3_090,FOODS_3,FOODS,CA_1,d_87,0,2011-04-25,11113,Monday,4,2011,0.0,0.0,0.0,0.0,0.0,0.0
FOODS_3_090_CA_1_evaluation,FOODS_3_090,FOODS_3,FOODS,CA_1,d_88,0,2011-04-26,11113,Tuesday,4,2011,0.0,0.0,0.0,0.0,0.0,0.0
FOODS_3_090_CA_1_evaluation,FOODS_3_090,FOODS_3,FOODS,CA_1,d_89,0,2011-04-27,11113,Wednesday,4,2011,0.0,0.0,0.0,0.0,0.0,0.0
FOODS_3_090_CA_1_evaluation,FOODS_3_090,FOODS_3,FOODS,CA_1,d_90,0,2011-04-28,11113,Thursday,4,2011,0.0,0.0,0.0,0.0,0.0,0.0
FOODS_3_090_CA_1_evaluation,FOODS_3_090,FOODS_3,FOODS,CA_1,d_91,0,2011-04-29,11113,Friday,4,2011,0.0,0.0,0.0,0.0,0.0,0.0
FOODS_3_090_CA_1_evaluation,FOODS_3_090,FOODS_3,FOODS,CA_1,d_92,0,2011-04-30,11114,Saturday,4,2011,0.0,0.0,0.0,0.0,0.0,0.0
FOODS_3_090_CA_1_evaluation,FOODS_3_090,FOODS_3,FOODS,CA_1,d_93,0,2011-05-01,11114,Sunday,5,2011,0.0,0.0,0.0,0.0,0.0,0.0
FOODS_3_090_CA_1_evaluation,FOODS_3_090,FOODS_3,FOODS,CA_1,d_94,0,2011-05-02,11114,Monday,5,2011,0.0,0.0,0.0,0.0,0.0,0.0
FOODS_3_090_CA_1_evaluation,FOODS_3_090,FOODS_3,FOODS,CA_1,d_95,0,2011-05-03,11114,Tuesday,5,2011,0.0,0.0,0.0,0.0,0.0,0.0
FOODS_3_090_CA_1_evaluation,FOODS_3_090,FOODS_3,FOODS,CA_1,d_96,0,2011-05-04,11114,Wednesday,5,2011,0.0,0.0,0.0,0.0,0.0,0.0
FOODS_3_090_CA_1_evaluation,FOODS_3_090,FOODS_3,FOODS,CA_1,d_97,0,2011-05-05,11114,Thursday,5,2011,0.0,0.0,0.0,0.0,0.0,0.0
FOODS_3_090_CA_1_evaluation,FOODS_3_090,FOODS_3,FOODS,CA_1,d_98,0,2011-05-06,11114,Friday,5,2011,0.0,0.0,0.0,0.0,0.0,0.0
FOODS_3_090_CA_1_evaluation,FOODS_3_090,FOODS_3,FOODS,CA_1,d_99,0,2011-05-07,11115,Saturday,5,2011,0.0,0.0,0.0,0.0,0.0,0.0
FOODS_3_090_CA_1_evaluation,FOODS_3_090,FOODS_3,FOODS,CA_1,d_100,0,2011-05-08,11115,Sunday,5,2011,0.0,0.0,0.0,0.0,0.0,0.0
FOODS_3_090_CA_1_evaluation,FOODS_3_090,FOODS_3,FOODS,CA_1,d_101,0,2011-05-09,11115,Monday,5,2011,0.0,0.0,0.0,0.0,0.0,0.0
FOODS_3_090_CA_1_evaluation,FOODS_3_090,FOODS_3,FOODS,CA_1,d_102,0,2011-05-10,11115,Tuesday,5,2011,0.0,0.0,0.0,0.0,0.0,0.0
FOODS_3_090_CA_1_evaluation,FOODS_3_090,FOODS_3,FOODS,CA_1,d_103,0,2011-05-11,11115,Wednesday,5,2011,0.0,0.0,0.0,0.0,0.0,0.0
FOODS_3_090_CA_1_evaluation,FOODS_3_090,FOODS_3,FOODS,CA_1,d_104,0,2011-05-12,11115,Thursday,5,2011,0.0,0.0,0.0,0.0,0.0,0.0
FOODS_3_090_CA_1_evaluation,FOODS_3_090,FOODS_3,FOODS,CA_1,d_105,0,2011-05-13,11115,Friday,5,2011,0.0,0.0,0.0,0.0,0.0,0.0
FOODS_3_090_CA_1_evaluation,FOODS_3_090,FOODS_3,FOODS,CA_1,d_106,0,2011-05-14,11116,Saturday,5,2011,0.0,0.0,0.0,0.0,0.0,0.0
FOODS_3_090_CA_1_evaluation,FOODS_3_090,FOODS_3,FOODS,CA_1,d_107,0,2011-05-15,11116,Sunday,5,2011,0.0,0.0,0.0,0.0,0.0,0.0
FOODS_3_090_CA_1_evaluation,FOODS_3_090,FOODS_3,FOODS,CA_1,d_108,0,2011-05-16,11116,Monday,5,2011,0.0,0.0,0.0,0.0,0.0,0.0
FOODS_3_090_CA_1_evaluation,FOODS_3_090,FOODS_3,FOODS,CA_1,d_109,0,2011-05-17,11116,Tuesday,5,2011,0.0,0.0,0.0,0.0,0.0,0.0
FOODS_3_090_CA_1_evaluation,FOODS_3_090,FOODS_3,FOODS,CA_1,d_110,0,2011-05-18,11116,Wednesday,5,2011,0.0,0.0,0.0,0.0,0.0,0.0
FOODS_3_090_CA_1_evaluation,FOODS_3_090,FOODS_3,FOODS,CA_1,d_111,0,2011-05-19,11116,Thursday,5,2011,0.0,0.0,0.0,0.0,0.0,0.0
FOODS_3_090_CA_1_evaluation,FOODS_3_090,FOODS_3,FOODS,CA_1,d_112,0,2011-05-20,11116,Friday,5,2011,0.0,0.0,0.0,0.0,0.0,0.0
FOODS_3_090_CA_1_evaluation,FOODS_3_090,FOODS_3,FOODS,CA_1,d_113,0,2011-05-21,11117,Saturday,5,2011,0.0,0.0,0.0,0.0,0.0,0.0
FOODS_3_090_CA_1_evaluation,FOODS_3_090,FOODS_3,FOODS,CA_1,d_114,0,2011-05-22,11117,Sunday,5,2011,0.0,0.0,0.0,0.0,0.0,0.0
FOODS_3_090_CA_1_evaluation,FOODS_3_090,FOODS_3,FOODS,CA_1,d_115,0,2011-05-23,11117,Monday,5,2011,0.0,0.0,0.0,0.0,0.0,0.0
FOODS_3_090_CA_1_evaluation,FOODS_3_090,FOODS_3,FOODS,CA_1,d_116,0,2011-05-24,11117,Tuesday,5,2011,0.0,0.0,0.0,0.0,0.0,0.0
FOODS_3_090_CA_1_evaluation,FOODS_3_090,FOODS_3,FOODS,CA_1,d_117,0,2011-05-25,11117,Wednesday,5,2011,0.0,0.0,0.0,0.0,0.0,0.0
FOODS_3_090_CA_1_evaluation,FOODS_3_090,FOODS_3,FOODS,CA_1,d_118,0,2011-05-26,11117,Thursday,5,2011,0.0,0.0,0.0,0.0,0.0,0.0
FOODS_3_090_CA_1_evaluation,FOODS_3_090,FOODS_3,FOODS,CA_1,d_119,0,2011-05-27,11117,Friday,5,2011,0.0,0.0,0.0,0.0,0.0,0.0
FOODS_3_090_CA_1_evaluation,FOODS_3_090,FOODS_3,FOODS,CA_1,d_120,0,2011-05-28,11118,Saturday,5,2011,0.0,0.0,0.0,0.0,0.0,0.0
FOODS_3_090_CA_1_evaluation,FOODS_3_090,FOODS_3,FOODS,CA_1,d_121,0,2011-05-29,11118,Sunday,5,2011,0.0,0.0,0.0,0.0,0.0,0.0
FOODS_3_090_CA_1_evaluation,FOODS_3_090,FOODS_3,FOODS,CA_1,d_122,0,2011-05-30,11118,Monday,5,2011,0.0,0.0,0.0,0.0,0.0,0.0
FOODS_3_090_CA_1_evaluation,FOODS_3_090,FOODS_3,FOODS,CA_1,d_123,0,2011-05-31,11118,Tuesday,5,2011,0.0,0.0,0.0,0.0,0.0,0.0
FOODS_3_090_CA_1_evaluation,FOODS_3_090,FOODS_3,FOODS,CA_1,d_124,0,2011-06-01,11118,Wednesday,6,2011,0.0,0.0,0.0,0.0,0.0,0.0
FOODS_3_090_CA_1_evaluation,FOODS_3_090,FOODS_3,FOODS,CA_1,d_125,0,2011-06-02,11118,Thursday,6,2011,0.0,0.0,0.0,0.0,0.0,0.0
FOODS_3_090_CA_1_evaluation,FOODS_3_090,FOODS_3,FOODS,CA_1,d_126,0,2011-06-03,11118,Friday,6,2011,0.0,0.0,0.0,0.0,0.0,0.0
FOODS_3_090_CA_1_evaluation,FOODS_3_090,FOODS_3,FOODS,CA_1,d_127,0,2011-06-04,11119,Saturday,6,2011,0.0,0.0,0.0,0.0,0.0,0.0
FOODS_3_090_CA_1_evaluation,FOODS_3_090,FOODS_3,FOODS,CA_1,d_128,0,2011-06-05,11119,Sunday,6,2011,0.0,0.0,0.0,0.0,0.0,0.0
FOODS_3_090_CA_1_evaluation,FOODS_3_090,FOODS_3,FOODS,CA_1,d_129,0,2011-06-06,11119,Monday,6,2011,0.0,0.0,0.0,0.0,0.0,0.0
FOODS_3_090_CA_1_evaluation,FOODS_3_090,FOODS_3,FOODS,CA_1,d_130,0,2011-06-07,11119,Tuesday,6,2011,0.0,0.0,0.0,0.0,0.0,0.0
FOODS_3_090_CA_1_evaluation,FOODS_3_090,FOODS_3,FOODS,CA_1,d_131,0,2011-06-08,11119,Wednesday,6,2011,0.0,0.0,0.0,0.0,0.0,0.0
FOODS_3_090_CA_1_evaluation,FOODS_3_090,FOODS_3,FOODS,CA_1,d_132,0,2011-06-09,11119,Thursday,6,2011,0.0,0.0,0.0,0.0,0.0,0.0
FOODS_3_090_CA_1_evaluation,FOODS_3_090,FOODS_3,FOODS,CA_1,d_133,0,2011-06-10,11119,Friday,6,2011,0.0,0.0,0.0,0.0,0.0,0.0
FOODS_3_090_CA_1_evaluation,FOODS_3_090,FOODS_3,FOODS,CA_1,d_134,0,2011-06-11,11120,Saturday,6,2011,0.0,0.0,0.0,0.0,0.0,0.0
FOODS_3_090_CA_1_evaluation,FOODS_3_090,FOODS_3,FOODS,CA_1,d_135,0,2011-06-12,11120,Sunday,6,2011,0.0,0.0,0.0,0.0,0.0,0.0
FOODS_3_090_CA_1_evaluation,FOODS_3_090,FOODS_3,FOODS,CA_1,d_136,0,2011-06-13,11120,Monday,6,2011,0.0,0.0,0.0,0.0,0.0,0.0
FOODS_3_090_CA_1_evaluation,FOODS_3_090,FOODS_3,FOODS,CA_1,d_137,0,2011-06-14,11120,Tuesday,6,2011,0.0,0.0,0.0,0.0,0.0,0.0
FOODS_3_090_CA_1_evaluation,FOODS_3_090,FOODS_3,FOODS,CA_1,d_138,0,2011-06-15,11120,Wednesday,6,2011,0.0,0.0,0.0,0.0,0.0,0.0
FOODS_3_090_CA_1_evaluation,FOODS_3_090,FOODS_3,FOODS,CA_1,d_139,0,2011-06-16,11120,Thursday,6,2011,0.0,0.0,0.0,0.0,0.0,0.0
FOODS_3_090_CA_1_evaluation,FOODS_3_090,FOODS_3,FOODS,CA_1,d_140,0,2011-06-17,11120,Friday,6,2011,0.0,0.0,0.0,0.0,0.0,0.0
FOODS_3_090_CA_1_evaluation,FOODS_3_090,FOODS_3,FOODS,CA_1,d_141,0,2011-06-18,11121,Saturday,6,2011,0.0,0.0,0.0,0.0,0.0,0.0
FOODS_3_090_CA_1_evaluation,FOODS_3_090,FOODS_3,FOODS,CA_1,d_142,0,2011-06-19,11121,Sunday,6,2011,0.0,0.0,0.0,0.0,0.0,0.0
FOODS_3_090_CA_1_evaluation,FOODS_3_090,FOODS_3,FOODS,CA_1,d_143,0,2011-06-20,11121,Monday,6,2011,0.0,0.0,0.0,0.0,0.0,0.0
FOODS_3_090_CA_1_evaluation,FOODS_3_090,FOODS_3,FOODS,CA_1,d_144,0,2011-06-21,11121,Tuesday,6,2011,0.0,0.0,0.0,0.0,0.0,0.0
FOODS_3_090_CA_1_evaluation,FOODS_3_090,FOODS_3,FOODS,CA_1,d_145,0,2011-06-22,11121,Wednesday,6,2011,0.0,0.0,0.0,0.0,0.0,0.0
FOODS_3_090_CA_1_evaluation,FOODS_3_090,FOODS_3,FOODS,CA_1,d_146,0,2011-06-23,11121,Thursday,6,2011,0.0,0.0,0.0,0.0,0.0,0.0
FOODS_3_090_CA_1_evaluation,FOODS_3_090,FOODS_3,FOODS,CA_1,d_147,0,2011-06-24,11121,Friday,6,2011,0.0,0.0,0.0,0.0,0.0,0.0
FOODS_3_090_CA_1_evaluation,FOODS_3_090,FOODS_3,FOODS,CA_1,d_148,0,2011-06-25,11122,Saturday,6,2011,0.0,0.0,0.0,0.0,0.0,0.0
FOODS_3_090_CA_1_evaluation,FOODS_3_090,FOODS_3,FOODS,CA_1,d_149,0,2011-06-26,11122,Sunday,6,2011,0.0,0.0,0.0,0.0,0.0,0.0
FOODS_3_090_CA_1_evaluation,FOODS_3_090,FOODS_3,FOODS,CA_1,d_150,0,2011-06-27,11122,Monday,6,2011,0.0,0.0,0.0,0.0,0.0,0.0
FOODS_3_090_CA_1_evaluation,FOODS_3_090,FOODS_3,FOODS,CA_1,d_151,0,2011-06-28,11122,Tuesday,6,2011,0.0,0.0,0.0,0.0,0.0,0.0
FOODS_3_090_CA_1_evaluation,FOODS_3_090,FOODS_3,FOODS,CA_1,d_152,0,2011-06-29,11122,Wednesday,6,2011,0.0,0.0,0.0,0.0,0.0,0.0
FOODS_3_090_CA_1_evaluation,FOODS_3_090,FOODS_3,FOODS,CA_1,d_153,0,2011-06-30,11122,Thursday,6,2011,0.0,0.0,0.0,0.0,0.0,0.0
FOODS_3_090_CA_1_evaluation,FOODS_3_090,FOODS_3,FOODS,CA_1,d_154,0,2011-07-01,11122,Friday,7,2011,0.0,0.0,0.0,0.0,0.0,0.0
FOODS_3_090_CA_1_evaluation,FOODS_3_090,FOODS_3,FOODS,CA_1,d_155,0,2011-07-02,11123,Saturday,7,2011,0.0,0.0,0.0,0.0,0.0,0.0
FOODS_3_090_CA_1_evaluation,FOODS_3_090,FOODS_3,FOODS,CA_1,d_156,0,2011-07-03,11123,Sunday,7,2011,0.0,0.0,0.0,0.0,0.0,0.0
FOODS_3_090_CA_1_evaluation,FOODS_3_090,FOODS_3,FOODS,CA_1,d_157,0,2011-07-04,11123,Monday,7,2011,0.0,0.0,0.0,0.0,0.0,0.0
FOODS_3_090_CA_1_evaluation,FOODS_3_090,FOODS_3,FOODS,CA_1,d_158,0,2011-07-05,11123,Tuesday,7,2011,0.0,0.0,0.0,0.0,0.0,0.0
FOODS_3_090_CA_1_evaluation,FOODS_3_090,FOODS_3,FOODS,CA_1,d_159,0,2011-07-06,11123,Wednesday,7,2011,0.0,0.0,0.0,0.0,0.0,0.0
FOODS_3_090_CA_1_evaluation,FOODS_3_090,FOODS_3,FOODS,CA_1,d_160,0,2011-07-07,11123,Thursday,7,2011,0.0,0.0,0.0,0.0,0.0,0.0
FOODS_3_090_CA_1_evaluation,FOODS_3_090,FOODS_3,FOODS,CA_1,d_161,0,2011-07-08,11123,Friday,7,2011,0.0,0.0,0.0,0.0,0.0,0.0
FOODS_3_090_CA_1_evaluation,FOODS_3_090,FOODS_3,FOODS,CA_1,d_162,0,2011-07-09,11124,Saturday,7,2011,0.0,0.0,0.0,0.0,0.0,0.0
FOODS_3_090_CA_1_evaluation,FOODS_3_090,FOODS_3,FOODS,CA_1,d_163,0,2011-07-10,11124,Sunday,7,2011,0.0,0.0,0.0,0.0,0.0,0.0
FOODS_3_090_CA_1_evaluation,FOODS_3_090,FOODS_3,FOODS,CA_1,d_164,0,2011-07-11,11124,Monday,7,2011,0.0,0.0,0.0,0.0,0.0,0.0
FOODS_3_090_CA_1_evaluation,FOODS_3_090,FOODS_3,FOODS,CA_1,d_165,0,2011-07-12,11124,Tuesday,7,2011,0.0,0.0,0.0,0.0,0.0,0.0
FOODS_3_090_CA_1_evaluation,FOODS_3_090,FOODS_3,FOODS,CA_1,d_166,0,2011-07-13,11124,Wednesday,7,2011,0.0,0.0,0.0,0.0,0.0,0.0
FOODS_3_090_CA_1_evaluation,FOODS_3_090,FOODS_3,FOODS,CA_1,d_167,0,2011-07-14,11124,Thursday,7,2011,0.0,0.0,0.0,0.0,0.0,0.0
FOODS_3_090_CA_1_evaluation,FOODS_3_090,FOODS_3,FOODS,CA_1,d_168,0,2011-07-15,11124,Friday,7,2011,0.0,0.0,0.0,0.0,0.0,0.0
FOODS_3_090_CA_1_evaluation,FOODS_3_090,FOODS_3,FOODS,CA_1,d_169,0,2011-07-16,11125,Saturday,7,2011,0.0,0.0,0.0,0.0,0.0,0.0
FOODS_3_090_CA_1_evaluation,FOODS_3_090,FOODS_3,FOODS,CA_1,d_170,0,2011-07-17,11125,Sunday,7,2011,0.0,0.0,0.0,0.0,0.0,0.0
FOODS_3_090_CA_1_evaluation,FOODS_3_090,FOODS_3,FOODS,CA_1,d_171,0,2011-07-18,11125,Monday,7,2011,0.0,0.0,0.0,0.0,0.0,0.0
FOODS_3_090_CA_1_evaluation,FOODS_3_090,FOODS_3,FOODS,CA_1,d_172,0,2011-07-19,11125,Tuesday,7,2011,0.0,0.0,0.0,0.0,0.0,0.0
FOODS_3_090_CA_1_evaluation,FOODS_3_090,FOODS_3,FOODS,CA_1,d_173,0,2011-07-20,11125,Wednesday,7,2011,0.0,0.0,0.0,0.0,0.0,0.0
FOODS_3_090_CA_1_evaluation,FOODS_3_090,FOODS_3,FOODS,CA_1,d_174,0,2011-07-21,11125,Thursday,7,2011,0.0,0.0,0.0,0.0,0.0,0.0
FOODS_3_090_CA_1_evaluation,FOODS_3_090,FOODS_3,FOODS,CA_1,d_175,0,2011-07-22,11125,Friday,7,2011,0.0,0.0,0.0,0.0,0.0,0.0
FOODS_3_090_CA_1_evaluation,FOODS_3_090,FOODS_3,FOODS,CA_1,d_176,0,2011-07-23,11126,Saturday,7,2011,0.0,0.0,0.0,0.0,0.0,0.0
FOODS_3_090_CA_1_evaluation,FOODS_3_090,FOODS_3,FOODS,CA_1,d_177,0,2011-07-24,11126,Sunday,7,2011,0.0,0.0,0.0,0.0,0.0,0.0
FOODS_3_090_CA_1_evaluation,FOODS_3_090,FOODS_3,FOODS,CA_1,d_178,0,2011-07-25,11126,Monday,7,2011,0.0,0.0,0.0,0.0,0.0,0.0
FOODS_3_090_CA_1_evaluation,FOODS_3_090,FOODS_3,FOODS,CA_1,d_179,0,2011-07-26,11126,Tuesday,7,2011,0.0,0.0,0.0,0.0,0.0,0.0
FOODS_3_090_CA_1_evaluation,FOODS_3_090,FOODS_3,FOODS,CA_1,d_180,0,2011-07-27,11126,Wednesday,7,2011,0.0,0.0,0.0,0.0,0.0,0.0
FOODS_3_090_CA_1_evaluation,FOODS_3_090,FOODS_3,FOODS,CA_1,d_181,0,2011-07-28,11126,Thursday,7,2011,0.0,0.0,0.0,0.0,0.0,0.0
FOODS_3_090_CA_1_evaluation,FOODS_3_090,FOODS_3,FOODS,CA_1,d_182,0,2011-07-29,11126,Friday,7,2011,0.0,0.0,0.0,0.0,0.0,0.0
FOODS_3_090_CA_1_evaluation,FOODS_3_090,FOODS_3,FOODS,CA_1,d_183,0,2011-07-30,11127,Saturday,7,2011,0.0,0.0,0.0,0.0,0.0,0.0
FOODS_3_090_CA_1_evaluation,FOODS_3_090,FOODS_3,FOODS,CA_1,d_184,0,2011-07-31,11127,Sunday,7,2011,0.0,0.0,0.0,0.0,0.0,0.0
FOODS_3_090_CA_1_evaluation,FOODS_3_090,FOODS_3,FOODS,CA_1,d_185,0,2011-08-01,11127,Monday,8,2011,0.0,0.0,0.0,0.0,0.0,0.0
FOODS_3_090_CA_1_evaluation,FOODS_3_090,FOODS_3,FOODS,CA_1,d_186,0,2011-08-02,11127,Tuesday,8,2011,0.0,0.0,0.0,0.0,0.0,0.0
FOODS_3_090_CA_1_evaluation,FOODS_3_090,FOODS_3,FOODS,CA_1,d_187,0,2011-08-03,11127,Wednesday,8,2011,0.0,0.0,0.0,0.0,0.0,0.0
FOODS_3_090_CA_1_evaluation,FOODS_3_090,FOODS_3,FOODS,CA_1,d_188,0,2011-08-04,11127,Thursday,8,2011,0.0,0.0,0.0,0.0,0.0,0.0
FOODS_3_090_CA_1_evaluation,FOODS_3_090,FOODS_3,FOODS,CA_1,d_189,0,2011-08-05,11127,Friday,8,2011,0.0,0.0,0.0,0.0,0.0,0.0
FOODS_3_090_CA_1_evaluation,FOODS_3_090,FOODS_3,FOODS,CA_1,d_190,0,2011-08-06,11128,Saturday,8,2011,0.0,0.0,0.0,0.0,0.0,0.0
FOODS_3_090_CA_1_evaluation,FOODS_3_090,FOODS_3,FOODS,CA_1,d_191,0,2011-08-07,11128,Sunday,8,2011,0.0,0.0,0.0,0.0,0.0,0.0
FOODS_3_090_CA_1_evaluation,FOODS_3_090,FOODS_3,FOODS,CA_1,d_192,0,2011-08-08,11128,Monday,8,2011,0.0,0.0,0.0,0.0,0.0,0.0
FOODS_3_090_CA_1_evaluation,FOODS_3_090,FOODS_3,FOODS,CA_1,d_193,0,2011-08-09,11128,Tuesday,8,2011,0.0,0.0,0.0,0.0,0.0,0.0
FOODS_3_090_CA_1_evaluation,FOODS_3_090,FOODS_3,FOODS,CA_1,d_194,0,2011-08-10,11128,Wednesday,8,2011,0.0,0.0,0.0,0.0,0.0,0.0
FOODS_3_090_CA_1_evaluation,FOODS_3_090,FOODS_3,FOODS,CA_1,d_195,0,2011-08-11,11128,Thursday,8,2011,0.0,0.0,0.0,0.0,0.0,0.0
FOODS_3_090_CA_1_evaluation,FOODS_3_090,FOODS_3,FOODS,CA_1,d_196,0,2011-08-12,11128,Friday,8,2011,0.0,0.0,0.0,0.0,0.0,0.0
FOODS_3_090_CA_1_evaluation,FOODS_3_090,FOODS_3,FOODS,CA_1,d_197,0,2011-08-13,11129,Saturday,8,2011,0.0,0.0,0.0,0.0,0.0,0.0
FOODS_3_090_CA_1_evaluation,FOODS_3_090,FOODS_3,FOODS,CA_1,d_198,0,2011-08-14,11129,Sunday,8,2011,0.0,0.0,0.0,0.0,0.0,0.0
FOODS_3_090_CA_1_evaluation,FOODS_3_090,FOODS_3,FOODS,CA_1,d_199,0,2011-08-15,11129,Monday,8,2011,0.0,0.0,0.0,0.0,0.0,0.0
FOODS_3_090_CA_1_evaluation,FOODS_3_090,FOODS_3,FOODS,CA_1,d_200,0,2011-08-16,11129,Tuesday,8,2011,0.0,0.0,0.0,0.0,0.0,0.0
FOODS_3_090_CA_1_evaluation,FOODS_3_090,FOODS_3,FOODS,CA_1,d_201,0,2011-08-17,11129,Wednesday,8,2011,0.0,0.0,0.0,0.0,0.0,0.0
FOODS_3_090_CA_1_evaluation,FOODS_3_090,FOODS_3,FOODS,CA_1,d_202,0,2011-08-18,11129,Thursday,8,2011,0.0,0.0,0.0,0.0,0.0,0.0
FOODS_3_090_CA_1_evaluation,FOODS_3_090,FOODS_3,FOODS,CA_1,d_203,0,2011-08-19,11129,Friday,8,2011,0.0,0.0,0.0,0.0,0.0,0.0
FOODS_3_090_CA_1_evaluation,FOODS_3_090,FOODS_3,FOODS,CA_1,d_204,0,2011-08-20,11130,Saturday,8,2011,0.0,0.0,0.0,0.0,0.0,0.0
FOODS_3_090_CA_1_evaluation,FOODS_3_090,FOODS_3,FOODS,CA_1,d_205,0,2011-08-21,11130,Sunday,8,2011,0.0,0.0,0.0,0.0,0.0,0.0
FOODS_3_090_CA_1_evaluation,FOODS_3_090,FOODS_3,FOODS,CA_1,d_206,0,2011-08-22,11130,Monday,8,2011,0.0,0.0,0.0,0.0,0.0,0.0
FOODS_3_090_CA_1_evaluation,FOODS_3_090,FOODS_3,FOODS,CA_1,d_207,0,2011-08-23,11130,Tuesday,8,2011,0.0,0.0,0.0,0.0,0.0,0.0
FOODS_3_090_CA_1_evaluation,FOODS_3_090,FOODS_3,FOODS,CA_1,d_208,0,2011-08-24,11130,Wednesday,8,2011,0.0,0.0,0.0,0.0,0.0,0.0
FOODS_3_090_CA_1_evaluation,FOODS_3_090,FOODS_3,FOODS,CA_1,d_209,0,2011-08-25,11130,Thursday,8,2011,0.0,0.0,0.0,0.0,0.0,0.0
FOODS_3_090_CA_1_evaluation,FOODS_3_090,FOODS_3,FOODS,CA_1,d_210,0,2011-08-26,11130,Friday,8,2011,0.0,0.0,0.0,0.0,0.0,0.0
FOODS_3_090_CA_1_evaluation,FOODS_3_090,FOODS_3,FOODS,CA_1,d_211,0,2011-08-27,11131,Saturday,8,2011,0.0,0.0,0.0,0.0,0.0,0.0
FOODS_3_090_CA_1_evaluation,FOODS_3_090,FOODS_3,FOODS,CA_1,d_212,0,2011-08-28,11131,Sunday,8,2011,0.0,0.0,0.0,0.0,0.0,0.0
FOODS_3_090_CA_1_evaluation,FOODS_3_090,FOODS_3,FOODS,CA_1,d_213,0,2011-08-29,11131,Monday,8,2011,0.0,0.0,0.0,0.0,0.0,0.0
FOODS_3_090_CA_1_evaluation,FOODS_3_090,FOODS_3,FOODS,CA_1,d_214,0,2011-08-30,11131,Tuesday,8,2011,0.0,0.0,0.0,0.0,0.0,0.0
FOODS_3_090_CA_1_evaluation,FOODS_3_090,FOODS_3,FOODS,CA_1,d_215,0,2011-08-31,11131,Wednesday,8,2011,0.0,0.0,0.0,0.0,0.0,0.0
FOODS_3_090_CA_1_evaluation,FOODS_3_090,FOODS_3,FOODS,CA_1,d_216,0,2011-09-01,11131,Thursday,9,2011,0.0,0.0,0.0,0.0,0.0,0.0
FOODS_3_090_CA_1_evaluation,FOODS_3_090,FOODS_3,FOODS,CA_1,d_217,0,2011-09-02,11131,Friday,9,2011,0.0,0.0,0.0,0.0,0.0,0.0
FOODS_3_090_CA_1_evaluation,FOODS_3_090,FOODS_3,FOODS,CA_1,d_218,0,2011-09-03,11132,Saturday,9,2011,0.0,0.0,0.0,0.0,0.0,0.0
FOODS_3_090_CA_1_evaluation,FOODS_3_090,FOODS_3,FOODS,CA_1,d_219,0,2011-09-04,11132,Sunday,9,2011,0.0,0.0,0.0,0.0,0.0,0.0
FOODS_3_090_CA_1_evaluation,FOODS_3_090,FOODS_3,FOODS,CA_1,d_220,0,2011-09-05,11132,Monday,9,2011,0.0,0.0,0.0,0.0,0.0,0.0
FOODS_3_090_CA_1_evaluation,FOODS_3_090,FOODS_3,FOODS,CA_1,d_221,0,2011-09-06,11132,Tuesday,9,2011,0.0,0.0,0.0,0.0,0.0,0.0
FOODS_3_090_CA_1_evaluation,FOODS_3_090,FOODS_3,FOODS,CA_1,d_222,0,2011-09-07,11132,Wednesday,9,2011,0.0,0.0,0.0,0.0,0.0,0.0
FOODS_3_090_CA_1_evaluation,FOODS_3_090,FOODS_3,FOODS,CA_1,d_223,0,2011-09-08,11132,Thursday,9,2011,0.0,0.0,0.0,0.0,0.0,0.0
FOODS_3_090_CA_1_evaluation,FOODS_3_090,FOODS_3,FOODS,CA_1,d_224,0,2011-09-09,11132,Friday,9,2011,0.0,0.0,0.0,0.0,0.0,0.0
FOODS_3_090_CA_1_evaluation,FOODS_3_090,FOODS_3,FOODS,CA_1,d_225,0,2011-09-10,11133,Saturday,9,2011,0.0,0.0,0.0,0.0,0.0,0.0
FOODS_3_090_CA_1_evaluation,FOODS_3_090,FOODS_3,FOODS,CA_1,d_226,0,2011-09-11,11133,Sunday,9,2011,0.0,0.0,0.0,0.0,0.0,0.0
FOODS_3_090_CA_1_evaluation,FOODS_3_090,FOODS_3,FOODS,CA_1,d_227,0,2011-09-12,11133,Monday,9,2011,0.0,0.0,0.0,0.0,0.0,0.0
FOODS_3_090_CA_1_evaluation,FOODS_3_090,FOODS_3,FOODS,CA_1,d_228,0,2011-09-13,11133,Tuesday,9,2011,0.0,0.0,0.0,0.0,0.0,0.0
FOODS_3_090_CA_1_evaluation,FOODS_3_090,FOODS_3,FOODS,CA_1,d_229,0,2011-09-14,11133,Wednesday,9,2011,0.0,0.0,0.0,0.0,0.0,0.0
FOODS_3_090_CA_1_evaluation,FOODS_3_090,FOODS_3,FOODS,CA_1,d_230,0,2011-09-15,11133,Thursday,9,2011,0.0,0.0,0.0,0.0,0.0,0.0
FOODS_3_090_CA_1_evaluation,FOODS_3_090,FOODS_3,FOODS,CA_1,d_231,0,2011-09-16,11133,Friday,9,2011,0.0,0.0,0.0,0.0,0.0,0.0
FOODS_3_090_CA_1_evaluation,FOODS_3_090,FOODS_3,FOODS,CA_1,d_232,0,2011-09-17,11134,Saturday,9,2011,0.0,0.0,0.0,0.0,0.0,0.0
FOODS_3_090_CA_1_evaluation,FOODS_3_090,FOODS_3,FOODS,CA_1,d_233,0,2011-09-18,11134,Sunday,9,2011,0.0,0.0,0.0,0.0,0.0,0.0
FOODS_3_090_CA_1_evaluation,FOODS_3_090,FOODS_3,FOODS,CA_1,d_234,0,2011-09-19,11134,Monday,9,2011,0.0,0.0,0.0,0.0,0.0,0.0
FOODS_3_090_CA_1_evaluation,FOODS_3_090,FOODS_3,FOODS,CA_1,d_235,0,2011-09-20,11134,Tuesday,9,2011,0.0,0.0,0.0,0.0,0.0,0.0
FOODS_3_090_CA_1_evaluation,FOODS_3_090,FOODS_3,FOODS,CA_1,d_236,0,2011-09-21,11134,Wednesday,9,2011,0.0,0.0,0.0,0.0,0.0,0.0
FOODS_3_090_CA_1_evaluation,FOODS_3_090,FOODS_3,FOODS,CA_1,d_237,0,2011-09-22,11134,Thursday,9,2011,0.0,0.0,0.0,0.0,0.0,0.0
FOODS_3_090_CA_1_evaluation,FOODS_3_090,FOODS_3,FOODS,CA_1,d_238,145,2011-09-23,11134,Friday,9,2011,0.0,0.0,0.0,0.0,0.0,0.0
FOODS_3_090_CA_1_evaluation,FOODS_3_090,FOODS_3,FOODS,CA_1,d_239,126,2011-09-24,11135,Saturday,9,2011,145.0,0.0,0.0,0.0,20.714285714285715,4.833333333333333
FOODS_3_090_CA_1_evaluation,FOODS_3_090,FOODS_3,FOODS,CA_1,d_240,100,2011-09-25,11135,Sunday,9,2011,126.0,0.0,0.0,0.0,38.714285714285715,9.033333333333333
FOODS_3_090_CA_1_evaluation,FOODS_3_090,FOODS_3,FOODS,CA_1,d_241,106,2011-09-26,11135,Monday,9,2011,100.0,0.0,0.0,0.0,53.0,12.366666666666667
FOODS_3_090_CA_1_evaluation,FOODS_3_090,FOODS_3,FOODS,CA_1,d_242,80,2011-09-27,11135,Tuesday,9,2011,106.0,0.0,0.0,0.0,68.14285714285714,15.9
FOODS_3_090_CA_1_evaluation,FOODS_3_090,FOODS_3,FOODS,CA_1,d_243,130,2011-09-28,11135,Wednesday,9,2011,80.0,0.0,0.0,0.0,79.57142857142857,18.566666666666666
FOODS_3_090_CA_1_evaluation,FOODS_3_090,FOODS_3,FOODS,CA_1,d_244,60,2011-09-29,11135,Thursday,9,2011,130.0,0.0,0.0,0.0,98.14285714285714,22.9
FOODS_3_090_CA_1_evaluation,FOODS_3_090,FOODS_3,FOODS,CA_1,d_245,156,2011-09-30,11135,Friday,9,2011,60.0,145.0,0.0,0.0,106.71428571428571,24.9
FOODS_3_090_CA_1_evaluation,FOODS_3_090,FOODS_3,FOODS,CA_1,d_246,202,2011-10-01,11136,Saturday,10,2011,156.0,126.0,0.0,0.0,108.28571428571429,30.1
FOODS_3_090_CA_1_evaluation,FOODS_3_090,FOODS_3,FOODS,CA_1,d_247,26,2011-10-02,11136,Sunday,10,2011,202.0,100.0,0.0,0.0,119.14285714285714,36.833333333333336
FOODS_3_090_CA_1_evaluation,FOODS_3_090,FOODS_3,FOODS,CA_1,d_248,51,2011-10-03,11136,Monday,10,2011,26.0,106.0,0.0,0.0,108.57142857142857,37.7
FOODS_3_090_CA_1_evaluation,FOODS_3_090,FOODS_3,FOODS,CA_1,d_249,124,2011-10-04,11136,Tuesday,10,2011,51.0,80.0,0.0,0.0,100.71428571428571,39.4
FOODS_3_090_CA_1_evaluation,FOODS_3_090,FOODS_3,FOODS,CA_1,d_250,133,2011-10-05,11136,Wednesday,10,2011,124.0,130.0,0.0,0.0,107.0,43.53333333333333
FOODS_3_090_CA_1_evaluation,FOODS_3_090,FOODS_3,FOODS,CA_1,d_251,44,2011-10-06,11136,Thursday,10,2011,133.0,60.0,0.0,0.0,107.42857142857143,47.96666666666667
FOODS_3_090_CA_1_evaluation,FOODS_3_090,FOODS_3,FOODS,CA_1,d_252,128,2011-10-07,11136,Friday,10,2011,44.0,156.0,145.0,0.0,105.14285714285714,49.43333333333333
FOODS_3_090_CA_1_evaluation,FOODS_3_090,FOODS_3,FOODS,CA_1,d_253,168,2011-10-08,11137,Saturday,10,2011,128.0,202.0,126.0,0.0,101.14285714285714,53.7
FOODS_3_090_CA_1_evaluation,FOODS_3_090,FOODS_3,FOODS,CA_1,d_254,146,2011-10-09,11137,Sunday,10,2011,168.0,26.0,100.0,0.0,96.28571428571429,59.3
FOODS_3_090_CA_1_evaluation,FOODS_3_090,FOODS_3,FOODS,CA_1,d_255,51,2011-10-10,11137,Monday,10,2011,146.0,51.0,106.0,0.0,113.42857142857143,64.16666666666667
FOODS_3_090_CA_1_evaluation,FOODS_3_090,FOODS_3,FOODS,CA_1,d_256,176,2011-10-11,11137,Tuesday,10,2011,51.0,124.0,80.0,0.0,113.42857142857143,65.86666666666666
FOODS_3_090_CA_1_evaluation,FOODS_3_090,FOODS_3,FOODS,CA_1,d_257,96,2011-10-12,11137,Wednesday,10,2011,176.0,133.0,130.0,0.0,120.85714285714286,71.73333333333333
FOODS_3_090_CA_1_evaluation,FOODS_3_090,FOODS_3,FOODS,CA_1,d_258,100,2011-10-13,11137,Thursday,10,2011,96.0,44.0,60.0,0.0,115.57142857142857,74.93333333333334
FOODS_3_090_CA_1_evaluation,FOODS_3_090,FOODS_3,FOODS,CA_1,d_259,105,2011-10-14,11137,Friday,10,2011,100.0,128.0,156.0,0.0,123.57142857142857,78.26666666666667
FOODS_3_090_CA_1_evaluation,FOODS_3_090,FOODS_3,FOODS,CA_1,d_260,122,2011-10-15,11138,Saturday,10,2011,105.0,168.0,202.0,0.0,120.28571428571429,81.76666666666667
FOODS_3_090_CA_1_evaluation,FOODS_3_090,FOODS_3,FOODS,CA_1,d_261,112,2011-10-16,11138,Sunday,10,2011,122.0,146.0,26.0,0.0,113.71428571428571,85.83333333333333
FOODS_3_090_CA_1_evaluation,FOODS_3_090,FOODS_3,FOODS,CA_1,d_262,68,2011-10-17,11138,Monday,10,2011,112.0,51.0,51.0,0.0,108.85714285714286,89.56666666666666
FOODS_3_090_CA_1_evaluation,FOODS_3_090,FOODS_3,FOODS,CA_1,d_263,121,2011-10-18,11138,Tuesday,10,2011,68.0,176.0,124.0,0.0,111.28571428571429,91.83333333333333
FOODS_3_090_CA_1_evaluation,FOODS_3_090,FOODS_3,FOODS,CA_1,d_264,106,2011-10-19,11138,Wednesday,10,2011,121.0,96.0,133.0,0.0,103.42857142857143,95.86666666666666
FOODS_3_090_CA_1_evaluation,FOODS_3_090,FOODS_3,FOODS,CA_1,d_265,104,2011-10-20,11138,Thursday,10,2011,106.0,100.0,44.0,0.0,104.85714285714286,99.4
FOODS_3_090_CA_1_evaluation,FOODS_3_090,FOODS_3,FOODS,CA_1,d_266,270,2011-10-21,11138,Friday,10,2011,104.0,105.0,128.0,145.0,105.42857142857143,102.86666666666666
FOODS_3_090_CA_1_evaluation,FOODS_3_090,FOODS_3,FOODS,CA_1,d_267,187,2011-10-22,11139,Saturday,10,2011,270.0,122.0,168.0,126.0,129.0,111.86666666666666
FOODS_3_090_CA_1_evaluation,FOODS_3_090,FOODS_3,FOODS,CA_1,d_268,252,2011-10-23,11139,Sunday,10,2011,187.0,112.0,146.0,100.0,138.28571428571428,118.1
FOODS_3_090_CA_1_evaluation,FOODS_3_090,FOODS_3,FOODS,CA_1,d_269,138,2011-10-24,11139,Monday,10,2011,252.0,68.0,51.0,106.0,158.28571428571428,121.66666666666667
FOODS_3_090_CA_1_evaluation,FOODS_3_090,FOODS_3,FOODS,CA_1,d_270,223,2011-10-25,11139,Tuesday,10,2011,138.0,121.0,176.0,80.0,168.28571428571428,122.06666666666666
FOODS_3_090_CA_1_evaluation,FOODS_3_090,FOODS_3,FOODS,CA_1,d_271,100,2011-10-26,11139,Wednesday,10,2011,223.0,106.0,96.0,130.0,182.85714285714286,126.16666666666667
FOODS_3_090_CA_1_evaluation,FOODS_3_090,FOODS_3,FOODS,CA_1,d_272,141,2011-10-27,11139,Thursday,10,2011,100.0,104.0,100.0,60.0,182.0,125.96666666666667
FOODS_3_090_CA_1_evaluation,FOODS_3_090,FOODS_3,FOODS,CA_1,d_273,134,2011-10-28,11139,Friday,10,2011,141.0,270.0,105.0,156.0,187.28571428571428,128.0
FOODS_3_090_CA_1_evaluation,FOODS_3_090,FOODS_3,FOODS,CA_1,d_274,254,2011-10-29,11140,Saturday,10,2011,134.0,187.0,122.0,202.0,167.85714285714286,128.13333333333333
FOODS_3_090_CA_1_evaluation,FOODS_3_090,FOODS_3,FOODS,CA_1,d_275,225,2011-10-30,11140,Sunday,10,2011,254.0,252.0,112.0,26.0,177.42857142857142,134.6
FOODS_3_090_CA_1_evaluation,FOODS_3_090,FOODS_3,FOODS,CA_1,d_276,132,2011-10-31,11140,Monday,10,2011,225.0,138.0,68.0,51.0,173.57142857142858,136.9
FOODS_3_090_CA_1_evaluation,FOODS_3_090,FOODS_3,FOODS,CA_1,d_277,215,2011-11-01,11140,Tuesday,11,2011,132.0,223.0,121.0,124.0,172.71428571428572,134.56666666666666
FOODS_3_090_CA_1_evaluation,FOODS_3_090,FOODS_3,FOODS,CA_1,d_278,128,2011-11-02,11140,Wednesday,11,2011,215.0,100.0,106.0,133.0,171.57142857142858,140.86666666666667
FOODS_3_090_CA_1_evaluation,FOODS_3_090,FOODS_3,FOODS,CA_1,d_279,100,2011-11-03,11140,Thursday,11,2011,128.0,141.0,104.0,44.0,175.57142857142858,143.43333333333334
FOODS_3_090_CA_1_evaluation,FOODS_3_090,FOODS_3,FOODS,CA_1,d_280,120,2011-11-04,11140,Friday,11,2011,100.0,134.0,270.0,128.0,169.71428571428572,142.63333333333333
FOODS_3_090_CA_1_evaluation,FOODS_3_090,FOODS_3,FOODS,CA_1,d_281,143,2011-11-05,11141,Saturday,11,2011,120.0,254.0,187.0,168.0,167.71428571428572,142.2
FOODS_3_090_CA_1_evaluation,FOODS_3_090,FOODS_3,FOODS,CA_1,d_282,150,2011-11-06,11141,Sunday,11,2011,143.0,225.0,252.0,146.0,151.85714285714286,145.5
FOODS_3_090_CA_1_evaluation,FOODS_3_090,FOODS_3,FOODS,CA_1,d_283,82,2011-11-07,11141,Monday,11,2011,150.0,132.0,138.0,51.0,141.14285714285714,146.23333333333332
FOODS_3_090_CA_1_evaluation,FOODS_3_090,FOODS_3,FOODS,CA_1,d_284,101,2011-11-08,11141,Tuesday,11,2011,82.0,215.0,223.0,176.0,134.0,143.36666666666667
FOODS_3_090_CA_1_evaluation,FOODS_3_090,FOODS_3,FOODS,CA_1,d_285,157,2011-11-09,11141,Wednesday,11,2011,101.0,128.0,100.0,96.0,117.71428571428571,141.86666666666667
FOODS_3_090_CA_1_evaluation,FOODS_3_090,FOODS_3,FOODS,CA_1,d_286,146,2011-11-10,11141,Thursday,11,2011,157.0,100.0,141.0,100.0,121.85714285714286,145.4
FOODS_3_090_CA_1_evaluation,FOODS_3_090,FOODS_3,FOODS,CA_1,d_287,166,2011-11-11,11141,Friday,11,2011,146.0,120.0,134.0,105.0,128.42857142857142,144.4
FOODS_3_090_CA_1_evaluation,FOODS_3_090,FOODS_3,FOODS,CA_1,d_288,178,2011-11-12,11142,Saturday,11,2011,166.0,143.0,254.0,122.0,135.0,146.73333333333332
FOODS_3_090_CA_1_evaluation,FOODS_3_090,FOODS_3,FOODS,CA_1,d_289,212,2011-11-13,11142,Sunday,11,2011,178.0,150.0,225.0,112.0,140.0,149.33333333333334
FOODS_3_090_CA_1_evaluation,FOODS_3_090,FOODS_3,FOODS,CA_1,d_290,156,2011-11-14,11142,Monday,11,2011,212.0,82.0,132.0,68.0,148.85714285714286,152.9
FOODS_3_090_CA_1_evaluation,FOODS_3_090,FOODS_3,FOODS,CA_1,d_291,114,2011-11-15,11142,Tuesday,11,2011,156.0,101.0,215.0,121.0,159.42857142857142,154.03333333333333
FOODS_3_090_CA_1_evaluation,FOODS_3_090,FOODS_3,FOODS,CA_1,d_292,54,2011-11-16,11142,Wednesday,11,2011,114.0,157.0,128.0,106.0,161.28571428571428,154.1
FOODS_3_090_CA_1_evaluation,FOODS_3_090,FOODS_3,FOODS,CA_1,d_293,130,2011-11-17,11142,Thursday,11,2011,54.0,146.0,100.0,104.0,146.57142857142858,153.63333333333333
FOODS_3_090_CA_1_evaluation,FOODS_3_090,FOODS_3,FOODS,CA_1,d_294,145,2011-11-18,11142,Friday,11,2011,130.0,166.0,120.0,270.0,144.28571428571428,153.93333333333334
FOODS_3_090_CA_1_evaluation,FOODS_3_090,FOODS_3,FOODS,CA_1,d_295,211,2011-11-19,11143,Saturday,11,2011,145.0,178.0,143.0,187.0,141.28571428571428,155.23333333333332
FOODS_3_090_CA_1_evaluation,FOODS_3_090,FOODS_3,FOODS,CA_1,d_296,170,2011-11-20,11143,Sunday,11,2011,211.0,212.0,150.0,252.0,146.0,158.8
FOODS_3_090_CA_1_evaluation,FOODS_3_090,FOODS_3,FOODS,CA_1,d_297,38,2011-11-21,11143,Monday,11,2011,170.0,156.0,82.0,138.0,140.0,155.46666666666667
FOODS_3_090_CA_1_evaluation,FOODS_3_090,FOODS_3,FOODS,CA_1,d_298,193,2011-11-22,11143,Tuesday,11,2011,38.0,114.0,101.0,223.0,123.14285714285714,150.5
FOODS_3_090_CA_1_evaluation,FOODS_3_090,FOODS_3,FOODS,CA_1,d_299,322,2011-11-23,11143,Wednesday,11,2011,193.0,54.0,157.0,100.0,134.42857142857142,148.53333333333333
FOODS_3_090_CA_1_evaluation,FOODS_3_090,FOODS_3,FOODS,CA_1,d_300,180,2011-11-24,11143,Thursday,11,2011,322.0,130.0,146.0,141.0,172.71428571428572,154.66666666666666
FOODS_3_090_CA_1_evaluation,FOODS_3_090,FOODS_3,FOODS,CA_1,d_301,104,2011-11-25,11143,Friday,11,2011,180.0,145.0,166.0,134.0,179.85714285714286,153.23333333333332
FOODS_3_090_CA_1_evaluation,FOODS_3_090,FOODS_3,FOODS,CA_1,d_302,129,2011-11-26,11144,Saturday,11,2011,104.0,211.0,178.0,254.0,174.0,153.36666666666667
FOODS_3_090_CA_1_evaluation,FOODS_3_090,FOODS_3,FOODS,CA_1,d_303,128,2011-11-27,11144,Sunday,11,2011,129.0,170.0,212.0,225.0,162.28571428571428,152.96666666666667
FOODS_3_090_CA_1_evaluation,FOODS_3_090,FOODS_3,FOODS,CA_1,d_304,78,2011-11-28,11144,Monday,11,2011,128.0,38.0,156.0,132.0,156.28571428571428,152.76666666666668
FOODS_3_090_CA_1_evaluation,FOODS_3_090,FOODS_3,FOODS,CA_1,d_305,81,2011-11-29,11144,Tuesday,11,2011,78.0,193.0,114.0,215.0,162.0,146.9
FOODS_3_090_CA_1_evaluation,FOODS_3_090,FOODS_3,FOODS,CA_1,d_306,120,2011-11-30,11144,Wednesday,11,2011,81.0,322.0,54.0,128.0,146.0,142.1
FOODS_3_090_CA_1_evaluation,FOODS_3_090,FOODS_3,FOODS,CA_1,d_307,63,2011-12-01,11144,Thursday,12,2011,120.0,180.0,130.0,100.0,117.14285714285714,141.7
FOODS_3_090_CA_1_evaluation,FOODS_3_090,FOODS_3,FOODS,CA_1,d_308,130,2011-12-02,11144,Friday,12,2011,63.0,104.0,145.0,120.0,100.42857142857143,136.63333333333333
FOODS_3_090_CA_1_evaluation,FOODS_3_090,FOODS_3,FOODS,CA_1,d_309,159,2011-12-03,11145,Saturday,12,2011,130.0,129.0,211.0,143.0,104.14285714285714,136.7
FOODS_3_090_CA_1_evaluation,FOODS_3_090,FOODS_3,FOODS,CA_1,d_310,143,2011-12-04,11145,Sunday,12,2011,159.0,128.0,170.0,150.0,108.42857142857143,138.66666666666666
FOODS_3_090_CA_1_evaluation,FOODS_3_090,FOODS_3,FOODS,CA_1,d_311,91,2011-12-05,11145,Monday,12,2011,143.0,78.0,38.0,82.0,110.57142857142857,139.43333333333334
FOODS_3_090_CA_1_evaluation,FOODS_3_090,FOODS_3,FOODS,CA_1,d_312,67,2011-12-06,11145,Tuesday,12,2011,91.0,81.0,193.0,101.0,112.42857142857143,137.7
FOODS_3_090_CA_1_evaluation,FOODS_3_090,FOODS_3,FOODS,CA_1,d_313,100,2011-12-07,11145,Wednesday,12,2011,67.0,120.0,322.0,157.0,110.42857142857143,134.93333333333334
FOODS_3_090_CA_1_evaluation,FOODS_3_090,FOODS_3,FOODS,CA_1,d_314,97,2011-12-08,11145,Thursday,12,2011,100.0,63.0,180.0,146.0,107.57142857142857,135.53333333333333
FOODS_3_090_CA_1_evaluation,FOODS_3_090,FOODS_3,FOODS,CA_1,d_315,107,2011-12-09,11145,Friday,12,2011,97.0,130.0,104.0,166.0,112.42857142857143,135.4
FOODS_3_090_CA_1_evaluation,FOODS_3_090,FOODS_3,FOODS,CA_1,d_316,174,2011-12-10,11146,Saturday,12,2011,107.0,159.0,129.0,178.0,109.14285714285714,133.73333333333332
FOODS_3_090_CA_1_evaluation,FOODS_3_090,FOODS_3,FOODS,CA_1,d_317,159,2011-12-11,11146,Sunday,12,2011,174.0,143.0,128.0,212.0,111.28571428571429,134.66666666666666
FOODS_3_090_CA_1_evaluation,FOODS_3_090,FOODS_3,FOODS,CA_1,d_318,61,2011-12-12,11146,Monday,12,2011,159.0,91.0,78.0,156.0,113.57142857142857,134.43333333333334
FOODS_3_090_CA_1_evaluation,FOODS_3_090,FOODS_3,FOODS,CA_1,d_319,47,2011-12-13,11146,Tuesday,12,2011,61.0,67.0,81.0,114.0,109.28571428571429,130.53333333333333
FOODS_3_090_CA_1_evaluation,FOODS_3_090,FOODS_3,FOODS,CA_1,d_320,118,2011-12-14,11146,Wednesday,12,2011,47.0,100.0,120.0,54.0,106.42857142857143,125.03333333333333
FOODS_3_090_CA_1_evaluation,FOODS_3_090,FOODS_3,FOODS,CA_1,d_321,133,2011-12-15,11146,Thursday,12,2011,118.0,97.0,63.0,130.0,109.0,123.76666666666667
FOODS_3_090_CA_1_evaluation,FOODS_3_090,FOODS_3,FOODS,CA_1,d_322,146,2011-12-16,11146,Friday,12,2011,133.0,107.0,130.0,145.0,114.14285714285714,124.4
FOODS_3_090_CA_1_evaluation,FOODS_3_090,FOODS_3,FOODS,CA_1,d_323,154,2011-12-17,11147,Saturday,12,2011,146.0,174.0,159.0,211.0,119.71428571428571,127.46666666666667
FOODS_3_090_CA_1_evaluation,FOODS_3_090,FOODS_3,FOODS,CA_1,d_324,116,2011-12-18,11147,Sunday,12,2011,154.0,159.0,143.0,170.0,116.85714285714286,128.26666666666668
FOODS_3_090_CA_1_evaluation,FOODS_3_090,FOODS_3,FOODS,CA_1,d_325,92,2011-12-19,11147,Monday,12,2011,116.0,61.0,91.0,38.0,110.71428571428571,127.3
FOODS_3_090_CA_1_evaluation,FOODS_3_090,FOODS_3,FOODS,CA_1,d_326,102,2011-12-20,11147,Tuesday,12,2011,92.0,47.0,67.0,193.0,115.14285714285714,123.33333333333333
FOODS_3_090_CA_1_evaluation,FOODS_3_090,FOODS_3,FOODS,CA_1,d_327,145,2011-12-21,11147,Wednesday,12,2011,102.0,118.0,100.0,322.0,123.0,121.06666666666666
FOODS_3_090_CA_1_evaluation,FOODS_3_090,FOODS_3,FOODS,CA_1,d_328,178,2011-12-22,11147,Thursday,12,2011,145.0,133.0,97.0,180.0,126.85714285714286,124.63333333333334
FOODS_3_090_CA_1_evaluation,FOODS_3_090,FOODS_3,FOODS,CA_1,d_329,213,2011-12-23,11147,Friday,12,2011,178.0,146.0,107.0,104.0,133.28571428571428,124.13333333333334
FOODS_3_090_CA_1_evaluation,FOODS_3_090,FOODS_3,FOODS,CA_1,d_330,271,2011-12-24,11148,Saturday,12,2011,213.0,154.0,174.0,129.0,142.85714285714286,120.5
FOODS_3_090_CA_1_evaluation,FOODS_3_090,FOODS_3,FOODS,CA_1,d_331,0,2011-12-25,11148,Sunday,12,2011,271.0,116.0,159.0,128.0,159.57142857142858,123.53333333333333
FOODS_3_090_CA_1_evaluation,FOODS_3_090,FOODS_3,FOODS,CA_1,d_332,121,2011-12-26,11148,Monday,12,2011,0.0,92.0,61.0,78.0,143.0,120.06666666666666
FOODS_3_090_CA_1_evaluation,FOODS_3_090,FOODS_3,FOODS,CA_1,d_333,70,2011-12-27,11148,Tuesday,12,2011,121.0,102.0,47.0,81.0,147.14285714285714,119.8
FOODS_3_090_CA_1_evaluation,FOODS_3_090,FOODS_3,FOODS,CA_1,d_334,137,2011-12-28,11148,Wednesday,12,2011,70.0,145.0,118.0,120.0,142.57142857142858,117.86666666666666
FOODS_3_090_CA_1_evaluation,FOODS_3_090,FOODS_3,FOODS,CA_1,d_335,123,2011-12-29,11148,Thursday,12,2011,137.0,178.0,133.0,63.0,141.42857142857142,119.83333333333333
FOODS_3_090_CA_1_evaluation,FOODS_3_090,FOODS_3,FOODS,CA_1,d_336,216,2011-12-30,11148,Friday,12,2011,123.0,213.0,146.0,130.0,133.57142857142858,121.23333333333333
FOODS_3_090_CA_1_evaluation,FOODS_3_090,FOODS_3,FOODS,CA_1,d_337,206,2011-12-31,11149,Saturday,12,2011,216.0,271.0,154.0,159.0,134.0,124.43333333333334
FOODS_3_090_CA_1_evaluation,FOODS_3_090,FOODS_3,FOODS,CA_1,d_338,56,2012-01-01,11149,Sunday,1,2012,206.0,0.0,116.0,143.0,124.71428571428571,129.2
FOODS_3_090_CA_1_evaluation,FOODS_3_090,FOODS_3,FOODS,CA_1,d_339,57,2012-01-02,11149,Monday,1,2012,56.0,121.0,92.0,91.0,132.71428571428572,126.73333333333333
FOODS_3_090_CA_1_evaluation,FOODS_3_090,FOODS_3,FOODS,CA_1,d_340,76,2012-01-03,11149,Tuesday,1,2012,57.0,70.0,102.0,67.0,123.57142857142857,123.33333333333333
FOODS_3_090_CA_1_evaluation,FOODS_3_090,FOODS_3,FOODS,CA_1,d_341,44,2012-01-04,11149,Wednesday,1,2012,76.0,137.0,145.0,100.0,124.42857142857143,121.1
FOODS_3_090_CA_1_evaluation,FOODS_3_090,FOODS_3,FOODS,CA_1,d_342,108,2012-01-05,11149,Thursday,1,2012,44.0,123.0,178.0,97.0,111.14285714285714,119.53333333333333
FOODS_3_090_CA_1_evaluation,FOODS_3_090,FOODS_3,FOODS,CA_1,d_343,103,2012-01-06,11149,Friday,1,2012,108.0,216.0,213.0,107.0,109.0,120.9
FOODS_3_090_CA_1_evaluation,FOODS_3_090,FOODS_3,FOODS,CA_1,d_344,121,2012-01-07,11150,Saturday,1,2012,103.0,206.0,271.0,174.0,92.85714285714286,121.0
FOODS_3_090_CA_1_evaluation,FOODS_3_090,FOODS_3,FOODS,CA_1,d_345,186,2012-01-08,11150,Sunday,1,2012,121.0,56.0,0.0,159.0,80.71428571428571,121.8
FOODS_3_090_CA_1_evaluation,FOODS_3_090,FOODS_3,FOODS,CA_1,d_346,52,2012-01-09,11150,Monday,1,2012,186.0,57.0,121.0,61.0,99.28571428571429,124.43333333333334
FOODS_3_090_CA_1_evaluation,FOODS_3_090,FOODS_3,FOODS,CA_1,d_347,52,2012-01-10,11150,Tuesday,1,2012,52.0,76.0,70.0,47.0,98.57142857142857,120.36666666666666
FOODS_3_090_CA_1_evaluation,FOODS_3_090,FOODS_3,FOODS,CA_1,d_348,94,2012-01-11,11150,Wednesday,1,2012,52.0,44.0,137.0,118.0,95.14285714285714,116.8
FOODS_3_090_CA_1_evaluation,FOODS_3_090,FOODS_3,FOODS,CA_1,d_349,65,2012-01-12,11150,Thursday,1,2012,94.0,108.0,123.0,133.0,102.28571428571429,117.9
FOODS_3_090_CA_1_evaluation,FOODS_3_090,FOODS_3,FOODS,CA_1,d_350,98,2012-01-13,11150,Friday,1,2012,65.0,103.0,216.0,146.0,96.14285714285714,118.5
FOODS_3_090_CA_1_evaluation,FOODS_3_090,FOODS_3,FOODS,CA_1,d_351,186,2012-01-14,11151,Saturday,1,2012,98.0,121.0,206.0,154.0,95.42857142857143,117.83333333333333
FOODS_3_090_CA_1_evaluation,FOODS_3_090,FOODS_3,FOODS,CA_1,d_352,117,2012-01-15,11151,Sunday,1,2012,186.0,186.0,56.0,116.0,104.71428571428571,119.6
FOODS_3_090_CA_1_evaluation,FOODS_3_090,FOODS_3,FOODS,CA_1,d_353,83,2012-01-16,11151,Monday,1,2012,117.0,52.0,57.0,92.0,94.85714285714286,118.63333333333334
FOODS_3_090_CA_1_evaluation,FOODS_3_090,FOODS_3,FOODS,CA_1,d_354,84,2012-01-17,11151,Tuesday,1,2012,83.0,52.0,76.0,102.0,99.28571428571429,116.26666666666667
FOODS_3_090_CA_1_evaluation,FOODS_3_090,FOODS_3,FOODS,CA_1,d_355,69,2012-01-18,11151,Wednesday,1,2012,84.0,94.0,44.0,145.0,103.85714285714286,115.2
FOODS_3_090_CA_1_evaluation,FOODS_3_090,FOODS_3,FOODS,CA_1,d_356,51,2012-01-19,11151,Thursday,1,2012,69.0,65.0,108.0,178.0,100.28571428571429,114.43333333333334
FOODS_3_090_CA_1_evaluation,FOODS_3_090,FOODS_3,FOODS,CA_1,d_357,129,2012-01-20,11151,Friday,1,2012,51.0,98.0,103.0,213.0,98.28571428571429,112.73333333333333
FOODS_3_090_CA_1_evaluation,FOODS_3_090,FOODS_3,FOODS,CA_1,d_358,158,2012-01-21,11152,Saturday,1,2012,129.0,186.0,121.0,271.0,102.71428571428571,112.2
FOODS_3_090_CA_1_evaluation,FOODS_3_090,FOODS_3,FOODS,CA_1,d_359,126,2012-01-22,11152,Sunday,1,2012,158.0,117.0,186.0,0.0,98.71428571428571,111.53333333333333
FOODS_3_090_CA_1_evaluation,FOODS_3_090,FOODS_3,FOODS,CA_1,d_360,50,2012-01-23,11152,Monday,1,2012,126.0,83.0,52.0,121.0,100.0,108.63333333333334
FOODS_3_090_CA_1_evaluation,FOODS_3_090,FOODS_3,FOODS,CA_1,d_361,100,2012-01-24,11152,Tuesday,1,2012,50.0,84.0,52.0,70.0,95.28571428571429,101.26666666666667
FOODS_3_090_CA_1_evaluation,FOODS_3_090,FOODS_3,FOODS,CA_1,d_362,79,2012-01-25,11152,Wednesday,1,2012,100.0,69.0,94.0,137.0,97.57142857142857,104.6
FOODS_3_090_CA_1_evaluation,FOODS_3_090,FOODS_3,FOODS,CA_1,d_363,56,2012-01-26,11152,Thursday,1,2012,79.0,51.0,65.0,123.0,99.0,103.2
FOODS_3_090_CA_1_evaluation,FOODS_3_090,FOODS_3,FOODS,CA_1,d_364,120,2012-01-27,11152,Friday,1,2012,56.0,129.0,98.0,216.0,99.71428571428571,102.73333333333333
FOODS_3_090_CA_1_evaluation,FOODS_3_090,FOODS_3,FOODS,CA_1,d_365,82,2012-01-28,11201,Saturday,1,2012,120.0,158.0,186.0,206.0,98.42857142857143,102.16666666666667
FOODS_3_090_CA_1_evaluation,FOODS_3_090,FOODS_3,FOODS,CA_1,d_366,97,2012-01-29,11201,Sunday,1,2012,82.0,126.0,117.0,56.0,87.57142857142857,100.8
FOODS_3_090_CA_1_evaluation,FOODS_3_090,FOODS_3,FOODS,CA_1,d_367,124,2012-01-30,11201,Monday,1,2012,97.0,50.0,83.0,57.0,83.42857142857143,96.83333333333333
FOODS_3_090_CA_1_evaluation,FOODS_3_090,FOODS_3,FOODS,CA_1,d_368,53,2012-01-31,11201,Tuesday,1,2012,124.0,100.0,84.0,76.0,94.0,94.1
FOODS_3_090_CA_1_evaluation,FOODS_3_090,FOODS_3,FOODS,CA_1,d_369,92,2012-02-01,11201,Wednesday,2,2012,53.0,79.0,69.0,44.0,87.28571428571429,94.0
FOODS_3_090_CA_1_evaluation,FOODS_3_090,FOODS_3,FOODS,CA_1,d_370,50,2012-02-02,11201,Thursday,2,2012,92.0,56.0,51.0,108.0,89.14285714285714,95.16666666666667
FOODS_3_090_CA_1_evaluation,FOODS_3_090,FOODS_3,FOODS,CA_1,d_371,114,2012-02-03,11201,Friday,2,2012,50.0,120.0,129.0,103.0,88.28571428571429,94.3
FOODS_3_090_CA_1_evaluation,FOODS_3_090,FOODS_3,FOODS,CA_1,d_372,165,2012-02-04,11202,Saturday,2,2012,114.0,82.0,158.0,121.0,87.42857142857143,96.63333333333334
FOODS_3_090_CA_1_evaluation,FOODS_3_090,FOODS_3,FOODS,CA_1,d_373,115,2012-02-05,11202,Sunday,2,2012,165.0,97.0,126.0,186.0,99.28571428571429,98.53333333333333
FOODS_3_090_CA_1_evaluation,FOODS_3_090,FOODS_3,FOODS,CA_1,d_374,57,2012-02-06,11202,Monday,2,2012,115.0,124.0,50.0,52.0,101.85714285714286,98.93333333333334
FOODS_3_090_CA_1_evaluation,FOODS_3_090,FOODS_3,FOODS,CA_1,d_375,36,2012-02-07,11202,Tuesday,2,2012,57.0,53.0,100.0,52.0,92.28571428571429,96.8
FOODS_3_090_CA_1_evaluation,FOODS_3_090,FOODS_3,FOODS,CA_1,d_376,133,2012-02-08,11202,Wednesday,2,2012,36.0,92.0,79.0,94.0,89.85714285714286,91.8
FOODS_3_090_CA_1_evaluation,FOODS_3_090,FOODS_3,FOODS,CA_1,d_377,71,2012-02-09,11202,Thursday,2,2012,133.0,50.0,56.0,65.0,95.71428571428571,94.5
FOODS_3_090_CA_1_evaluation,FOODS_3_090,FOODS_3,FOODS,CA_1,d_378,122,2012-02-10,11202,Friday,2,2012,71.0,114.0,120.0,98.0,98.71428571428571,95.13333333333334
FOODS_3_090_CA_1_evaluation,FOODS_3_090,FOODS_3,FOODS,CA_1,d_379,104,2012-02-11,11203,Saturday,2,2012,122.0,165.0,82.0,186.0,99.85714285714286,96.06666666666666
FOODS_3_090_CA_1_evaluation,FOODS_3_090,FOODS_3,FOODS,CA_1,d_380,122,2012-02-12,11203,Sunday,2,2012,104.0,115.0,97.0,117.0,91.14285714285714,97.36666666666666
FOODS_3_090_CA_1_evaluation,FOODS_3_090,FOODS_3,FOODS,CA_1,d_381,69,2012-02-13,11203,Monday,2,2012,122.0,57.0,124.0,83.0,92.14285714285714,98.16666666666667
FOODS_3_090_CA_1_evaluation,FOODS_3_090,FOODS_3,FOODS,CA_1,d_382,134,2012-02-14,11203,Tuesday,2,2012,69.0,36.0,53.0,84.0,93.85714285714286,94.26666666666667
FOODS_3_090_CA_1_evaluation,FOODS_3_090,FOODS_3,FOODS,CA_1,d_383,117,2012-02-15,11203,Wednesday,2,2012,134.0,133.0,92.0,69.0,107.85714285714286,94.83333333333333
FOODS_3_090_CA_1_evaluation,FOODS_3_090,FOODS_3,FOODS,CA_1,d_384,11,2012-02-16,11203,Thursday,2,2012,117.0,71.0,50.0,51.0,105.57142857142857,95.96666666666667
FOODS_3_090_CA_1_evaluation,FOODS_3_090,FOODS_3,FOODS,CA_1,d_385,0,2012-02-17,11203,Friday,2,2012,11.0,122.0,114.0,129.0,97.0,93.53333333333333
FOODS_3_090_CA_1_evaluation,FOODS_3_090,FOODS_3,FOODS,CA_1,d_386,84,2012-02-18,11204,Saturday,2,2012,0.0,104.0,165.0,158.0,79.57142857142857,91.23333333333333
FOODS_3_090_CA_1_evaluation,FOODS_3_090,FOODS_3,FOODS,CA_1,d_387,68,2012-02-19,11204,Sunday,2,2012,84.0,122.0,115.0,126.0,76.71428571428571,92.33333333333333
FOODS_3_090_CA_1_evaluation,FOODS_3_090,FOODS_3,FOODS,CA_1,d_388,50,2012-02-20,11204,Monday,2,2012,68.0,69.0,57.0,50.0,69.0,90.3
FOODS_3_090_CA_1_evaluation,FOODS_3_090,FOODS_3,FOODS,CA_1,d_389,148,2012-02-21,11204,Tuesday,2,2012,50.0,134.0,36.0,100.0,66.28571428571429,86.7
FOODS_3_090_CA_1_evaluation,FOODS_3_090,FOODS_3,FOODS,CA_1,d_390,60,2012-02-22,11204,Wednesday,2,2012,148.0,117.0,133.0,79.0,68.28571428571429,87.43333333333334
FOODS_3_090_CA_1_evaluation,FOODS_3_090,FOODS_3,FOODS,CA_1,d_391,81,2012-02-23,11204,Thursday,2,2012,60.0,11.0,71.0,56.0,60.142857142857146,87.76666666666667
FOODS_3_090_CA_1_evaluation,FOODS_3_090,FOODS_3,FOODS,CA_1,d_392,96,2012-02-24,11204,Friday,2,2012,81.0,0.0,122.0,120.0,70.14285714285714,87.13333333333334
FOODS_3_090_CA_1_evaluation,FOODS_3_090,FOODS_3,FOODS,CA_1,d_393,88,2012-02-25,11205,Saturday,2,2012,96.0,84.0,104.0,82.0,83.85714285714286,87.7
FOODS_3_090_CA_1_evaluation,FOODS_3_090,FOODS_3,FOODS,CA_1,d_394,57,2012-02-26,11205,Sunday,2,2012,88.0,68.0,122.0,97.0,84.42857142857143,88.76666666666667
FOODS_3_090_CA_1_evaluation,FOODS_3_090,FOODS_3,FOODS,CA_1,d_395,59,2012-02-27,11205,Monday,2,2012,57.0,50.0,69.0,124.0,82.85714285714286,86.66666666666667
FOODS_3_090_CA_1_evaluation,FOODS_3_090,FOODS_3,FOODS,CA_1,d_396,61,2012-02-28,11205,Tuesday,2,2012,59.0,148.0,134.0,53.0,84.14285714285714,85.9
FOODS_3_090_CA_1_evaluation,FOODS_3_090,FOODS_3,FOODS,CA_1,d_397,99,2012-02-29,11205,Wednesday,2,2012,61.0,60.0,117.0,92.0,71.71428571428571,84.7
FOODS_3_090_CA_1_evaluation,FOODS_3_090,FOODS_3,FOODS,CA_1,d_398,77,2012-03-01,11205,Thursday,3,2012,99.0,81.0,11.0,50.0,77.28571428571429,83.86666666666666
FOODS_3_090_CA_1_evaluation,FOODS_3_090,FOODS_3,FOODS,CA_1,d_399,66,2012-03-02,11205,Friday,3,2012,77.0,96.0,0.0,114.0,76.71428571428571,84.66666666666667
FOODS_3_090_CA_1_evaluation,FOODS_3_090,FOODS_3,FOODS,CA_1,d_400,133,2012-03-03,11206,Saturday,3,2012,66.0,88.0,84.0,165.0,72.42857142857143,83.8
FOODS_3_090_CA_1_evaluation,FOODS_3_090,FOODS_3,FOODS,CA_1,d_401,129,2012-03-04,11206,Sunday,3,2012,133.0,57.0,68.0,115.0,78.85714285714286,86.56666666666666
FOODS_3_090_CA_1_evaluation,FOODS_3_090,FOODS_3,FOODS,CA_1,d_402,43,2012-03-05,11206,Monday,3,2012,129.0,59.0,50.0,57.0,89.14285714285714,87.06666666666666
FOODS_3_090_CA_1_evaluation,FOODS_3_090,FOODS_3,FOODS,CA_1,d_403,58,2012-03-06,11206,Tuesday,3,2012,43.0,61.0,148.0,36.0,86.85714285714286,83.0
FOODS_3_090_CA_1_evaluation,FOODS_3_090,FOODS_3,FOODS,CA_1,d_404,48,2012-03-07,11206,Wednesday,3,2012,58.0,99.0,60.0,133.0,86.42857142857143,81.1
FOODS_3_090_CA_1_evaluation,FOODS_3_090,FOODS_3,FOODS,CA_1,d_405,97,2012-03-08,11206,Thursday,3,2012,48.0,77.0,81.0,71.0,79.14285714285714,80.8
FOODS_3_090_CA_1_evaluation,FOODS_3_090,FOODS_3,FOODS,CA_1,d_406,88,2012-03-09,11206,Friday,3,2012,97.0,66.0,96.0,122.0,82.0,82.83333333333333
FOODS_3_090_CA_1_evaluation,FOODS_3_090,FOODS_3,FOODS,CA_1,d_407,133,2012-03-10,11207,Saturday,3,2012,88.0,133.0,88.0,104.0,85.14285714285714,81.33333333333333
FOODS_3_090_CA_1_evaluation,FOODS_3_090,FOODS_3,FOODS,CA_1,d_408,99,2012-03-11,11207,Sunday,3,2012,133.0,129.0,57.0,122.0,85.14285714285714,83.4
FOODS_3_090_CA_1_evaluation,FOODS_3_090,FOODS_3,FOODS,CA_1,d_409,43,2012-03-12,11207,Monday,3,2012,99.0,43.0,59.0,69.0,80.85714285714286,82.63333333333334
FOODS_3_090_CA_1_evaluation,FOODS_3_090,FOODS_3,FOODS,CA_1,d_410,37,2012-03-13,11207,Tuesday,3,2012,43.0,58.0,61.0,134.0,80.85714285714286,80.6
FOODS_3_090_CA_1_evaluation,FOODS_3_090,FOODS_3,FOODS,CA_1,d_411,73,2012-03-14,11207,Wednesday,3,2012,37.0,48.0,99.0,117.0,77.85714285714286,77.76666666666667
FOODS_3_090_CA_1_evaluation,FOODS_3_090,FOODS_3,FOODS,CA_1,d_412,46,2012-03-15,11207,Thursday,3,2012,73.0,97.0,77.0,11.0,81.42857142857143,77.9
FOODS_3_090_CA_1_evaluation,FOODS_3_090,FOODS_3,FOODS,CA_1,d_413,62,2012-03-16,11207,Friday,3,2012,46.0,88.0,66.0,0.0,74.14285714285714,74.96666666666667
FOODS_3_090_CA_1_evaluation,FOODS_3_090,FOODS_3,FOODS,CA_1,d_414,76,2012-03-17,11208,Saturday,3,2012,62.0,133.0,133.0,84.0,70.42857142857143,73.13333333333334
FOODS_3_090_CA_1_evaluation,FOODS_3_090,FOODS_3,FOODS,CA_1,d_415,69,2012-03-18,11208,Sunday,3,2012,76.0,99.0,129.0,68.0,62.285714285714285,75.3
FOODS_3_090_CA_1_evaluation,FOODS_3_090,FOODS_3,FOODS,CA_1,d_416,77,2012-03-19,11208,Monday,3,2012,69.0,43.0,43.0,50.0,58.0,77.6
FOODS_3_090_CA_1_evaluation,FOODS_3_090,FOODS_3,FOODS,CA_1,d_417,30,2012-03-20,11208,Tuesday,3,2012,77.0,37.0,58.0,148.0,62.857142857142854,77.36666666666666
FOODS_3_090_CA_1_evaluation,FOODS_3_090,FOODS_3,FOODS,CA_1,d_418,36,2012-03-21,11208,Wednesday,3,2012,30.0,73.0,48.0,60.0,61.857142857142854,76.1
FOODS_3_090_CA_1_evaluation,FOODS_3_090,FOODS_3,FOODS,CA_1,d_419,61,2012-03-22,11208,Thursday,3,2012,36.0,46.0,97.0,81.0,56.57142857142857,75.63333333333334
FOODS_3_090_CA_1_evaluation,FOODS_3_090,FOODS_3,FOODS,CA_1,d_420,13,2012-03-23,11208,Friday,3,2012,61.0,62.0,88.0,96.0,58.714285714285715,72.73333333333333
FOODS_3_090_CA_1_evaluation,FOODS_3_090,FOODS_3,FOODS,CA_1,d_421,98,2012-03-24,11209,Saturday,3,2012,13.0,76.0,133.0,88.0,51.714285714285715,71.16666666666667
FOODS_3_090_CA_1_evaluation,FOODS_3_090,FOODS_3,FOODS,CA_1,d_422,75,2012-03-25,11209,Sunday,3,2012,98.0,69.0,99.0,57.0,54.857142857142854,71.73333333333333
FOODS_3_090_CA_1_evaluation,FOODS_3_090,FOODS_3,FOODS,CA_1,d_423,45,2012-03-26,11209,Monday,3,2012,75.0,77.0,43.0,59.0,55.714285714285715,71.03333333333333
FOODS_3_090_CA_1_evaluation,FOODS_3_090,FOODS_3,FOODS,CA_1,d_424,48,2012-03-27,11209,Tuesday,3,2012,45.0,30.0,37.0,61.0,51.142857142857146,69.6
FOODS_3_090_CA_1_evaluation,FOODS_3_090,FOODS_3,FOODS,CA_1,d_425,37,2012-03-28,11209,Wednesday,3,2012,48.0,36.0,73.0,99.0,53.714285714285715,69.3
FOODS_3_090_CA_1_evaluation,FOODS_3_090,FOODS_3,FOODS,CA_1,d_426,57,2012-03-29,11209,Thursday,3,2012,37.0,61.0,46.0,77.0,53.857142857142854,68.56666666666666
FOODS_3_090_CA_1_evaluation,FOODS_3_090,FOODS_3,FOODS,CA_1,d_427,60,2012-03-30,11209,Friday,3,2012,57.0,13.0,62.0,66.0,53.285714285714285,68.43333333333334
FOODS_3_090_CA_1_evaluation,FOODS_3_090,FOODS_3,FOODS,CA_1,d_428,70,2012-03-31,11210,Saturday,3,2012,60.0,98.0,76.0,133.0,60.0,67.13333333333334
FOODS_3_090_CA_1_evaluation,FOODS_3_090,FOODS_3,FOODS,CA_1,d_429,64,2012-04-01,11210,Sunday,4,2012,70.0,75.0,69.0,129.0,56.0,66.9
FOODS_3_090_CA_1_evaluation,FOODS_3_090,FOODS_3,FOODS,CA_1,d_430,59,2012-04-02,11210,Monday,4,2012,64.0,45.0,77.0,43.0,54.42857142857143,66.83333333333333
FOODS_3_090_CA_1_evaluation,FOODS_3_090,FOODS_3,FOODS,CA_1,d_431,74,2012-04-03,11210,Tuesday,4,2012,59.0,48.0,30.0,58.0,56.42857142857143,64.36666666666666
FOODS_3_090_CA_1_evaluation,FOODS_3_090,FOODS_3,FOODS,CA_1,d_432,34,2012-04-04,11210,Wednesday,4,2012,74.0,37.0,36.0,48.0,60.142857142857146,62.53333333333333
FOODS_3_090_CA_1_evaluation,FOODS_3_090,FOODS_3,FOODS,CA_1,d_433,83,2012-04-05,11210,Thursday,4,2012,34.0,57.0,61.0,97.0,59.714285714285715,62.233333333333334
FOODS_3_090_CA_1_evaluation,FOODS_3_090,FOODS_3,FOODS,CA_1,d_434,94,2012-04-06,11210,Friday,4,2012,83.0,60.0,13.0,88.0,63.42857142857143,63.06666666666667
FOODS_3_090_CA_1_evaluation,FOODS_3_090,FOODS_3,FOODS,CA_1,d_435,158,2012-04-07,11211,Saturday,4,2012,94.0,70.0,98.0,133.0,68.28571428571429,64.6
FOODS_3_090_CA_1_evaluation,FOODS_3_090,FOODS_3,FOODS,CA_1,d_436,104,2012-04-08,11211,Sunday,4,2012,158.0,64.0,75.0,99.0,80.85714285714286,66.63333333333334
FOODS_3_090_CA_1_evaluation,FOODS_3_090,FOODS_3,FOODS,CA_1,d_437,37,2012-04-09,11211,Monday,4,2012,104.0,59.0,45.0,43.0,86.57142857142857,67.16666666666667
FOODS_3_090_CA_1_evaluation,FOODS_3_090,FOODS_3,FOODS,CA_1,d_438,46,2012-04-10,11211,Tuesday,4,2012,37.0,74.0,48.0,37.0,83.42857142857143,63.96666666666667
FOODS_3_090_CA_1_evaluation,FOODS_3_090,FOODS_3,FOODS,CA_1,d_439,19,2012-04-11,11211,Wednesday,4,2012,46.0,34.0,37.0,73.0,79.42857142857143,62.2
FOODS_3_090_CA_1_evaluation,FOODS_3_090,FOODS_3,FOODS,CA_1,d_440,38,2012-04-12,11211,Thursday,4,2012,19.0,83.0,57.0,46.0,77.28571428571429,61.4
FOODS_3_090_CA_1_evaluation,FOODS_3_090,FOODS_3,FOODS,CA_1,d_441,67,2012-04-13,11211,Friday,4,2012,38.0,94.0,60.0,62.0,70.85714285714286,61.43333333333333
FOODS_3_090_CA_1_evaluation,FOODS_3_090,FOODS_3,FOODS,CA_1,d_442,157,2012-04-14,11212,Saturday,4,2012,67.0,158.0,70.0,76.0,67.0,61.233333333333334
FOODS_3_090_CA_1_evaluation,FOODS_3_090,FOODS_3,FOODS,CA_1,d_443,85,2012-04-15,11212,Sunday,4,2012,157.0,104.0,64.0,69.0,66.85714285714286,64.93333333333334
FOODS_3_090_CA_1_evaluation,FOODS_3_090,FOODS_3,FOODS,CA_1,d_444,49,2012-04-16,11212,Monday,4,2012,85.0,37.0,59.0,77.0,64.14285714285714,65.7
FOODS_3_090_CA_1_evaluation,FOODS_3_090,FOODS_3,FOODS,CA_1,d_445,54,2012-04-17,11212,Tuesday,4,2012,49.0,46.0,74.0,30.0,65.85714285714286,64.8
FOODS_3_090_CA_1_evaluation,FOODS_3_090,FOODS_3,FOODS,CA_1,d_446,40,2012-04-18,11212,Wednesday,4,2012,54.0,19.0,34.0,36.0,67.0,64.3
FOODS_3_090_CA_1_evaluation,FOODS_3_090,FOODS_3,FOODS,CA_1,d_447,68,2012-04-19,11212,Thursday,4,2012,40.0,38.0,83.0,61.0,70.0,63.06666666666667
FOODS_3_090_CA_1_evaluation,FOODS_3_090,FOODS_3,FOODS,CA_1,d_448,152,2012-04-20,11212,Friday,4,2012,68.0,67.0,94.0,13.0,74.28571428571429,64.33333333333333
FOODS_3_090_CA_1_evaluation,FOODS_3_090,FOODS_3,FOODS,CA_1,d_449,95,2012-04-21,11213,Saturday,4,2012,152.0,157.0,158.0,98.0,86.42857142857143,68.2
FOODS_3_090_CA_1_evaluation,FOODS_3_090,FOODS_3,FOODS,CA_1,d_450,110,2012-04-22,11213,Sunday,4,2012,95.0,85.0,104.0,75.0,77.57142857142857,69.33333333333333
FOODS_3_090_CA_1_evaluation,FOODS_3_090,FOODS_3,FOODS,CA_1,d_451,38,2012-04-23,11213,Monday,4,2012,110.0,49.0,37.0,45.0,81.14285714285714,72.56666666666666
FOODS_3_090_CA_1_evaluation,FOODS_3_090,FOODS_3,FOODS,CA_1,d_452,38,2012-04-24,11213,Tuesday,4,2012,38.0,54.0,46.0,48.0,79.57142857142857,70.56666666666666
FOODS_3_090_CA_1_evaluation,FOODS_3_090,FOODS_3,FOODS,CA_1,d_453,98,2012-04-25,11213,Wednesday,4,2012,38.0,40.0,19.0,37.0,77.28571428571429,69.33333333333333
FOODS_3_090_CA_1_evaluation,FOODS_3_090,FOODS_3,FOODS,CA_1,d_454,64,2012-04-26,11213,Thursday,4,2012,98.0,68.0,38.0,57.0,85.57142857142857,71.1
FOODS_3_090_CA_1_evaluation,FOODS_3_090,FOODS_3,FOODS,CA_1,d_455,74,2012-04-27,11213,Friday,4,2012,64.0,152.0,67.0,60.0,85.0,71.63333333333334
FOODS_3_090_CA_1_evaluation,FOODS_3_090,FOODS_3,FOODS,CA_1,d_456,111,2012-04-28,11214,Saturday,4,2012,74.0,95.0,157.0,70.0,73.85714285714286,72.86666666666666
FOODS_3_090_CA_1_evaluation,FOODS_3_090,FOODS_3,FOODS,CA_1,d_457,97,2012-04-29,11214,Sunday,4,2012,111.0,110.0,85.0,64.0,76.14285714285714,74.66666666666667
FOODS_3_090_CA_1_evaluation,FOODS_3_090,FOODS_3,FOODS,CA_1,d_458,64,2012-04-30,11214,Monday,4,2012,97.0,38.0,49.0,59.0,74.28571428571429,75.9
FOODS_3_090_CA_1_evaluation,FOODS_3_090,FOODS_3,FOODS,CA_1,d_459,48,2012-05-01,11214,Tuesday,5,2012,64.0,38.0,54.0,74.0,78.0,75.7
FOODS_3_090_CA_1_evaluation,FOODS_3_090,FOODS_3,FOODS,CA_1,d_460,41,2012-05-02,11214,Wednesday,5,2012,48.0,98.0,40.0,34.0,79.42857142857143,75.16666666666667
FOODS_3_090_CA_1_evaluation,FOODS_3_090,FOODS_3,FOODS,CA_1,d_461,98,2012-05-03,11214,Thursday,5,2012,41.0,64.0,68.0,83.0,71.28571428571429,74.56666666666666
FOODS_3_090_CA_1_evaluation,FOODS_3_090,FOODS_3,FOODS,CA_1,d_462,66,2012-05-04,11214,Friday,5,2012,98.0,74.0,152.0,94.0,76.14285714285714,75.36666666666666
FOODS_3_090_CA_1_evaluation,FOODS_3_090,FOODS_3,FOODS,CA_1,d_463,93,2012-05-05,11215,Saturday,5,2012,66.0,111.0,95.0,158.0,75.0,76.43333333333334
FOODS_3_090_CA_1_evaluation,FOODS_3_090,FOODS_3,FOODS,CA_1,d_464,96,2012-05-06,11215,Sunday,5,2012,93.0,97.0,110.0,104.0,72.42857142857143,76.76666666666667
FOODS_3_090_CA_1_evaluation,FOODS_3_090,FOODS_3,FOODS,CA_1,d_465,57,2012-05-07,11215,Monday,5,2012,96.0,64.0,38.0,37.0,72.28571428571429,76.83333333333333
FOODS_3_090_CA_1_evaluation,FOODS_3_090,FOODS_3,FOODS,CA_1,d_466,48,2012-05-08,11215,Tuesday,5,2012,57.0,48.0,38.0,46.0,71.28571428571429,73.46666666666667
FOODS_3_090_CA_1_evaluation,FOODS_3_090,FOODS_3,FOODS,CA_1,d_467,52,2012-05-09,11215,Wednesday,5,2012,48.0,41.0,98.0,19.0,71.28571428571429,71.6
FOODS_3_090_CA_1_evaluation,FOODS_3_090,FOODS_3,FOODS,CA_1,d_468,81,2012-05-10,11215,Thursday,5,2012,52.0,98.0,64.0,38.0,72.85714285714286,72.1
FOODS_3_090_CA_1_evaluation,FOODS_3_090,FOODS_3,FOODS,CA_1,d_469,128,2012-05-11,11215,Friday,5,2012,81.0,66.0,74.0,67.0,70.42857142857143,73.26666666666667
FOODS_3_090_CA_1_evaluation,FOODS_3_090,FOODS_3,FOODS,CA_1,d_470,104,2012-05-12,11216,Saturday,5,2012,128.0,93.0,111.0,157.0,79.28571428571429,76.9
FOODS_3_090_CA_1_evaluation,FOODS_3_090,FOODS_3,FOODS,CA_1,d_471,96,2012-05-13,11216,Sunday,5,2012,104.0,96.0,97.0,85.0,80.85714285714286,79.1
FOODS_3_090_CA_1_evaluation,FOODS_3_090,FOODS_3,FOODS,CA_1,d_472,50,2012-05-14,11216,Monday,5,2012,96.0,57.0,64.0,49.0,80.85714285714286,80.06666666666666
FOODS_3_090_CA_1_evaluation,FOODS_3_090,FOODS_3,FOODS,CA_1,d_473,62,2012-05-15,11216,Tuesday,5,2012,50.0,48.0,48.0,54.0,79.85714285714286,76.5
FOODS_3_090_CA_1_evaluation,FOODS_3_090,FOODS_3,FOODS,CA_1,d_474,81,2012-05-16,11216,Wednesday,5,2012,62.0,52.0,41.0,40.0,81.85714285714286,75.73333333333333
FOODS_3_090_CA_1_evaluation,FOODS_3_090,FOODS_3,FOODS,CA_1,d_475,54,2012-05-17,11216,Thursday,5,2012,81.0,81.0,98.0,68.0,86.0,76.8
FOODS_3_090_CA_1_evaluation,FOODS_3_090,FOODS_3,FOODS,CA_1,d_476,80,2012-05-18,11216,Friday,5,2012,54.0,128.0,66.0,152.0,82.14285714285714,76.8
FOODS_3_090_CA_1_evaluation,FOODS_3_090,FOODS_3,FOODS,CA_1,d_477,139,2012-05-19,11217,Saturday,5,2012,80.0,104.0,93.0,95.0,75.28571428571429,78.13333333333334
FOODS_3_090_CA_1_evaluation,FOODS_3_090,FOODS_3,FOODS,CA_1,d_478,79,2012-05-20,11217,Sunday,5,2012,139.0,96.0,96.0,110.0,80.28571428571429,80.5
FOODS_3_090_CA_1_evaluation,FOODS_3_090,FOODS_3,FOODS,CA_1,d_479,52,2012-05-21,11217,Monday,5,2012,79.0,50.0,57.0,38.0,77.85714285714286,78.06666666666666
FOODS_3_090_CA_1_evaluation,FOODS_3_090,FOODS_3,FOODS,CA_1,d_480,59,2012-05-22,11217,Tuesday,5,2012,52.0,62.0,48.0,38.0,78.14285714285714,76.63333333333334
FOODS_3_090_CA_1_evaluation,FOODS_3_090,FOODS_3,FOODS,CA_1,d_481,37,2012-05-23,11217,Wednesday,5,2012,59.0,81.0,52.0,98.0,77.71428571428571,74.93333333333334
FOODS_3_090_CA_1_evaluation,FOODS_3_090,FOODS_3,FOODS,CA_1,d_482,72,2012-05-24,11217,Thursday,5,2012,37.0,54.0,81.0,64.0,71.42857142857143,74.9
FOODS_3_090_CA_1_evaluation,FOODS_3_090,FOODS_3,FOODS,CA_1,d_483,92,2012-05-25,11217,Friday,5,2012,72.0,80.0,128.0,74.0,74.0,76.03333333333333
FOODS_3_090_CA_1_evaluation,FOODS_3_090,FOODS_3,FOODS,CA_1,d_484,76,2012-05-26,11218,Saturday,5,2012,92.0,139.0,104.0,111.0,75.71428571428571,75.83333333333333
FOODS_3_090_CA_1_evaluation,FOODS_3_090,FOODS_3,FOODS,CA_1,d_485,91,2012-05-27,11218,Sunday,5,2012,76.0,79.0,96.0,97.0,66.71428571428571,76.23333333333333
FOODS_3_090_CA_1_evaluation,FOODS_3_090,FOODS_3,FOODS,CA_1,d_486,72,2012-05-28,11218,Monday,5,2012,91.0,52.0,50.0,64.0,68.42857142857143,76.8
FOODS_3_090_CA_1_evaluation,FOODS_3_090,FOODS_3,FOODS,CA_1,d_487,27,2012-05-29,11218,Tuesday,5,2012,72.0,59.0,62.0,48.0,71.28571428571429,75.5
FOODS_3_090_CA_1_evaluation,FOODS_3_090,FOODS_3,FOODS,CA_1,d_488,40,2012-05-30,11218,Wednesday,5,2012,27.0,37.0,81.0,41.0,66.71428571428571,73.16666666666667
FOODS_3_090_CA_1_evaluation,FOODS_3_090,FOODS_3,FOODS,CA_1,d_489,58,2012-05-31,11218,Thursday,5,2012,40.0,72.0,54.0,98.0,67.14285714285714,72.36666666666666
FOODS_3_090_CA_1_evaluation,FOODS_3_090,FOODS_3,FOODS,CA_1,d_490,92,2012-06-01,11218,Friday,6,2012,58.0,92.0,80.0,66.0,65.14285714285714,72.7
FOODS_3_090_CA_1_evaluation,FOODS_3_090,FOODS_3,FOODS,CA_1,d_491,92,2012-06-02,11219,Saturday,6,2012,92.0,76.0,139.0,93.0,65.14285714285714,74.4
FOODS_3_090_CA_1_evaluation,FOODS_3_090,FOODS_3,FOODS,CA_1,d_492,65,2012-06-03,11219,Sunday,6,2012,92.0,91.0,79.0,96.0,67.42857142857143,74.2
FOODS_3_090_CA_1_evaluation,FOODS_3_090,FOODS_3,FOODS,CA_1,d_493,60,2012-06-04,11219,Monday,6,2012,65.0,72.0,52.0,57.0,63.714285714285715,74.16666666666667
FOODS_3_090_CA_1_evaluation,FOODS_3_090,FOODS_3,FOODS,CA_1,d_494,48,2012-06-05,11219,Tuesday,6,2012,60.0,27.0,59.0,48.0,62.0,73.06666666666666
FOODS_3_090_CA_1_evaluation,FOODS_3_090,FOODS_3,FOODS,CA_1,d_495,80,2012-06-06,11219,Wednesday,6,2012,48.0,40.0,37.0,52.0,65.0,71.46666666666667
FOODS_3_090_CA_1_evaluation,FOODS_3_090,FOODS_3,FOODS,CA_1,d_496,63,2012-06-07,11219,Thursday,6,2012,80.0,58.0,72.0,81.0,70.71428571428571,72.23333333333333
FOODS_3_090_CA_1_evaluation,FOODS_3_090,FOODS_3,FOODS,CA_1,d_497,108,2012-06-08,11219,Friday,6,2012,63.0,92.0,92.0,128.0,71.42857142857143,72.73333333333333
FOODS_3_090_CA_1_evaluation,FOODS_3_090,FOODS_3,FOODS,CA_1,d_498,120,2012-06-09,11220,Saturday,6,2012,108.0,92.0,76.0,104.0,73.71428571428571,74.6
FOODS_3_090_CA_1_evaluation,FOODS_3_090,FOODS_3,FOODS,CA_1,d_499,132,2012-06-10,11220,Sunday,6,2012,120.0,65.0,91.0,96.0,77.71428571428571,75.9
FOODS_3_090_CA_1_evaluation,FOODS_3_090,FOODS_3,FOODS,CA_1,d_500,88,2012-06-11,11220,Monday,6,2012,132.0,60.0,72.0,50.0,87.28571428571429,76.03333333333333
FOODS_3_090_CA_1_evaluation,FOODS_3_090,FOODS_3,FOODS,CA_1,d_501,53,2012-06-12,11220,Tuesday,6,2012,88.0,48.0,27.0,62.0,91.28571428571429,75.5
FOODS_3_090_CA_1_evaluation,FOODS_3_090,FOODS_3,FOODS,CA_1,d_502,65,2012-06-13,11220,Wednesday,6,2012,53.0,80.0,40.0,81.0,92.0,74.06666666666666
FOODS_3_090_CA_1_evaluation,FOODS_3_090,FOODS_3,FOODS,CA_1,d_503,63,2012-06-14,11220,Thursday,6,2012,65.0,63.0,58.0,54.0,89.85714285714286,74.56666666666666
FOODS_3_090_CA_1_evaluation,FOODS_3_090,FOODS_3,FOODS,CA_1,d_504,138,2012-06-15,11220,Friday,6,2012,63.0,108.0,92.0,80.0,89.85714285714286,74.6
FOODS_3_090_CA_1_evaluation,FOODS_3_090,FOODS_3,FOODS,CA_1,d_505,104,2012-06-16,11221,Saturday,6,2012,138.0,120.0,92.0,139.0,94.14285714285714,76.5
FOODS_3_090_CA_1_evaluation,FOODS_3_090,FOODS_3,FOODS,CA_1,d_506,87,2012-06-17,11221,Sunday,6,2012,104.0,132.0,65.0,79.0,91.85714285714286,78.16666666666667
FOODS_3_090_CA_1_evaluation,FOODS_3_090,FOODS_3,FOODS,CA_1,d_507,45,2012-06-18,11221,Monday,6,2012,87.0,88.0,60.0,52.0,85.42857142857143,78.4
FOODS_3_090_CA_1_evaluation,FOODS_3_090,FOODS_3,FOODS,CA_1,d_508,27,2012-06-19,11221,Tuesday,6,2012,45.0,53.0,48.0,59.0,79.28571428571429,75.26666666666667
FOODS_3_090_CA_1_evaluation,FOODS_3_090,FOODS_3,FOODS,CA_1,d_509,19,2012-06-20,11221,Wednesday,6,2012,27.0,65.0,80.0,37.0,75.57142857142857,73.53333333333333
FOODS_3_090_CA_1_evaluation,FOODS_3_090,FOODS_3,FOODS,CA_1,d_510,0,2012-06-21,11221,Thursday,6,2012,19.0,63.0,63.0,72.0,69.0,72.43333333333334
FOODS_3_090_CA_1_evaluation,FOODS_3_090,FOODS_3,FOODS,CA_1,d_511,0,2012-06-22,11221,Friday,6,2012,0.0,138.0,108.0,92.0,60.0,70.46666666666667
FOODS_3_090_CA_1_evaluation,FOODS_3_090,FOODS_3,FOODS,CA_1,d_512,89,2012-06-23,11222,Saturday,6,2012,0.0,104.0,120.0,76.0,40.285714285714285,69.23333333333333
FOODS_3_090_CA_1_evaluation,FOODS_3_090,FOODS_3,FOODS,CA_1,d_513,131,2012-06-24,11222,Sunday,6,2012,89.0,87.0,132.0,91.0,38.142857142857146,69.8
FOODS_3_090_CA_1_evaluation,FOODS_3_090,FOODS_3,FOODS,CA_1,d_514,72,2012-06-25,11222,Monday,6,2012,131.0,45.0,88.0,72.0,44.42857142857143,71.1
FOODS_3_090_CA_1_evaluation,FOODS_3_090,FOODS_3,FOODS,CA_1,d_515,106,2012-06-26,11222,Tuesday,6,2012,72.0,27.0,53.0,27.0,48.285714285714285,70.96666666666667
FOODS_3_090_CA_1_evaluation,FOODS_3_090,FOODS_3,FOODS,CA_1,d_516,72,2012-06-27,11222,Wednesday,6,2012,106.0,19.0,65.0,40.0,59.57142857142857,71.46666666666667
FOODS_3_090_CA_1_evaluation,FOODS_3_090,FOODS_3,FOODS,CA_1,d_517,68,2012-06-28,11222,Thursday,6,2012,72.0,0.0,63.0,58.0,67.14285714285714,71.46666666666667
FOODS_3_090_CA_1_evaluation,FOODS_3_090,FOODS_3,FOODS,CA_1,d_518,130,2012-06-29,11222,Friday,6,2012,68.0,0.0,138.0,92.0,76.85714285714286,72.83333333333333
FOODS_3_090_CA_1_evaluation,FOODS_3_090,FOODS_3,FOODS,CA_1,d_519,141,2012-06-30,11223,Saturday,6,2012,130.0,89.0,104.0,92.0,95.42857142857143,75.83333333333333
FOODS_3_090_CA_1_evaluation,FOODS_3_090,FOODS_3,FOODS,CA_1,d_520,119,2012-07-01,11223,Sunday,7,2012,141.0,131.0,87.0,65.0,102.85714285714286,78.6
FOODS_3_090_CA_1_evaluation,FOODS_3_090,FOODS_3,FOODS,CA_1,d_521,38,2012-07-02,11223,Monday,7,2012,119.0,72.0,45.0,60.0,101.14285714285714,79.5
FOODS_3_090_CA_1_evaluation,FOODS_3_090,FOODS_3,FOODS,CA_1,d_522,104,2012-07-03,11223,Tuesday,7,2012,38.0,106.0,27.0,48.0,96.28571428571429,77.7
FOODS_3_090_CA_1_evaluation,FOODS_3_090,FOODS_3,FOODS,CA_1,d_523,116,2012-07-04,11223,Wednesday,7,2012,104.0,72.0,19.0,80.0,96.0,79.0
FOODS_3_090_CA_1_evaluation,FOODS_3_090,FOODS_3,FOODS,CA_1,d_524,75,2012-07-05,11223,Thursday,7,2012,116.0,68.0,0.0,63.0,102.28571428571429,80.86666666666666
FOODS_3_090_CA_1_evaluation,FOODS_3_090,FOODS_3,FOODS,CA_1,d_525,123,2012-07-06,11223,Friday,7,2012,75.0,130.0,0.0,108.0,103.28571428571429,81.76666666666667
FOODS_3_090_CA_1_evaluation,FOODS_3_090,FOODS_3,FOODS,CA_1,d_526,110,2012-07-07,11224,Saturday,7,2012,123.0,141.0,89.0,120.0,102.28571428571429,83.2
FOODS_3_090_CA_1_evaluation,FOODS_3_090,FOODS_3,FOODS,CA_1,d_527,89,2012-07-08,11224,Sunday,7,2012,110.0,119.0,131.0,132.0,97.85714285714286,84.76666666666667
FOODS_3_090_CA_1_evaluation,FOODS_3_090,FOODS_3,FOODS,CA_1,d_528,67,2012-07-09,11224,Monday,7,2012,89.0,38.0,72.0,88.0,93.57142857142857,84.13333333333334
FOODS_3_090_CA_1_evaluation,FOODS_3_090,FOODS_3,FOODS,CA_1,d_529,62,2012-07-10,11224,Tuesday,7,2012,67.0,104.0,106.0,53.0,97.71428571428571,82.36666666666666
FOODS_3_090_CA_1_evaluation,FOODS_3_090,FOODS_3,FOODS,CA_1,d_530,59,2012-07-11,11224,Wednesday,7,2012,62.0,116.0,72.0,65.0,91.71428571428571,80.03333333333333
FOODS_3_090_CA_1_evaluation,FOODS_3_090,FOODS_3,FOODS,CA_1,d_531,69,2012-07-12,11224,Thursday,7,2012,59.0,75.0,68.0,63.0,83.57142857142857,79.06666666666666
FOODS_3_090_CA_1_evaluation,FOODS_3_090,FOODS_3,FOODS,CA_1,d_532,94,2012-07-13,11224,Friday,7,2012,69.0,123.0,130.0,138.0,82.71428571428571,79.6
FOODS_3_090_CA_1_evaluation,FOODS_3_090,FOODS_3,FOODS,CA_1,d_533,115,2012-07-14,11225,Saturday,7,2012,94.0,110.0,141.0,104.0,78.57142857142857,80.56666666666666
FOODS_3_090_CA_1_evaluation,FOODS_3_090,FOODS_3,FOODS,CA_1,d_534,122,2012-07-15,11225,Sunday,7,2012,115.0,89.0,119.0,87.0,79.28571428571429,82.3
FOODS_3_090_CA_1_evaluation,FOODS_3_090,FOODS_3,FOODS,CA_1,d_535,61,2012-07-16,11225,Monday,7,2012,122.0,67.0,38.0,45.0,84.0,81.76666666666667
FOODS_3_090_CA_1_evaluation,FOODS_3_090,FOODS_3,FOODS,CA_1,d_536,83,2012-07-17,11225,Tuesday,7,2012,61.0,62.0,104.0,27.0,83.14285714285714,80.33333333333333
FOODS_3_090_CA_1_evaluation,FOODS_3_090,FOODS_3,FOODS,CA_1,d_537,61,2012-07-18,11225,Wednesday,7,2012,83.0,59.0,116.0,19.0,86.14285714285714,80.2
FOODS_3_090_CA_1_evaluation,FOODS_3_090,FOODS_3,FOODS,CA_1,d_538,82,2012-07-19,11225,Thursday,7,2012,61.0,69.0,75.0,0.0,86.42857142857143,80.73333333333333
FOODS_3_090_CA_1_evaluation,FOODS_3_090,FOODS_3,FOODS,CA_1,d_539,115,2012-07-20,11225,Friday,7,2012,82.0,94.0,123.0,0.0,88.28571428571429,82.56666666666666
FOODS_3_090_CA_1_evaluation,FOODS_3_090,FOODS_3,FOODS,CA_1,d_540,103,2012-07-21,11226,Saturday,7,2012,115.0,115.0,110.0,89.0,91.28571428571429,85.76666666666667
FOODS_3_090_CA_1_evaluation,FOODS_3_090,FOODS_3,FOODS,CA_1,d_541,137,2012-07-22,11226,Sunday,7,2012,103.0,122.0,89.0,131.0,89.57142857142857,89.2
FOODS_3_090_CA_1_evaluation,FOODS_3_090,FOODS_3,FOODS,CA_1,d_542,71,2012-07-23,11226,Monday,7,2012,137.0,61.0,67.0,72.0,91.71428571428571,93.76666666666667
FOODS_3_090_CA_1_evaluation,FOODS_3_090,FOODS_3,FOODS,CA_1,d_543,54,2012-07-24,11226,Tuesday,7,2012,71.0,83.0,62.0,106.0,93.14285714285714,93.16666666666667
FOODS_3_090_CA_1_evaluation,FOODS_3_090,FOODS_3,FOODS,CA_1,d_544,134,2012-07-25,11226,Wednesday,7,2012,54.0,61.0,59.0,72.0,89.0,90.6
FOODS_3_090_CA_1_evaluation,FOODS_3_090,FOODS_3,FOODS,CA_1,d_545,52,2012-07-26,11226,Thursday,7,2012,134.0,82.0,69.0,68.0,99.42857142857143,92.66666666666667
FOODS_3_090_CA_1_evaluation,FOODS_3_090,FOODS_3,FOODS,CA_1,d_546,92,2012-07-27,11226,Friday,7,2012,52.0,115.0,94.0,130.0,95.14285714285714,90.86666666666666
FOODS_3_090_CA_1_evaluation,FOODS_3_090,FOODS_3,FOODS,CA_1,d_547,109,2012-07-28,11227,Saturday,7,2012,92.0,103.0,115.0,141.0,91.85714285714286,91.53333333333333
FOODS_3_090_CA_1_evaluation,FOODS_3_090,FOODS_3,FOODS,CA_1,d_548,131,2012-07-29,11227,Sunday,7,2012,109.0,137.0,122.0,119.0,92.71428571428571,92.9
FOODS_3_090_CA_1_evaluation,FOODS_3_090,FOODS_3,FOODS,CA_1,d_549,72,2012-07-30,11227,Monday,7,2012,131.0,71.0,61.0,38.0,91.85714285714286,92.93333333333334
FOODS_3_090_CA_1_evaluation,FOODS_3_090,FOODS_3,FOODS,CA_1,d_550,61,2012-07-31,11227,Tuesday,7,2012,72.0,54.0,83.0,104.0,92.0,90.63333333333334
FOODS_3_090_CA_1_evaluation,FOODS_3_090,FOODS_3,FOODS,CA_1,d_551,41,2012-08-01,11227,Wednesday,8,2012,61.0,134.0,61.0,116.0,93.0,88.7
FOODS_3_090_CA_1_evaluation,FOODS_3_090,FOODS_3,FOODS,CA_1,d_552,99,2012-08-02,11227,Thursday,8,2012,41.0,52.0,82.0,75.0,79.71428571428571,88.8
FOODS_3_090_CA_1_evaluation,FOODS_3_090,FOODS_3,FOODS,CA_1,d_553,133,2012-08-03,11227,Friday,8,2012,99.0,92.0,115.0,123.0,86.42857142857143,88.63333333333334
FOODS_3_090_CA_1_evaluation,FOODS_3_090,FOODS_3,FOODS,CA_1,d_554,103,2012-08-04,11228,Saturday,8,2012,133.0,109.0,103.0,110.0,92.28571428571429,89.2
FOODS_3_090_CA_1_evaluation,FOODS_3_090,FOODS_3,FOODS,CA_1,d_555,191,2012-08-05,11228,Sunday,8,2012,103.0,131.0,137.0,89.0,91.42857142857143,90.13333333333334
FOODS_3_090_CA_1_evaluation,FOODS_3_090,FOODS_3,FOODS,CA_1,d_556,106,2012-08-06,11228,Monday,8,2012,191.0,72.0,71.0,67.0,100.0,92.4
FOODS_3_090_CA_1_evaluation,FOODS_3_090,FOODS_3,FOODS,CA_1,d_557,65,2012-08-07,11228,Tuesday,8,2012,106.0,61.0,54.0,62.0,104.85714285714286,92.26666666666667
FOODS_3_090_CA_1_evaluation,FOODS_3_090,FOODS_3,FOODS,CA_1,d_558,93,2012-08-08,11228,Wednesday,8,2012,65.0,41.0,134.0,59.0,105.42857142857143,91.46666666666667
FOODS_3_090_CA_1_evaluation,FOODS_3_090,FOODS_3,FOODS,CA_1,d_559,124,2012-08-09,11228,Thursday,8,2012,93.0,99.0,52.0,69.0,112.85714285714286,92.33333333333333
FOODS_3_090_CA_1_evaluation,FOODS_3_090,FOODS_3,FOODS,CA_1,d_560,143,2012-08-10,11228,Friday,8,2012,124.0,133.0,92.0,94.0,116.42857142857143,94.4
FOODS_3_090_CA_1_evaluation,FOODS_3_090,FOODS_3,FOODS,CA_1,d_561,190,2012-08-11,11229,Saturday,8,2012,143.0,103.0,109.0,115.0,117.85714285714286,97.2
FOODS_3_090_CA_1_evaluation,FOODS_3_090,FOODS_3,FOODS,CA_1,d_562,131,2012-08-12,11229,Sunday,8,2012,190.0,191.0,131.0,122.0,130.28571428571428,101.23333333333333
FOODS_3_090_CA_1_evaluation,FOODS_3_090,FOODS_3,FOODS,CA_1,d_563,93,2012-08-13,11229,Monday,8,2012,131.0,106.0,72.0,61.0,121.71428571428571,102.46666666666667
FOODS_3_090_CA_1_evaluation,FOODS_3_090,FOODS_3,FOODS,CA_1,d_564,91,2012-08-14,11229,Tuesday,8,2012,93.0,65.0,61.0,83.0,119.85714285714286,101.73333333333333
FOODS_3_090_CA_1_evaluation,FOODS_3_090,FOODS_3,FOODS,CA_1,d_565,101,2012-08-15,11229,Wednesday,8,2012,91.0,93.0,41.0,61.0,123.57142857142857,100.7
FOODS_3_090_CA_1_evaluation,FOODS_3_090,FOODS_3,FOODS,CA_1,d_566,104,2012-08-16,11229,Thursday,8,2012,101.0,124.0,99.0,82.0,124.71428571428571,102.03333333333333
FOODS_3_090_CA_1_evaluation,FOODS_3_090,FOODS_3,FOODS,CA_1,d_567,152,2012-08-17,11229,Friday,8,2012,104.0,143.0,133.0,115.0,121.85714285714286,102.73333333333333
FOODS_3_090_CA_1_evaluation,FOODS_3_090,FOODS_3,FOODS,CA_1,d_568,214,2012-08-18,11230,Saturday,8,2012,152.0,190.0,103.0,103.0,123.14285714285714,105.76666666666667
FOODS_3_090_CA_1_evaluation,FOODS_3_090,FOODS_3,FOODS,CA_1,d_569,112,2012-08-19,11230,Sunday,8,2012,214.0,131.0,191.0,137.0,126.57142857142857,110.16666666666667
FOODS_3_090_CA_1_evaluation,FOODS_3_090,FOODS_3,FOODS,CA_1,d_570,85,2012-08-20,11230,Monday,8,2012,112.0,93.0,106.0,71.0,123.85714285714286,110.06666666666666
FOODS_3_090_CA_1_evaluation,FOODS_3_090,FOODS_3,FOODS,CA_1,d_571,48,2012-08-21,11230,Tuesday,8,2012,85.0,91.0,65.0,54.0,122.71428571428571,109.46666666666667
FOODS_3_090_CA_1_evaluation,FOODS_3_090,FOODS_3,FOODS,CA_1,d_572,78,2012-08-22,11230,Wednesday,8,2012,48.0,101.0,93.0,134.0,116.57142857142857,106.5
FOODS_3_090_CA_1_evaluation,FOODS_3_090,FOODS_3,FOODS,CA_1,d_573,85,2012-08-23,11230,Thursday,8,2012,78.0,104.0,124.0,52.0,113.28571428571429,106.73333333333333
FOODS_3_090_CA_1_evaluation,FOODS_3_090,FOODS_3,FOODS,CA_1,d_574,141,2012-08-24,11230,Friday,8,2012,85.0,152.0,143.0,92.0,110.57142857142857,107.76666666666667
FOODS_3_090_CA_1_evaluation,FOODS_3_090,FOODS_3,FOODS,CA_1,d_575,225,2012-08-25,11231,Saturday,8,2012,141.0,214.0,190.0,109.0,109.0,108.0
FOODS_3_090_CA_1_evaluation,FOODS_3_090,FOODS_3,FOODS,CA_1,d_576,105,2012-08-26,11231,Sunday,8,2012,225.0,112.0,131.0,131.0,110.57142857142857,113.76666666666667
FOODS_3_090_CA_1_evaluation,FOODS_3_090,FOODS_3,FOODS,CA_1,d_577,73,2012-08-27,11231,Monday,8,2012,105.0,85.0,93.0,72.0,109.57142857142857,114.2
FOODS_3_090_CA_1_evaluation,FOODS_3_090,FOODS_3,FOODS,CA_1,d_578,89,2012-08-28,11231,Tuesday,8,2012,73.0,48.0,91.0,61.0,107.85714285714286,113.0
FOODS_3_090_CA_1_evaluation,FOODS_3_090,FOODS_3,FOODS,CA_1,d_579,89,2012-08-29,11231,Wednesday,8,2012,89.0,78.0,101.0,41.0,113.71428571428571,111.6
FOODS_3_090_CA_1_evaluation,FOODS_3_090,FOODS_3,FOODS,CA_1,d_580,122,2012-08-30,11231,Thursday,8,2012,89.0,85.0,104.0,99.0,115.28571428571429,112.16666666666667
FOODS_3_090_CA_1_evaluation,FOODS_3_090,FOODS_3,FOODS,CA_1,d_581,125,2012-08-31,11231,Friday,8,2012,122.0,141.0,152.0,133.0,120.57142857142857,114.2
FOODS_3_090_CA_1_evaluation,FOODS_3_090,FOODS_3,FOODS,CA_1,d_582,159,2012-09-01,11232,Saturday,9,2012,125.0,225.0,214.0,103.0,118.28571428571429,117.0
FOODS_3_090_CA_1_evaluation,FOODS_3_090,FOODS_3,FOODS,CA_1,d_583,150,2012-09-02,11232,Sunday,9,2012,159.0,105.0,112.0,191.0,108.85714285714286,119.0
FOODS_3_090_CA_1_evaluation,FOODS_3_090,FOODS_3,FOODS,CA_1,d_584,127,2012-09-03,11232,Monday,9,2012,150.0,73.0,85.0,106.0,115.28571428571429,119.56666666666666
FOODS_3_090_CA_1_evaluation,FOODS_3_090,FOODS_3,FOODS,CA_1,d_585,111,2012-09-04,11232,Tuesday,9,2012,127.0,89.0,48.0,65.0,123.0,120.36666666666666
FOODS_3_090_CA_1_evaluation,FOODS_3_090,FOODS_3,FOODS,CA_1,d_586,98,2012-09-05,11232,Wednesday,9,2012,111.0,89.0,78.0,93.0,126.14285714285714,117.7
FOODS_3_090_CA_1_evaluation,FOODS_3_090,FOODS_3,FOODS,CA_1,d_587,71,2012-09-06,11232,Thursday,9,2012,98.0,122.0,85.0,124.0,127.42857142857143,117.43333333333334
FOODS_3_090_CA_1_evaluation,FOODS_3_090,FOODS_3,FOODS,CA_1,d_588,130,2012-09-07,11232,Friday,9,2012,71.0,125.0,141.0,143.0,120.14285714285714,117.63333333333334
FOODS_3_090_CA_1_evaluation,FOODS_3_090,FOODS_3,FOODS,CA_1,d_589,109,2012-09-08,11233,Saturday,9,2012,130.0,159.0,225.0,190.0,120.85714285714286,118.86666666666666
FOODS_3_090_CA_1_evaluation,FOODS_3_090,FOODS_3,FOODS,CA_1,d_590,160,2012-09-09,11233,Sunday,9,2012,109.0,150.0,105.0,131.0,113.71428571428571,118.36666666666666
FOODS_3_090_CA_1_evaluation,FOODS_3_090,FOODS_3,FOODS,CA_1,d_591,67,2012-09-10,11233,Monday,9,2012,160.0,127.0,73.0,93.0,115.14285714285714,118.93333333333334
FOODS_3_090_CA_1_evaluation,FOODS_3_090,FOODS_3,FOODS,CA_1,d_592,51,2012-09-11,11233,Tuesday,9,2012,67.0,111.0,89.0,91.0,106.57142857142857,114.83333333333333
FOODS_3_090_CA_1_evaluation,FOODS_3_090,FOODS_3,FOODS,CA_1,d_593,89,2012-09-12,11233,Wednesday,9,2012,51.0,98.0,89.0,101.0,98.0,112.16666666666667
FOODS_3_090_CA_1_evaluation,FOODS_3_090,FOODS_3,FOODS,CA_1,d_594,87,2012-09-13,11233,Thursday,9,2012,89.0,71.0,122.0,104.0,96.71428571428571,112.03333333333333
FOODS_3_090_CA_1_evaluation,FOODS_3_090,FOODS_3,FOODS,CA_1,d_595,107,2012-09-14,11233,Friday,9,2012,87.0,130.0,125.0,152.0,99.0,111.9
FOODS_3_090_CA_1_evaluation,FOODS_3_090,FOODS_3,FOODS,CA_1,d_596,99,2012-09-15,11234,Saturday,9,2012,107.0,109.0,159.0,214.0,95.71428571428571,112.1
FOODS_3_090_CA_1_evaluation,FOODS_3_090,FOODS_3,FOODS,CA_1,d_597,118,2012-09-16,11234,Sunday,9,2012,99.0,160.0,150.0,112.0,94.28571428571429,111.93333333333334
FOODS_3_090_CA_1_evaluation,FOODS_3_090,FOODS_3,FOODS,CA_1,d_598,65,2012-09-17,11234,Monday,9,2012,118.0,67.0,127.0,85.0,88.28571428571429,110.8
FOODS_3_090_CA_1_evaluation,FOODS_3_090,FOODS_3,FOODS,CA_1,d_599,73,2012-09-18,11234,Tuesday,9,2012,65.0,51.0,111.0,48.0,88.0,105.83333333333333
FOODS_3_090_CA_1_evaluation,FOODS_3_090,FOODS_3,FOODS,CA_1,d_600,59,2012-09-19,11234,Wednesday,9,2012,73.0,89.0,98.0,78.0,91.14285714285714,104.53333333333333
FOODS_3_090_CA_1_evaluation,FOODS_3_090,FOODS_3,FOODS,CA_1,d_601,84,2012-09-20,11234,Thursday,9,2012,59.0,87.0,71.0,85.0,86.85714285714286,103.66666666666667
FOODS_3_090_CA_1_evaluation,FOODS_3_090,FOODS_3,FOODS,CA_1,d_602,108,2012-09-21,11234,Friday,9,2012,84.0,107.0,130.0,141.0,86.42857142857143,104.86666666666666
FOODS_3_090_CA_1_evaluation,FOODS_3_090,FOODS_3,FOODS,CA_1,d_603,109,2012-09-22,11235,Saturday,9,2012,108.0,99.0,109.0,225.0,86.57142857142857,105.86666666666666
FOODS_3_090_CA_1_evaluation,FOODS_3_090,FOODS_3,FOODS,CA_1,d_604,160,2012-09-23,11235,Sunday,9,2012,109.0,118.0,160.0,105.0,88.0,106.66666666666667
FOODS_3_090_CA_1_evaluation,FOODS_3_090,FOODS_3,FOODS,CA_1,d_605,68,2012-09-24,11235,Monday,9,2012,160.0,65.0,67.0,73.0,94.0,107.3
FOODS_3_090_CA_1_evaluation,FOODS_3_090,FOODS_3,FOODS,CA_1,d_606,91,2012-09-25,11235,Tuesday,9,2012,68.0,73.0,51.0,89.0,94.42857142857143,102.06666666666666
FOODS_3_090_CA_1_evaluation,FOODS_3_090,FOODS_3,FOODS,CA_1,d_607,70,2012-09-26,11235,Wednesday,9,2012,91.0,59.0,89.0,89.0,97.0,101.6
FOODS_3_090_CA_1_evaluation,FOODS_3_090,FOODS_3,FOODS,CA_1,d_608,77,2012-09-27,11235,Thursday,9,2012,70.0,84.0,87.0,122.0,98.57142857142857,101.5
FOODS_3_090_CA_1_evaluation,FOODS_3_090,FOODS_3,FOODS,CA_1,d_609,63,2012-09-28,11235,Friday,9,2012,77.0,108.0,107.0,125.0,97.57142857142857,101.1
FOODS_3_090_CA_1_evaluation,FOODS_3_090,FOODS_3,FOODS,CA_1,d_610,134,2012-09-29,11236,Saturday,9,2012,63.0,109.0,99.0,159.0,91.14285714285714,100.23333333333333
FOODS_3_090_CA_1_evaluation,FOODS_3_090,FOODS_3,FOODS,CA_1,d_611,116,2012-09-30,11236,Sunday,9,2012,134.0,160.0,118.0,150.0,94.71428571428571,100.63333333333334
FOODS_3_090_CA_1_evaluation,FOODS_3_090,FOODS_3,FOODS,CA_1,d_612,109,2012-10-01,11236,Monday,10,2012,116.0,68.0,65.0,127.0,88.42857142857143,100.33333333333333
FOODS_3_090_CA_1_evaluation,FOODS_3_090,FOODS_3,FOODS,CA_1,d_613,81,2012-10-02,11236,Tuesday,10,2012,109.0,91.0,73.0,111.0,94.28571428571429,98.66666666666667
FOODS_3_090_CA_1_evaluation,FOODS_3_090,FOODS_3,FOODS,CA_1,d_614,108,2012-10-03,11236,Wednesday,10,2012,81.0,70.0,59.0,98.0,92.85714285714286,96.36666666666666
FOODS_3_090_CA_1_evaluation,FOODS_3_090,FOODS_3,FOODS,CA_1,d_615,74,2012-10-04,11236,Thursday,10,2012,108.0,77.0,84.0,71.0,98.28571428571429,95.73333333333333
FOODS_3_090_CA_1_evaluation,FOODS_3_090,FOODS_3,FOODS,CA_1,d_616,0,2012-10-05,11236,Friday,10,2012,74.0,63.0,108.0,130.0,97.85714285714286,94.5
FOODS_3_090_CA_1_evaluation,FOODS_3_090,FOODS_3,FOODS,CA_1,d_617,114,2012-10-06,11237,Saturday,10,2012,0.0,134.0,109.0,109.0,88.85714285714286,91.23333333333333
FOODS_3_090_CA_1_evaluation,FOODS_3_090,FOODS_3,FOODS,CA_1,d_618,137,2012-10-07,11237,Sunday,10,2012,114.0,116.0,160.0,160.0,86.0,92.66666666666667
FOODS_3_090_CA_1_evaluation,FOODS_3_090,FOODS_3,FOODS,CA_1,d_619,53,2012-10-08,11237,Monday,10,2012,137.0,109.0,68.0,67.0,89.0,92.9
FOODS_3_090_CA_1_evaluation,FOODS_3_090,FOODS_3,FOODS,CA_1,d_620,86,2012-10-09,11237,Tuesday,10,2012,53.0,81.0,91.0,51.0,81.0,91.03333333333333
FOODS_3_090_CA_1_evaluation,FOODS_3_090,FOODS_3,FOODS,CA_1,d_621,50,2012-10-10,11237,Wednesday,10,2012,86.0,108.0,70.0,89.0,81.71428571428571,88.56666666666666
FOODS_3_090_CA_1_evaluation,FOODS_3_090,FOODS_3,FOODS,CA_1,d_622,75,2012-10-11,11237,Thursday,10,2012,50.0,74.0,77.0,87.0,73.42857142857143,88.0
FOODS_3_090_CA_1_evaluation,FOODS_3_090,FOODS_3,FOODS,CA_1,d_623,161,2012-10-12,11237,Friday,10,2012,75.0,0.0,63.0,107.0,73.57142857142857,88.8
FOODS_3_090_CA_1_evaluation,FOODS_3_090,FOODS_3,FOODS,CA_1,d_624,105,2012-10-13,11238,Saturday,10,2012,161.0,114.0,134.0,99.0,96.57142857142857,91.2
FOODS_3_090_CA_1_evaluation,FOODS_3_090,FOODS_3,FOODS,CA_1,d_625,100,2012-10-14,11238,Sunday,10,2012,105.0,137.0,116.0,118.0,95.28571428571429,91.8
FOODS_3_090_CA_1_evaluation,FOODS_3_090,FOODS_3,FOODS,CA_1,d_626,43,2012-10-15,11238,Monday,10,2012,100.0,53.0,109.0,65.0,90.0,91.56666666666666
FOODS_3_090_CA_1_evaluation,FOODS_3_090,FOODS_3,FOODS,CA_1,d_627,64,2012-10-16,11238,Tuesday,10,2012,43.0,86.0,81.0,73.0,88.57142857142857,89.7
FOODS_3_090_CA_1_evaluation,FOODS_3_090,FOODS_3,FOODS,CA_1,d_628,44,2012-10-17,11238,Wednesday,10,2012,64.0,50.0,108.0,59.0,85.42857142857143,87.9
FOODS_3_090_CA_1_evaluation,FOODS_3_090,FOODS_3,FOODS,CA_1,d_629,37,2012-10-18,11238,Thursday,10,2012,44.0,75.0,74.0,84.0,84.57142857142857,87.2
FOODS_3_090_CA_1_evaluation,FOODS_3_090,FOODS_3,FOODS,CA_1,d_630,139,2012-10-19,11238,Friday,10,2012,37.0,161.0,0.0,108.0,79.14285714285714,86.0
FOODS_3_090_CA_1_evaluation,FOODS_3_090,FOODS_3,FOODS,CA_1,d_631,0,2012-10-20,11239,Saturday,10,2012,139.0,105.0,114.0,109.0,76.0,88.66666666666667
FOODS_3_090_CA_1_evaluation,FOODS_3_090,FOODS_3,FOODS,CA_1,d_632,0,2012-10-21,11239,Sunday,10,2012,0.0,100.0,137.0,160.0,61.0,85.86666666666666
FOODS_3_090_CA_1_evaluation,FOODS_3_090,FOODS_3,FOODS,CA_1,d_633,0,2012-10-22,11239,Monday,10,2012,0.0,43.0,53.0,68.0,46.714285714285715,82.26666666666667
FOODS_3_090_CA_1_evaluation,FOODS_3_090,FOODS_3,FOODS,CA_1,d_634,46,2012-10-23,11239,Tuesday,10,2012,0.0,64.0,86.0,91.0,40.57142857142857,78.63333333333334
FOODS_3_090_CA_1_evaluation,FOODS_3_090,FOODS_3,FOODS,CA_1,d_635,69,2012-10-24,11239,Wednesday,10,2012,46.0,44.0,50.0,70.0,38.0,74.83333333333333
FOODS_3_090_CA_1_evaluation,FOODS_3_090,FOODS_3,FOODS,CA_1,d_636,100,2012-10-25,11239,Thursday,10,2012,69.0,37.0,75.0,77.0,41.57142857142857,74.86666666666666
FOODS_3_090_CA_1_evaluation,FOODS_3_090,FOODS_3,FOODS,CA_1,d_637,142,2012-10-26,11239,Friday,10,2012,100.0,139.0,161.0,63.0,50.57142857142857,75.16666666666667
FOODS_3_090_CA_1_evaluation,FOODS_3_090,FOODS_3,FOODS,CA_1,d_638,135,2012-10-27,11240,Saturday,10,2012,142.0,0.0,105.0,134.0,51.0,77.56666666666666
FOODS_3_090_CA_1_evaluation,FOODS_3_090,FOODS_3,FOODS,CA_1,d_639,205,2012-10-28,11240,Sunday,10,2012,135.0,0.0,100.0,116.0,70.28571428571429,79.5
FOODS_3_090_CA_1_evaluation,FOODS_3_090,FOODS_3,FOODS,CA_1,d_640,167,2012-10-29,11240,Monday,10,2012,205.0,0.0,43.0,109.0,99.57142857142857,84.23333333333333
FOODS_3_090_CA_1_evaluation,FOODS_3_090,FOODS_3,FOODS,CA_1,d_641,102,2012-10-30,11240,Tuesday,10,2012,167.0,46.0,64.0,81.0,123.42857142857143,85.33333333333333
FOODS_3_090_CA_1_evaluation,FOODS_3_090,FOODS_3,FOODS,CA_1,d_642,77,2012-10-31,11240,Wednesday,10,2012,102.0,69.0,44.0,108.0,131.42857142857142,84.86666666666666
FOODS_3_090_CA_1_evaluation,FOODS_3_090,FOODS_3,FOODS,CA_1,d_643,113,2012-11-01,11240,Thursday,11,2012,77.0,100.0,37.0,74.0,132.57142857142858,83.8
FOODS_3_090_CA_1_evaluation,FOODS_3_090,FOODS_3,FOODS,CA_1,d_644,142,2012-11-02,11240,Friday,11,2012,113.0,142.0,139.0,0.0,134.42857142857142,84.86666666666666
FOODS_3_090_CA_1_evaluation,FOODS_3_090,FOODS_3,FOODS,CA_1,d_645,140,2012-11-03,11241,Saturday,11,2012,142.0,135.0,0.0,114.0,134.42857142857142,86.0
FOODS_3_090_CA_1_evaluation,FOODS_3_090,FOODS_3,FOODS,CA_1,d_646,144,2012-11-04,11241,Sunday,11,2012,140.0,205.0,0.0,137.0,135.14285714285714,88.2
FOODS_3_090_CA_1_evaluation,FOODS_3_090,FOODS_3,FOODS,CA_1,d_647,74,2012-11-05,11241,Monday,11,2012,144.0,167.0,0.0,53.0,126.42857142857143,93.0
FOODS_3_090_CA_1_evaluation,FOODS_3_090,FOODS_3,FOODS,CA_1,d_648,76,2012-11-06,11241,Tuesday,11,2012,74.0,102.0,46.0,86.0,113.14285714285714,91.66666666666667
FOODS_3_090_CA_1_evaluation,FOODS_3_090,FOODS_3,FOODS,CA_1,d_649,67,2012-11-07,11241,Wednesday,11,2012,76.0,77.0,69.0,50.0,109.42857142857143,89.63333333333334
FOODS_3_090_CA_1_evaluation,FOODS_3_090,FOODS_3,FOODS,CA_1,d_650,81,2012-11-08,11241,Thursday,11,2012,67.0,113.0,100.0,75.0,108.0,90.1
FOODS_3_090_CA_1_evaluation,FOODS_3_090,FOODS_3,FOODS,CA_1,d_651,141,2012-11-09,11241,Friday,11,2012,81.0,142.0,142.0,161.0,103.42857142857143,89.93333333333334
FOODS_3_090_CA_1_evaluation,FOODS_3_090,FOODS_3,FOODS,CA_1,d_652,137,2012-11-10,11242,Saturday,11,2012,141.0,140.0,135.0,105.0,103.28571428571429,92.96666666666667
FOODS_3_090_CA_1_evaluation,FOODS_3_090,FOODS_3,FOODS,CA_1,d_653,183,2012-11-11,11242,Sunday,11,2012,137.0,144.0,205.0,100.0,102.85714285714286,95.03333333333333
FOODS_3_090_CA_1_evaluation,FOODS_3_090,FOODS_3,FOODS,CA_1,d_654,114,2012-11-12,11242,Monday,11,2012,183.0,74.0,167.0,43.0,108.42857142857143,95.76666666666667
FOODS_3_090_CA_1_evaluation,FOODS_3_090,FOODS_3,FOODS,CA_1,d_655,86,2012-11-13,11242,Tuesday,11,2012,114.0,76.0,102.0,64.0,114.14285714285714,96.06666666666666
FOODS_3_090_CA_1_evaluation,FOODS_3_090,FOODS_3,FOODS,CA_1,d_656,64,2012-11-14,11242,Wednesday,11,2012,86.0,67.0,77.0,44.0,115.57142857142857,95.6
FOODS_3_090_CA_1_evaluation,FOODS_3_090,FOODS_3,FOODS,CA_1,d_657,77,2012-11-15,11242,Thursday,11,2012,64.0,81.0,113.0,37.0,115.14285714285714,96.3
FOODS_3_090_CA_1_evaluation,FOODS_3_090,FOODS_3,FOODS,CA_1,d_658,137,2012-11-16,11242,Friday,11,2012,77.0,141.0,142.0,139.0,114.57142857142857,96.73333333333333
FOODS_3_090_CA_1_evaluation,FOODS_3_090,FOODS_3,FOODS,CA_1,d_659,161,2012-11-17,11243,Saturday,11,2012,137.0,137.0,140.0,0.0,114.0,99.83333333333333
FOODS_3_090_CA_1_evaluation,FOODS_3_090,FOODS_3,FOODS,CA_1,d_660,170,2012-11-18,11243,Sunday,11,2012,161.0,183.0,144.0,0.0,117.42857142857143,103.96666666666667
FOODS_3_090_CA_1_evaluation,FOODS_3_090,FOODS_3,FOODS,CA_1,d_661,143,2012-11-19,11243,Monday,11,2012,170.0,114.0,74.0,0.0,115.57142857142857,105.0
FOODS_3_090_CA_1_evaluation,FOODS_3_090,FOODS_3,FOODS,CA_1,d_662,144,2012-11-20,11243,Tuesday,11,2012,143.0,86.0,76.0,46.0,119.71428571428571,109.76666666666667
FOODS_3_090_CA_1_evaluation,FOODS_3_090,FOODS_3,FOODS,CA_1,d_663,313,2012-11-21,11243,Wednesday,11,2012,144.0,64.0,67.0,69.0,128.0,114.56666666666666
FOODS_3_090_CA_1_evaluation,FOODS_3_090,FOODS_3,FOODS,CA_1,d_664,183,2012-11-22,11243,Thursday,11,2012,313.0,77.0,81.0,100.0,163.57142857142858,125.0
FOODS_3_090_CA_1_evaluation,FOODS_3_090,FOODS_3,FOODS,CA_1,d_665,45,2012-11-23,11243,Friday,11,2012,183.0,137.0,141.0,142.0,178.71428571428572,129.56666666666666
FOODS_3_090_CA_1_evaluation,FOODS_3_090,FOODS_3,FOODS,CA_1,d_666,125,2012-11-24,11244,Saturday,11,2012,45.0,161.0,137.0,135.0,165.57142857142858,128.76666666666668
FOODS_3_090_CA_1_evaluation,FOODS_3_090,FOODS_3,FOODS,CA_1,d_667,132,2012-11-25,11244,Sunday,11,2012,125.0,170.0,183.0,205.0,160.42857142857142,129.6
FOODS_3_090_CA_1_evaluation,FOODS_3_090,FOODS_3,FOODS,CA_1,d_668,53,2012-11-26,11244,Monday,11,2012,132.0,143.0,114.0,167.0,155.0,129.26666666666668
FOODS_3_090_CA_1_evaluation,FOODS_3_090,FOODS_3,FOODS,CA_1,d_669,69,2012-11-27,11244,Tuesday,11,2012,53.0,144.0,86.0,102.0,142.14285714285714,126.53333333333333
FOODS_3_090_CA_1_evaluation,FOODS_3_090,FOODS_3,FOODS,CA_1,d_670,100,2012-11-28,11244,Wednesday,11,2012,69.0,313.0,64.0,77.0,131.42857142857142,122.0
FOODS_3_090_CA_1_evaluation,FOODS_3_090,FOODS_3,FOODS,CA_1,d_671,71,2012-11-29,11244,Thursday,11,2012,100.0,183.0,77.0,113.0,101.0,119.76666666666667
FOODS_3_090_CA_1_evaluation,FOODS_3_090,FOODS_3,FOODS,CA_1,d_672,127,2012-11-30,11244,Friday,11,2012,71.0,45.0,137.0,142.0,85.0,118.73333333333333
FOODS_3_090_CA_1_evaluation,FOODS_3_090,FOODS_3,FOODS,CA_1,d_673,172,2012-12-01,11245,Saturday,12,2012,127.0,125.0,161.0,140.0,96.71428571428571,120.4
FOODS_3_090_CA_1_evaluation,FOODS_3_090,FOODS_3,FOODS,CA_1,d_674,114,2012-12-02,11245,Sunday,12,2012,172.0,132.0,170.0,144.0,103.42857142857143,122.36666666666666
FOODS_3_090_CA_1_evaluation,FOODS_3_090,FOODS_3,FOODS,CA_1,d_675,75,2012-12-03,11245,Monday,12,2012,114.0,53.0,143.0,74.0,100.85714285714286,121.43333333333334
FOODS_3_090_CA_1_evaluation,FOODS_3_090,FOODS_3,FOODS,CA_1,d_676,80,2012-12-04,11245,Tuesday,12,2012,75.0,69.0,144.0,76.0,104.0,119.26666666666667
FOODS_3_090_CA_1_evaluation,FOODS_3_090,FOODS_3,FOODS,CA_1,d_677,94,2012-12-05,11245,Wednesday,12,2012,80.0,100.0,313.0,67.0,105.57142857142857,117.13333333333334
FOODS_3_090_CA_1_evaluation,FOODS_3_090,FOODS_3,FOODS,CA_1,d_678,113,2012-12-06,11245,Thursday,12,2012,94.0,71.0,183.0,81.0,104.71428571428571,117.8
FOODS_3_090_CA_1_evaluation,FOODS_3_090,FOODS_3,FOODS,CA_1,d_679,142,2012-12-07,11245,Friday,12,2012,113.0,127.0,45.0,141.0,110.71428571428571,119.03333333333333
FOODS_3_090_CA_1_evaluation,FOODS_3_090,FOODS_3,FOODS,CA_1,d_680,153,2012-12-08,11246,Saturday,12,2012,142.0,172.0,125.0,137.0,112.85714285714286,121.53333333333333
FOODS_3_090_CA_1_evaluation,FOODS_3_090,FOODS_3,FOODS,CA_1,d_681,128,2012-12-09,11246,Sunday,12,2012,153.0,114.0,132.0,183.0,110.14285714285714,123.93333333333334
FOODS_3_090_CA_1_evaluation,FOODS_3_090,FOODS_3,FOODS,CA_1,d_682,147,2012-12-10,11246,Monday,12,2012,128.0,75.0,53.0,114.0,112.14285714285714,123.5
FOODS_3_090_CA_1_evaluation,FOODS_3_090,FOODS_3,FOODS,CA_1,d_683,76,2012-12-11,11246,Tuesday,12,2012,147.0,80.0,69.0,86.0,122.42857142857143,123.83333333333333
FOODS_3_090_CA_1_evaluation,FOODS_3_090,FOODS_3,FOODS,CA_1,d_684,91,2012-12-12,11246,Wednesday,12,2012,76.0,94.0,100.0,64.0,121.85714285714286,120.26666666666667
FOODS_3_090_CA_1_evaluation,FOODS_3_090,FOODS_3,FOODS,CA_1,d_685,89,2012-12-13,11246,Thursday,12,2012,91.0,113.0,71.0,77.0,121.42857142857143,119.5
FOODS_3_090_CA_1_evaluation,FOODS_3_090,FOODS_3,FOODS,CA_1,d_686,138,2012-12-14,11246,Friday,12,2012,89.0,142.0,127.0,137.0,118.0,119.6
FOODS_3_090_CA_1_evaluation,FOODS_3_090,FOODS_3,FOODS,CA_1,d_687,152,2012-12-15,11247,Saturday,12,2012,138.0,153.0,172.0,161.0,117.42857142857143,122.06666666666666
FOODS_3_090_CA_1_evaluation,FOODS_3_090,FOODS_3,FOODS,CA_1,d_688,190,2012-12-16,11247,Sunday,12,2012,152.0,128.0,114.0,170.0,117.28571428571429,124.56666666666666
FOODS_3_090_CA_1_evaluation,FOODS_3_090,FOODS_3,FOODS,CA_1,d_689,109,2012-12-17,11247,Monday,12,2012,190.0,147.0,75.0,143.0,126.14285714285714,126.33333333333333
FOODS_3_090_CA_1_evaluation,FOODS_3_090,FOODS_3,FOODS,CA_1,d_690,99,2012-12-18,11247,Tuesday,12,2012,109.0,76.0,80.0,144.0,120.71428571428571,124.6
FOODS_3_090_CA_1_evaluation,FOODS_3_090,FOODS_3,FOODS,CA_1,d_691,98,2012-12-19,11247,Wednesday,12,2012,99.0,91.0,94.0,313.0,124.0,122.23333333333333
FOODS_3_090_CA_1_evaluation,FOODS_3_090,FOODS_3,FOODS,CA_1,d_692,125,2012-12-20,11247,Thursday,12,2012,98.0,89.0,113.0,183.0,125.0,120.73333333333333
FOODS_3_090_CA_1_evaluation,FOODS_3_090,FOODS_3,FOODS,CA_1,d_693,117,2012-12-21,11247,Friday,12,2012,125.0,138.0,142.0,45.0,130.14285714285714,120.1
FOODS_3_090_CA_1_evaluation,FOODS_3_090,FOODS_3,FOODS,CA_1,d_694,282,2012-12-22,11248,Saturday,12,2012,117.0,152.0,153.0,125.0,127.14285714285714,113.56666666666666
FOODS_3_090_CA_1_evaluation,FOODS_3_090,FOODS_3,FOODS,CA_1,d_695,293,2012-12-23,11248,Sunday,12,2012,282.0,190.0,128.0,132.0,145.71428571428572,116.86666666666666
FOODS_3_090_CA_1_evaluation,FOODS_3_090,FOODS_3,FOODS,CA_1,d_696,286,2012-12-24,11248,Monday,12,2012,293.0,109.0,147.0,53.0,160.42857142857142,125.13333333333334
FOODS_3_090_CA_1_evaluation,FOODS_3_090,FOODS_3,FOODS,CA_1,d_697,0,2012-12-25,11248,Tuesday,12,2012,286.0,99.0,76.0,69.0,185.71428571428572,130.5
FOODS_3_090_CA_1_evaluation,FOODS_3_090,FOODS_3,FOODS,CA_1,d_698,70,2012-12-26,11248,Wednesday,12,2012,0.0,98.0,91.0,100.0,171.57142857142858,126.1
FOODS_3_090_CA_1_evaluation,FOODS_3_090,FOODS_3,FOODS,CA_1,d_699,88,2012-12-27,11248,Thursday,12,2012,70.0,125.0,89.0,71.0,167.57142857142858,126.66666666666667
FOODS_3_090_CA_1_evaluation,FOODS_3_090,FOODS_3,FOODS,CA_1,d_700,91,2012-12-28,11248,Friday,12,2012,88.0,117.0,138.0,127.0,162.28571428571428,127.3
FOODS_3_090_CA_1_evaluation,FOODS_3_090,FOODS_3,FOODS,CA_1,d_701,101,2012-12-29,11249,Saturday,12,2012,91.0,282.0,152.0,172.0,158.57142857142858,127.0
FOODS_3_090_CA_1_evaluation,FOODS_3_090,FOODS_3,FOODS,CA_1,d_702,172,2012-12-30,11249,Sunday,12,2012,101.0,293.0,190.0,114.0,132.71428571428572,128.0
FOODS_3_090_CA_1_evaluation,FOODS_3_090,FOODS_3,FOODS,CA_1,d_703,215,2012-12-31,11249,Monday,12,2012,172.0,286.0,109.0,75.0,115.42857142857143,129.5
FOODS_3_090_CA_1_evaluation,FOODS_3_090,FOODS_3,FOODS,CA_1,d_704,45,2013-01-01,11249,Tuesday,1,2013,215.0,0.0,99.0,80.0,105.28571428571429,130.93333333333334
FOODS_3_090_CA_1_evaluation,FOODS_3_090,FOODS_3,FOODS,CA_1,d_705,47,2013-01-02,11249,Wednesday,1,2013,45.0,70.0,98.0,94.0,111.71428571428571,128.63333333333333
FOODS_3_090_CA_1_evaluation,FOODS_3_090,FOODS_3,FOODS,CA_1,d_706,118,2013-01-03,11249,Thursday,1,2013,47.0,88.0,125.0,113.0,108.42857142857143,127.7
FOODS_3_090_CA_1_evaluation,FOODS_3_090,FOODS_3,FOODS,CA_1,d_707,119,2013-01-04,11249,Friday,1,2013,118.0,91.0,117.0,142.0,112.71428571428571,128.96666666666667
FOODS_3_090_CA_1_evaluation,FOODS_3_090,FOODS_3,FOODS,CA_1,d_708,100,2013-01-05,11250,Saturday,1,2013,119.0,101.0,282.0,153.0,116.71428571428571,129.8
FOODS_3_090_CA_1_evaluation,FOODS_3_090,FOODS_3,FOODS,CA_1,d_709,104,2013-01-06,11250,Sunday,1,2013,100.0,172.0,293.0,128.0,116.57142857142857,129.36666666666667
FOODS_3_090_CA_1_evaluation,FOODS_3_090,FOODS_3,FOODS,CA_1,d_710,40,2013-01-07,11250,Monday,1,2013,104.0,215.0,286.0,147.0,106.85714285714286,128.1
FOODS_3_090_CA_1_evaluation,FOODS_3_090,FOODS_3,FOODS,CA_1,d_711,54,2013-01-08,11250,Tuesday,1,2013,40.0,45.0,0.0,76.0,81.85714285714286,124.33333333333333
FOODS_3_090_CA_1_evaluation,FOODS_3_090,FOODS_3,FOODS,CA_1,d_712,50,2013-01-09,11250,Wednesday,1,2013,54.0,47.0,70.0,91.0,83.14285714285714,121.86666666666666
FOODS_3_090_CA_1_evaluation,FOODS_3_090,FOODS_3,FOODS,CA_1,d_713,51,2013-01-10,11250,Thursday,1,2013,50.0,118.0,88.0,89.0,83.57142857142857,118.63333333333334
FOODS_3_090_CA_1_evaluation,FOODS_3_090,FOODS_3,FOODS,CA_1,d_714,97,2013-01-11,11250,Friday,1,2013,51.0,119.0,91.0,138.0,74.0,117.8
FOODS_3_090_CA_1_evaluation,FOODS_3_090,FOODS_3,FOODS,CA_1,d_715,93,2013-01-12,11251,Saturday,1,2013,97.0,100.0,101.0,152.0,70.85714285714286,118.0
FOODS_3_090_CA_1_evaluation,FOODS_3_090,FOODS_3,FOODS,CA_1,d_716,97,2013-01-13,11251,Sunday,1,2013,93.0,104.0,172.0,190.0,69.85714285714286,118.13333333333334
FOODS_3_090_CA_1_evaluation,FOODS_3_090,FOODS_3,FOODS,CA_1,d_717,38,2013-01-14,11251,Monday,1,2013,97.0,40.0,215.0,109.0,68.85714285714286,116.76666666666667
FOODS_3_090_CA_1_evaluation,FOODS_3_090,FOODS_3,FOODS,CA_1,d_718,46,2013-01-15,11251,Tuesday,1,2013,38.0,54.0,45.0,99.0,68.57142857142857,112.96666666666667
FOODS_3_090_CA_1_evaluation,FOODS_3_090,FOODS_3,FOODS,CA_1,d_719,38,2013-01-16,11251,Wednesday,1,2013,46.0,50.0,47.0,98.0,67.42857142857143,108.16666666666667
FOODS_3_090_CA_1_evaluation,FOODS_3_090,FOODS_3,FOODS,CA_1,d_720,63,2013-01-17,11251,Thursday,1,2013,38.0,51.0,118.0,125.0,65.71428571428571,105.8
FOODS_3_090_CA_1_evaluation,FOODS_3_090,FOODS_3,FOODS,CA_1,d_721,72,2013-01-18,11251,Friday,1,2013,63.0,97.0,119.0,117.0,67.42857142857143,104.6
FOODS_3_090_CA_1_evaluation,FOODS_3_090,FOODS_3,FOODS,CA_1,d_722,109,2013-01-19,11252,Saturday,1,2013,72.0,93.0,100.0,282.0,63.857142857142854,103.73333333333333
FOODS_3_090_CA_1_evaluation,FOODS_3_090,FOODS_3,FOODS,CA_1,d_723,100,2013-01-20,11252,Sunday,1,2013,109.0,97.0,104.0,293.0,66.14285714285714,103.2
FOODS_3_090_CA_1_evaluation,FOODS_3_090,FOODS_3,FOODS,CA_1,d_724,61,2013-01-21,11252,Monday,1,2013,100.0,38.0,40.0,286.0,66.57142857142857,102.63333333333334
FOODS_3_090_CA_1_evaluation,FOODS_3_090,FOODS_3,FOODS,CA_1,d_725,0,2013-01-22,11252,Tuesday,1,2013,61.0,46.0,54.0,0.0,69.85714285714286,95.26666666666667
FOODS_3_090_CA_1_evaluation,FOODS_3_090,FOODS_3,FOODS,CA_1,d_726,0,2013-01-23,11252,Wednesday,1,2013,0.0,38.0,50.0,70.0,63.285714285714285,85.5
FOODS_3_090_CA_1_evaluation,FOODS_3_090,FOODS_3,FOODS,CA_1,d_727,0,2013-01-24,11252,Thursday,1,2013,0.0,63.0,51.0,88.0,57.857142857142854,75.96666666666667
FOODS_3_090_CA_1_evaluation,FOODS_3_090,FOODS_3,FOODS,CA_1,d_728,0,2013-01-25,11252,Friday,1,2013,0.0,72.0,97.0,91.0,48.857142857142854,75.96666666666667
FOODS_3_090_CA_1_evaluation,FOODS_3_090,FOODS_3,FOODS,CA_1,d_729,86,2013-01-26,11301,Saturday,1,2013,0.0,109.0,93.0,101.0,38.57142857142857,73.63333333333334
FOODS_3_090_CA_1_evaluation,FOODS_3_090,FOODS_3,FOODS,CA_1,d_730,62,2013-01-27,11301,Sunday,1,2013,86.0,100.0,97.0,172.0,35.285714285714285,73.56666666666666
FOODS_3_090_CA_1_evaluation,FOODS_3_090,FOODS_3,FOODS,CA_1,d_731,63,2013-01-28,11301,Monday,1,2013,62.0,61.0,38.0,215.0,29.857142857142858,72.6
FOODS_3_090_CA_1_evaluation,FOODS_3_090,FOODS_3,FOODS,CA_1,d_732,44,2013-01-29,11301,Tuesday,1,2013,63.0,0.0,46.0,45.0,30.142857142857142,71.33333333333333
FOODS_3_090_CA_1_evaluation,FOODS_3_090,FOODS_3,FOODS,CA_1,d_733,57,2013-01-30,11301,Wednesday,1,2013,44.0,0.0,38.0,47.0,36.42857142857143,67.06666666666666
FOODS_3_090_CA_1_evaluation,FOODS_3_090,FOODS_3,FOODS,CA_1,d_734,101,2013-01-31,11301,Thursday,1,2013,57.0,0.0,63.0,118.0,44.57142857142857,61.8
FOODS_3_090_CA_1_evaluation,FOODS_3_090,FOODS_3,FOODS,CA_1,d_735,123,2013-02-01,11301,Friday,2,2013,101.0,0.0,72.0,119.0,59.0,63.666666666666664
FOODS_3_090_CA_1_evaluation,FOODS_3_090,FOODS_3,FOODS,CA_1,d_736,152,2013-02-02,11302,Saturday,2,2013,123.0,86.0,109.0,100.0,76.57142857142857,66.2
FOODS_3_090_CA_1_evaluation,FOODS_3_090,FOODS_3,FOODS,CA_1,d_737,110,2013-02-03,11302,Sunday,2,2013,152.0,62.0,100.0,104.0,86.0,67.33333333333333
FOODS_3_090_CA_1_evaluation,FOODS_3_090,FOODS_3,FOODS,CA_1,d_738,27,2013-02-04,11302,Monday,2,2013,110.0,63.0,61.0,40.0,92.85714285714286,67.03333333333333
FOODS_3_090_CA_1_evaluation,FOODS_3_090,FOODS_3,FOODS,CA_1,d_739,40,2013-02-05,11302,Tuesday,2,2013,27.0,44.0,0.0,54.0,87.71428571428571,64.6
FOODS_3_090_CA_1_evaluation,FOODS_3_090,FOODS_3,FOODS,CA_1,d_740,66,2013-02-06,11302,Wednesday,2,2013,40.0,57.0,0.0,50.0,87.14285714285714,62.46666666666667
FOODS_3_090_CA_1_evaluation,FOODS_3_090,FOODS_3,FOODS,CA_1,d_741,48,2013-02-07,11302,Thursday,2,2013,66.0,101.0,0.0,51.0,88.42857142857143,63.333333333333336
FOODS_3_090_CA_1_evaluation,FOODS_3_090,FOODS_3,FOODS,CA_1,d_742,88,2013-02-08,11302,Friday,2,2013,48.0,123.0,0.0,97.0,80.85714285714286,63.13333333333333
FOODS_3_090_CA_1_evaluation,FOODS_3_090,FOODS_3,FOODS,CA_1,d_743,109,2013-02-09,11303,Saturday,2,2013,88.0,152.0,86.0,93.0,75.85714285714286,64.4
FOODS_3_090_CA_1_evaluation,FOODS_3_090,FOODS_3,FOODS,CA_1,d_744,110,2013-02-10,11303,Sunday,2,2013,109.0,110.0,62.0,97.0,69.71428571428571,66.33333333333333
FOODS_3_090_CA_1_evaluation,FOODS_3_090,FOODS_3,FOODS,CA_1,d_745,62,2013-02-11,11303,Monday,2,2013,110.0,27.0,63.0,38.0,69.71428571428571,66.76666666666667
FOODS_3_090_CA_1_evaluation,FOODS_3_090,FOODS_3,FOODS,CA_1,d_746,36,2013-02-12,11303,Tuesday,2,2013,62.0,40.0,44.0,46.0,74.71428571428571,65.73333333333333
FOODS_3_090_CA_1_evaluation,FOODS_3_090,FOODS_3,FOODS,CA_1,d_747,60,2013-02-13,11303,Wednesday,2,2013,36.0,66.0,57.0,38.0,74.14285714285714,63.7
FOODS_3_090_CA_1_evaluation,FOODS_3_090,FOODS_3,FOODS,CA_1,d_748,41,2013-02-14,11303,Thursday,2,2013,60.0,48.0,101.0,63.0,73.28571428571429,64.43333333333334
FOODS_3_090_CA_1_evaluation,FOODS_3_090,FOODS_3,FOODS,CA_1,d_749,90,2013-02-15,11303,Friday,2,2013,41.0,88.0,123.0,72.0,72.28571428571429,64.26666666666667
FOODS_3_090_CA_1_evaluation,FOODS_3_090,FOODS_3,FOODS,CA_1,d_750,106,2013-02-16,11304,Saturday,2,2013,90.0,109.0,152.0,109.0,72.57142857142857,66.0
FOODS_3_090_CA_1_evaluation,FOODS_3_090,FOODS_3,FOODS,CA_1,d_751,86,2013-02-17,11304,Sunday,2,2013,106.0,110.0,110.0,100.0,72.14285714285714,67.43333333333334
FOODS_3_090_CA_1_evaluation,FOODS_3_090,FOODS_3,FOODS,CA_1,d_752,53,2013-02-18,11304,Monday,2,2013,86.0,62.0,27.0,61.0,68.71428571428571,67.9
FOODS_3_090_CA_1_evaluation,FOODS_3_090,FOODS_3,FOODS,CA_1,d_753,55,2013-02-19,11304,Tuesday,2,2013,53.0,36.0,40.0,0.0,67.42857142857143,66.03333333333333
FOODS_3_090_CA_1_evaluation,FOODS_3_090,FOODS_3,FOODS,CA_1,d_754,61,2013-02-20,11304,Wednesday,2,2013,55.0,60.0,66.0,0.0,70.14285714285714,64.53333333333333
FOODS_3_090_CA_1_evaluation,FOODS_3_090,FOODS_3,FOODS,CA_1,d_755,62,2013-02-21,11304,Thursday,2,2013,61.0,41.0,48.0,0.0,70.28571428571429,64.53333333333333
FOODS_3_090_CA_1_evaluation,FOODS_3_090,FOODS_3,FOODS,CA_1,d_756,108,2013-02-22,11304,Friday,2,2013,62.0,90.0,88.0,0.0,73.28571428571429,66.6
FOODS_3_090_CA_1_evaluation,FOODS_3_090,FOODS_3,FOODS,CA_1,d_757,96,2013-02-23,11305,Saturday,2,2013,108.0,106.0,109.0,86.0,75.85714285714286,70.2
FOODS_3_090_CA_1_evaluation,FOODS_3_090,FOODS_3,FOODS,CA_1,d_758,96,2013-02-24,11305,Sunday,2,2013,96.0,86.0,110.0,62.0,74.42857142857143,73.4
FOODS_3_090_CA_1_evaluation,FOODS_3_090,FOODS_3,FOODS,CA_1,d_759,42,2013-02-25,11305,Monday,2,2013,96.0,53.0,62.0,63.0,75.85714285714286,76.6
FOODS_3_090_CA_1_evaluation,FOODS_3_090,FOODS_3,FOODS,CA_1,d_760,49,2013-02-26,11305,Tuesday,2,2013,42.0,55.0,36.0,44.0,74.28571428571429,75.13333333333334
FOODS_3_090_CA_1_evaluation,FOODS_3_090,FOODS_3,FOODS,CA_1,d_761,44,2013-02-27,11305,Wednesday,2,2013,49.0,61.0,60.0,57.0,73.42857142857143,74.7
FOODS_3_090_CA_1_evaluation,FOODS_3_090,FOODS_3,FOODS,CA_1,d_762,85,2013-02-28,11305,Thursday,2,2013,44.0,62.0,41.0,101.0,71.0,74.06666666666666
FOODS_3_090_CA_1_evaluation,FOODS_3_090,FOODS_3,FOODS,CA_1,d_763,76,2013-03-01,11305,Friday,3,2013,85.0,108.0,90.0,123.0,74.28571428571429,75.43333333333334
FOODS_3_090_CA_1_evaluation,FOODS_3_090,FOODS_3,FOODS,CA_1,d_764,176,2013-03-02,11306,Saturday,3,2013,76.0,96.0,106.0,152.0,69.71428571428571,76.06666666666666
FOODS_3_090_CA_1_evaluation,FOODS_3_090,FOODS_3,FOODS,CA_1,d_765,96,2013-03-03,11306,Sunday,3,2013,176.0,96.0,86.0,110.0,81.14285714285714,78.56666666666666
FOODS_3_090_CA_1_evaluation,FOODS_3_090,FOODS_3,FOODS,CA_1,d_766,74,2013-03-04,11306,Monday,3,2013,96.0,42.0,53.0,27.0,81.14285714285714,77.66666666666667
FOODS_3_090_CA_1_evaluation,FOODS_3_090,FOODS_3,FOODS,CA_1,d_767,38,2013-03-05,11306,Tuesday,3,2013,74.0,49.0,55.0,40.0,85.71428571428571,75.06666666666666
FOODS_3_090_CA_1_evaluation,FOODS_3_090,FOODS_3,FOODS,CA_1,d_768,78,2013-03-06,11306,Wednesday,3,2013,38.0,44.0,61.0,66.0,84.14285714285714,72.66666666666667
FOODS_3_090_CA_1_evaluation,FOODS_3_090,FOODS_3,FOODS,CA_1,d_769,64,2013-03-07,11306,Thursday,3,2013,78.0,85.0,62.0,48.0,89.0,74.36666666666666
FOODS_3_090_CA_1_evaluation,FOODS_3_090,FOODS_3,FOODS,CA_1,d_770,70,2013-03-08,11306,Friday,3,2013,64.0,76.0,108.0,88.0,86.0,75.16666666666667
FOODS_3_090_CA_1_evaluation,FOODS_3_090,FOODS_3,FOODS,CA_1,d_771,86,2013-03-09,11307,Saturday,3,2013,70.0,176.0,96.0,109.0,85.14285714285714,75.3
FOODS_3_090_CA_1_evaluation,FOODS_3_090,FOODS_3,FOODS,CA_1,d_772,118,2013-03-10,11307,Sunday,3,2013,86.0,96.0,96.0,110.0,72.28571428571429,76.56666666666666
FOODS_3_090_CA_1_evaluation,FOODS_3_090,FOODS_3,FOODS,CA_1,d_773,32,2013-03-11,11307,Monday,3,2013,118.0,74.0,42.0,62.0,75.42857142857143,77.56666666666666
FOODS_3_090_CA_1_evaluation,FOODS_3_090,FOODS_3,FOODS,CA_1,d_774,46,2013-03-12,11307,Tuesday,3,2013,32.0,38.0,49.0,36.0,69.42857142857143,75.0
FOODS_3_090_CA_1_evaluation,FOODS_3_090,FOODS_3,FOODS,CA_1,d_775,75,2013-03-13,11307,Wednesday,3,2013,46.0,78.0,44.0,60.0,70.57142857142857,72.86666666666666
FOODS_3_090_CA_1_evaluation,FOODS_3_090,FOODS_3,FOODS,CA_1,d_776,57,2013-03-14,11307,Thursday,3,2013,75.0,64.0,85.0,41.0,70.14285714285714,73.3
FOODS_3_090_CA_1_evaluation,FOODS_3_090,FOODS_3,FOODS,CA_1,d_777,76,2013-03-15,11307,Friday,3,2013,57.0,70.0,76.0,90.0,69.14285714285714,74.0
FOODS_3_090_CA_1_evaluation,FOODS_3_090,FOODS_3,FOODS,CA_1,d_778,125,2013-03-16,11308,Saturday,3,2013,76.0,86.0,176.0,106.0,70.0,74.53333333333333
FOODS_3_090_CA_1_evaluation,FOODS_3_090,FOODS_3,FOODS,CA_1,d_779,52,2013-03-17,11308,Sunday,3,2013,125.0,118.0,96.0,86.0,75.57142857142857,77.33333333333333
FOODS_3_090_CA_1_evaluation,FOODS_3_090,FOODS_3,FOODS,CA_1,d_780,69,2013-03-18,11308,Monday,3,2013,52.0,32.0,74.0,53.0,66.14285714285714,76.06666666666666
FOODS_3_090_CA_1_evaluation,FOODS_3_090,FOODS_3,FOODS,CA_1,d_781,44,2013-03-19,11308,Tuesday,3,2013,69.0,46.0,38.0,55.0,71.42857142857143,74.83333333333333
FOODS_3_090_CA_1_evaluation,FOODS_3_090,FOODS_3,FOODS,CA_1,d_782,66,2013-03-20,11308,Wednesday,3,2013,44.0,75.0,78.0,61.0,71.14285714285714,73.43333333333334
FOODS_3_090_CA_1_evaluation,FOODS_3_090,FOODS_3,FOODS,CA_1,d_783,71,2013-03-21,11308,Thursday,3,2013,66.0,57.0,64.0,62.0,69.85714285714286,73.86666666666666
FOODS_3_090_CA_1_evaluation,FOODS_3_090,FOODS_3,FOODS,CA_1,d_784,78,2013-03-22,11308,Friday,3,2013,71.0,76.0,70.0,108.0,71.85714285714286,74.4
FOODS_3_090_CA_1_evaluation,FOODS_3_090,FOODS_3,FOODS,CA_1,d_785,133,2013-03-23,11309,Saturday,3,2013,78.0,125.0,86.0,96.0,72.14285714285714,74.96666666666667
FOODS_3_090_CA_1_evaluation,FOODS_3_090,FOODS_3,FOODS,CA_1,d_786,123,2013-03-24,11309,Sunday,3,2013,133.0,52.0,118.0,96.0,73.28571428571429,77.33333333333333
FOODS_3_090_CA_1_evaluation,FOODS_3_090,FOODS_3,FOODS,CA_1,d_787,70,2013-03-25,11309,Monday,3,2013,123.0,69.0,32.0,42.0,83.42857142857143,77.83333333333333
FOODS_3_090_CA_1_evaluation,FOODS_3_090,FOODS_3,FOODS,CA_1,d_788,74,2013-03-26,11309,Tuesday,3,2013,70.0,44.0,46.0,49.0,83.57142857142857,76.96666666666667
FOODS_3_090_CA_1_evaluation,FOODS_3_090,FOODS_3,FOODS,CA_1,d_789,56,2013-03-27,11309,Wednesday,3,2013,74.0,66.0,75.0,44.0,87.85714285714286,76.23333333333333
FOODS_3_090_CA_1_evaluation,FOODS_3_090,FOODS_3,FOODS,CA_1,d_790,85,2013-03-28,11309,Thursday,3,2013,56.0,71.0,57.0,85.0,86.42857142857143,76.7
FOODS_3_090_CA_1_evaluation,FOODS_3_090,FOODS_3,FOODS,CA_1,d_791,112,2013-03-29,11309,Friday,3,2013,85.0,78.0,76.0,76.0,88.42857142857143,77.9
FOODS_3_090_CA_1_evaluation,FOODS_3_090,FOODS_3,FOODS,CA_1,d_792,196,2013-03-30,11310,Saturday,3,2013,112.0,133.0,125.0,176.0,93.28571428571429,80.16666666666667
FOODS_3_090_CA_1_evaluation,FOODS_3_090,FOODS_3,FOODS,CA_1,d_793,229,2013-03-31,11310,Sunday,3,2013,196.0,123.0,52.0,96.0,102.28571428571429,83.86666666666666
FOODS_3_090_CA_1_evaluation,FOODS_3_090,FOODS_3,FOODS,CA_1,d_794,87,2013-04-01,11310,Monday,4,2013,229.0,70.0,69.0,74.0,117.42857142857143,88.96666666666667
FOODS_3_090_CA_1_evaluation,FOODS_3_090,FOODS_3,FOODS,CA_1,d_795,59,2013-04-02,11310,Tuesday,4,2013,87.0,74.0,44.0,38.0,119.85714285714286,86.0
FOODS_3_090_CA_1_evaluation,FOODS_3_090,FOODS_3,FOODS,CA_1,d_796,56,2013-04-03,11310,Wednesday,4,2013,59.0,56.0,66.0,78.0,117.71428571428571,84.76666666666667
FOODS_3_090_CA_1_evaluation,FOODS_3_090,FOODS_3,FOODS,CA_1,d_797,72,2013-04-04,11310,Thursday,4,2013,56.0,85.0,71.0,64.0,117.71428571428571,84.16666666666667
FOODS_3_090_CA_1_evaluation,FOODS_3_090,FOODS_3,FOODS,CA_1,d_798,118,2013-04-05,11310,Friday,4,2013,72.0,112.0,78.0,70.0,115.85714285714286,85.3
FOODS_3_090_CA_1_evaluation,FOODS_3_090,FOODS_3,FOODS,CA_1,d_799,144,2013-04-06,11311,Saturday,4,2013,118.0,196.0,133.0,86.0,116.71428571428571,86.63333333333334
FOODS_3_090_CA_1_evaluation,FOODS_3_090,FOODS_3,FOODS,CA_1,d_800,136,2013-04-07,11311,Sunday,4,2013,144.0,229.0,123.0,118.0,109.28571428571429,89.3
FOODS_3_090_CA_1_evaluation,FOODS_3_090,FOODS_3,FOODS,CA_1,d_801,87,2013-04-08,11311,Monday,4,2013,136.0,87.0,70.0,32.0,96.0,91.5
FOODS_3_090_CA_1_evaluation,FOODS_3_090,FOODS_3,FOODS,CA_1,d_802,88,2013-04-09,11311,Tuesday,4,2013,87.0,59.0,74.0,46.0,96.0,91.53333333333333
FOODS_3_090_CA_1_evaluation,FOODS_3_090,FOODS_3,FOODS,CA_1,d_803,86,2013-04-10,11311,Wednesday,4,2013,88.0,56.0,56.0,75.0,100.14285714285714,90.53333333333333
FOODS_3_090_CA_1_evaluation,FOODS_3_090,FOODS_3,FOODS,CA_1,d_804,80,2013-04-11,11311,Thursday,4,2013,86.0,72.0,85.0,57.0,104.42857142857143,92.33333333333333
FOODS_3_090_CA_1_evaluation,FOODS_3_090,FOODS_3,FOODS,CA_1,d_805,80,2013-04-12,11311,Friday,4,2013,80.0,118.0,112.0,76.0,105.57142857142857,93.46666666666667
FOODS_3_090_CA_1_evaluation,FOODS_3_090,FOODS_3,FOODS,CA_1,d_806,134,2013-04-13,11312,Saturday,4,2013,80.0,144.0,196.0,125.0,100.14285714285714,93.63333333333334
FOODS_3_090_CA_1_evaluation,FOODS_3_090,FOODS_3,FOODS,CA_1,d_807,106,2013-04-14,11312,Sunday,4,2013,134.0,136.0,229.0,52.0,98.71428571428571,96.2
FOODS_3_090_CA_1_evaluation,FOODS_3_090,FOODS_3,FOODS,CA_1,d_808,78,2013-04-15,11312,Monday,4,2013,106.0,87.0,87.0,69.0,94.42857142857143,97.2
FOODS_3_090_CA_1_evaluation,FOODS_3_090,FOODS_3,FOODS,CA_1,d_809,53,2013-04-16,11312,Tuesday,4,2013,78.0,88.0,59.0,44.0,93.14285714285714,95.63333333333334
FOODS_3_090_CA_1_evaluation,FOODS_3_090,FOODS_3,FOODS,CA_1,d_810,48,2013-04-17,11312,Wednesday,4,2013,53.0,86.0,56.0,66.0,88.14285714285714,95.66666666666667
FOODS_3_090_CA_1_evaluation,FOODS_3_090,FOODS_3,FOODS,CA_1,d_811,47,2013-04-18,11312,Thursday,4,2013,48.0,80.0,72.0,71.0,82.71428571428571,94.96666666666667
FOODS_3_090_CA_1_evaluation,FOODS_3_090,FOODS_3,FOODS,CA_1,d_812,75,2013-04-19,11312,Friday,4,2013,47.0,80.0,118.0,78.0,78.0,95.06666666666666
FOODS_3_090_CA_1_evaluation,FOODS_3_090,FOODS_3,FOODS,CA_1,d_813,117,2013-04-20,11313,Saturday,4,2013,75.0,134.0,144.0,133.0,77.28571428571429,95.36666666666666
FOODS_3_090_CA_1_evaluation,FOODS_3_090,FOODS_3,FOODS,CA_1,d_814,95,2013-04-21,11313,Sunday,4,2013,117.0,106.0,136.0,123.0,74.85714285714286,96.9
FOODS_3_090_CA_1_evaluation,FOODS_3_090,FOODS_3,FOODS,CA_1,d_815,57,2013-04-22,11313,Monday,4,2013,95.0,78.0,87.0,70.0,73.28571428571429,97.46666666666667
FOODS_3_090_CA_1_evaluation,FOODS_3_090,FOODS_3,FOODS,CA_1,d_816,61,2013-04-23,11313,Tuesday,4,2013,57.0,53.0,88.0,74.0,70.28571428571429,94.93333333333334
FOODS_3_090_CA_1_evaluation,FOODS_3_090,FOODS_3,FOODS,CA_1,d_817,42,2013-04-24,11313,Wednesday,4,2013,61.0,48.0,86.0,56.0,71.42857142857143,92.86666666666666
FOODS_3_090_CA_1_evaluation,FOODS_3_090,FOODS_3,FOODS,CA_1,d_818,45,2013-04-25,11313,Thursday,4,2013,42.0,47.0,80.0,85.0,70.57142857142857,91.93333333333334
FOODS_3_090_CA_1_evaluation,FOODS_3_090,FOODS_3,FOODS,CA_1,d_819,62,2013-04-26,11313,Friday,4,2013,45.0,75.0,80.0,112.0,70.28571428571429,90.96666666666667
FOODS_3_090_CA_1_evaluation,FOODS_3_090,FOODS_3,FOODS,CA_1,d_820,101,2013-04-27,11314,Saturday,4,2013,62.0,117.0,134.0,196.0,68.42857142857143,91.16666666666667
FOODS_3_090_CA_1_evaluation,FOODS_3_090,FOODS_3,FOODS,CA_1,d_821,87,2013-04-28,11314,Sunday,4,2013,101.0,95.0,106.0,229.0,66.14285714285714,91.7
FOODS_3_090_CA_1_evaluation,FOODS_3_090,FOODS_3,FOODS,CA_1,d_822,50,2013-04-29,11314,Monday,4,2013,87.0,57.0,78.0,87.0,65.0,90.86666666666666
FOODS_3_090_CA_1_evaluation,FOODS_3_090,FOODS_3,FOODS,CA_1,d_823,82,2013-04-30,11314,Tuesday,4,2013,50.0,61.0,53.0,59.0,64.0,86.0
FOODS_3_090_CA_1_evaluation,FOODS_3_090,FOODS_3,FOODS,CA_1,d_824,74,2013-05-01,11314,Wednesday,5,2013,82.0,42.0,48.0,56.0,67.0,81.1
FOODS_3_090_CA_1_evaluation,FOODS_3_090,FOODS_3,FOODS,CA_1,d_825,62,2013-05-02,11314,Thursday,5,2013,74.0,45.0,47.0,72.0,71.57142857142857,80.66666666666667
FOODS_3_090_CA_1_evaluation,FOODS_3_090,FOODS_3,FOODS,CA_1,d_826,85,2013-05-03,11314,Friday,5,2013,62.0,62.0,75.0,118.0,74.0,80.76666666666667
FOODS_3_090_CA_1_evaluation,FOODS_3_090,FOODS_3,FOODS,CA_1,d_827,125,2013-05-04,11315,Saturday,5,2013,85.0,101.0,117.0,144.0,77.28571428571429,81.73333333333333
FOODS_3_090_CA_1_evaluation,FOODS_3_090,FOODS_3,FOODS,CA_1,d_828,95,2013-05-05,11315,Sunday,5,2013,125.0,87.0,95.0,136.0,80.71428571428571,83.5
FOODS_3_090_CA_1_evaluation,FOODS_3_090,FOODS_3,FOODS,CA_1,d_829,82,2013-05-06,11315,Monday,5,2013,95.0,50.0,57.0,87.0,81.85714285714286,82.73333333333333
FOODS_3_090_CA_1_evaluation,FOODS_3_090,FOODS_3,FOODS,CA_1,d_830,85,2013-05-07,11315,Tuesday,5,2013,82.0,82.0,61.0,88.0,86.42857142857143,80.66666666666667
FOODS_3_090_CA_1_evaluation,FOODS_3_090,FOODS_3,FOODS,CA_1,d_831,73,2013-05-08,11315,Wednesday,5,2013,85.0,74.0,42.0,86.0,86.85714285714286,78.96666666666667
FOODS_3_090_CA_1_evaluation,FOODS_3_090,FOODS_3,FOODS,CA_1,d_832,64,2013-05-09,11315,Thursday,5,2013,73.0,62.0,45.0,80.0,86.71428571428571,78.5
FOODS_3_090_CA_1_evaluation,FOODS_3_090,FOODS_3,FOODS,CA_1,d_833,86,2013-05-10,11315,Friday,5,2013,64.0,85.0,62.0,80.0,87.0,77.7
FOODS_3_090_CA_1_evaluation,FOODS_3_090,FOODS_3,FOODS,CA_1,d_834,145,2013-05-11,11316,Saturday,5,2013,86.0,125.0,101.0,134.0,87.14285714285714,77.7
FOODS_3_090_CA_1_evaluation,FOODS_3_090,FOODS_3,FOODS,CA_1,d_835,126,2013-05-12,11316,Sunday,5,2013,145.0,95.0,87.0,106.0,90.0,79.86666666666666
FOODS_3_090_CA_1_evaluation,FOODS_3_090,FOODS_3,FOODS,CA_1,d_836,77,2013-05-13,11316,Monday,5,2013,126.0,82.0,50.0,78.0,94.42857142857143,81.4
FOODS_3_090_CA_1_evaluation,FOODS_3_090,FOODS_3,FOODS,CA_1,d_837,93,2013-05-14,11316,Tuesday,5,2013,77.0,85.0,82.0,53.0,93.71428571428571,79.5
FOODS_3_090_CA_1_evaluation,FOODS_3_090,FOODS_3,FOODS,CA_1,d_838,64,2013-05-15,11316,Wednesday,5,2013,93.0,73.0,74.0,48.0,94.85714285714286,79.06666666666666
FOODS_3_090_CA_1_evaluation,FOODS_3_090,FOODS_3,FOODS,CA_1,d_839,55,2013-05-16,11316,Thursday,5,2013,64.0,64.0,62.0,47.0,93.57142857142857,78.6
FOODS_3_090_CA_1_evaluation,FOODS_3_090,FOODS_3,FOODS,CA_1,d_840,113,2013-05-17,11316,Friday,5,2013,55.0,86.0,85.0,75.0,92.28571428571429,78.66666666666667
FOODS_3_090_CA_1_evaluation,FOODS_3_090,FOODS_3,FOODS,CA_1,d_841,95,2013-05-18,11317,Saturday,5,2013,113.0,145.0,125.0,117.0,96.14285714285714,80.83333333333333
FOODS_3_090_CA_1_evaluation,FOODS_3_090,FOODS_3,FOODS,CA_1,d_842,82,2013-05-19,11317,Sunday,5,2013,95.0,126.0,95.0,95.0,89.0,82.43333333333334
FOODS_3_090_CA_1_evaluation,FOODS_3_090,FOODS_3,FOODS,CA_1,d_843,41,2013-05-20,11317,Monday,5,2013,82.0,77.0,82.0,57.0,82.71428571428571,82.66666666666667
FOODS_3_090_CA_1_evaluation,FOODS_3_090,FOODS_3,FOODS,CA_1,d_844,40,2013-05-21,11317,Tuesday,5,2013,41.0,93.0,85.0,61.0,77.57142857142857,80.13333333333334
FOODS_3_090_CA_1_evaluation,FOODS_3_090,FOODS_3,FOODS,CA_1,d_845,57,2013-05-22,11317,Wednesday,5,2013,40.0,64.0,73.0,42.0,70.0,78.3
FOODS_3_090_CA_1_evaluation,FOODS_3_090,FOODS_3,FOODS,CA_1,d_846,43,2013-05-23,11317,Thursday,5,2013,57.0,55.0,64.0,45.0,69.0,78.3
FOODS_3_090_CA_1_evaluation,FOODS_3_090,FOODS_3,FOODS,CA_1,d_847,112,2013-05-24,11317,Friday,5,2013,43.0,113.0,86.0,62.0,67.28571428571429,77.7
FOODS_3_090_CA_1_evaluation,FOODS_3_090,FOODS_3,FOODS,CA_1,d_848,65,2013-05-25,11318,Saturday,5,2013,112.0,95.0,145.0,101.0,67.14285714285714,80.03333333333333
FOODS_3_090_CA_1_evaluation,FOODS_3_090,FOODS_3,FOODS,CA_1,d_849,116,2013-05-26,11318,Sunday,5,2013,65.0,82.0,126.0,87.0,62.857142857142854,80.7
FOODS_3_090_CA_1_evaluation,FOODS_3_090,FOODS_3,FOODS,CA_1,d_850,127,2013-05-27,11318,Monday,5,2013,116.0,41.0,77.0,50.0,67.71428571428571,82.5
FOODS_3_090_CA_1_evaluation,FOODS_3_090,FOODS_3,FOODS,CA_1,d_851,68,2013-05-28,11318,Tuesday,5,2013,127.0,40.0,93.0,82.0,80.0,83.36666666666666
FOODS_3_090_CA_1_evaluation,FOODS_3_090,FOODS_3,FOODS,CA_1,d_852,34,2013-05-29,11318,Wednesday,5,2013,68.0,57.0,64.0,74.0,84.0,82.73333333333333
FOODS_3_090_CA_1_evaluation,FOODS_3_090,FOODS_3,FOODS,CA_1,d_853,64,2013-05-30,11318,Thursday,5,2013,34.0,43.0,55.0,62.0,80.71428571428571,82.2
FOODS_3_090_CA_1_evaluation,FOODS_3_090,FOODS_3,FOODS,CA_1,d_854,119,2013-05-31,11318,Friday,5,2013,64.0,112.0,113.0,85.0,83.71428571428571,81.6
FOODS_3_090_CA_1_evaluation,FOODS_3_090,FOODS_3,FOODS,CA_1,d_855,91,2013-06-01,11319,Saturday,6,2013,119.0,65.0,95.0,125.0,84.71428571428571,83.1
FOODS_3_090_CA_1_evaluation,FOODS_3_090,FOODS_3,FOODS,CA_1,d_856,103,2013-06-02,11319,Sunday,6,2013,91.0,116.0,82.0,95.0,88.42857142857143,84.06666666666666
FOODS_3_090_CA_1_evaluation,FOODS_3_090,FOODS_3,FOODS,CA_1,d_857,73,2013-06-03,11319,Monday,6,2013,103.0,127.0,41.0,82.0,86.57142857142857,84.66666666666667
FOODS_3_090_CA_1_evaluation,FOODS_3_090,FOODS_3,FOODS,CA_1,d_858,80,2013-06-04,11319,Tuesday,6,2013,73.0,68.0,40.0,85.0,78.85714285714286,82.93333333333334
FOODS_3_090_CA_1_evaluation,FOODS_3_090,FOODS_3,FOODS,CA_1,d_859,53,2013-06-05,11319,Wednesday,6,2013,80.0,34.0,57.0,73.0,80.57142857142857,82.43333333333334
FOODS_3_090_CA_1_evaluation,FOODS_3_090,FOODS_3,FOODS,CA_1,d_860,49,2013-06-06,11319,Thursday,6,2013,53.0,64.0,43.0,64.0,83.28571428571429,81.46666666666667
FOODS_3_090_CA_1_evaluation,FOODS_3_090,FOODS_3,FOODS,CA_1,d_861,54,2013-06-07,11319,Friday,6,2013,49.0,119.0,112.0,86.0,81.14285714285714,80.26666666666667
FOODS_3_090_CA_1_evaluation,FOODS_3_090,FOODS_3,FOODS,CA_1,d_862,134,2013-06-08,11320,Saturday,6,2013,54.0,91.0,65.0,145.0,71.85714285714286,79.63333333333334
FOODS_3_090_CA_1_evaluation,FOODS_3_090,FOODS_3,FOODS,CA_1,d_863,120,2013-06-09,11320,Sunday,6,2013,134.0,103.0,116.0,126.0,78.0,81.96666666666667
FOODS_3_090_CA_1_evaluation,FOODS_3_090,FOODS_3,FOODS,CA_1,d_864,112,2013-06-10,11320,Monday,6,2013,120.0,73.0,127.0,77.0,80.42857142857143,83.1
FOODS_3_090_CA_1_evaluation,FOODS_3_090,FOODS_3,FOODS,CA_1,d_865,44,2013-06-11,11320,Tuesday,6,2013,112.0,80.0,68.0,93.0,86.0,82.0
FOODS_3_090_CA_1_evaluation,FOODS_3_090,FOODS_3,FOODS,CA_1,d_866,52,2013-06-12,11320,Wednesday,6,2013,44.0,53.0,34.0,64.0,80.85714285714286,79.26666666666667
FOODS_3_090_CA_1_evaluation,FOODS_3_090,FOODS_3,FOODS,CA_1,d_867,138,2013-06-13,11320,Thursday,6,2013,52.0,49.0,64.0,55.0,80.71428571428571,78.43333333333334
FOODS_3_090_CA_1_evaluation,FOODS_3_090,FOODS_3,FOODS,CA_1,d_868,117,2013-06-14,11320,Friday,6,2013,138.0,54.0,119.0,113.0,93.42857142857143,79.93333333333334
FOODS_3_090_CA_1_evaluation,FOODS_3_090,FOODS_3,FOODS,CA_1,d_869,146,2013-06-15,11321,Saturday,6,2013,117.0,134.0,91.0,95.0,102.42857142857143,81.7
FOODS_3_090_CA_1_evaluation,FOODS_3_090,FOODS_3,FOODS,CA_1,d_870,123,2013-06-16,11321,Sunday,6,2013,146.0,120.0,103.0,82.0,104.14285714285714,84.73333333333333
FOODS_3_090_CA_1_evaluation,FOODS_3_090,FOODS_3,FOODS,CA_1,d_871,57,2013-06-17,11321,Monday,6,2013,123.0,112.0,73.0,41.0,104.57142857142857,85.06666666666666
FOODS_3_090_CA_1_evaluation,FOODS_3_090,FOODS_3,FOODS,CA_1,d_872,84,2013-06-18,11321,Tuesday,6,2013,57.0,44.0,80.0,40.0,96.71428571428571,83.8
FOODS_3_090_CA_1_evaluation,FOODS_3_090,FOODS_3,FOODS,CA_1,d_873,44,2013-06-19,11321,Wednesday,6,2013,84.0,52.0,53.0,57.0,102.42857142857143,83.86666666666666
FOODS_3_090_CA_1_evaluation,FOODS_3_090,FOODS_3,FOODS,CA_1,d_874,59,2013-06-20,11321,Thursday,6,2013,44.0,138.0,49.0,43.0,101.28571428571429,83.96666666666667
FOODS_3_090_CA_1_evaluation,FOODS_3_090,FOODS_3,FOODS,CA_1,d_875,110,2013-06-21,11321,Friday,6,2013,59.0,117.0,54.0,112.0,90.0,84.6
FOODS_3_090_CA_1_evaluation,FOODS_3_090,FOODS_3,FOODS,CA_1,d_876,127,2013-06-22,11322,Saturday,6,2013,110.0,146.0,134.0,65.0,89.0,86.36666666666666
FOODS_3_090_CA_1_evaluation,FOODS_3_090,FOODS_3,FOODS,CA_1,d_877,65,2013-06-23,11322,Sunday,6,2013,127.0,123.0,120.0,116.0,86.28571428571429,89.16666666666667
FOODS_3_090_CA_1_evaluation,FOODS_3_090,FOODS_3,FOODS,CA_1,d_878,39,2013-06-24,11322,Monday,6,2013,65.0,57.0,112.0,127.0,78.0,87.6
FOODS_3_090_CA_1_evaluation,FOODS_3_090,FOODS_3,FOODS,CA_1,d_879,66,2013-06-25,11322,Tuesday,6,2013,39.0,84.0,44.0,68.0,75.42857142857143,86.73333333333333
FOODS_3_090_CA_1_evaluation,FOODS_3_090,FOODS_3,FOODS,CA_1,d_880,63,2013-06-26,11322,Wednesday,6,2013,66.0,44.0,52.0,34.0,72.85714285714286,85.06666666666666
FOODS_3_090_CA_1_evaluation,FOODS_3_090,FOODS_3,FOODS,CA_1,d_881,47,2013-06-27,11322,Thursday,6,2013,63.0,59.0,138.0,64.0,75.57142857142857,82.93333333333334
FOODS_3_090_CA_1_evaluation,FOODS_3_090,FOODS_3,FOODS,CA_1,d_882,134,2013-06-28,11322,Friday,6,2013,47.0,110.0,117.0,119.0,73.85714285714286,82.23333333333333
FOODS_3_090_CA_1_evaluation,FOODS_3_090,FOODS_3,FOODS,CA_1,d_883,88,2013-06-29,11323,Saturday,6,2013,134.0,127.0,146.0,91.0,77.28571428571429,85.56666666666666
FOODS_3_090_CA_1_evaluation,FOODS_3_090,FOODS_3,FOODS,CA_1,d_884,86,2013-06-30,11323,Sunday,6,2013,88.0,65.0,123.0,103.0,71.71428571428571,86.36666666666666
FOODS_3_090_CA_1_evaluation,FOODS_3_090,FOODS_3,FOODS,CA_1,d_885,86,2013-07-01,11323,Monday,7,2013,86.0,39.0,57.0,73.0,74.71428571428571,85.26666666666667
FOODS_3_090_CA_1_evaluation,FOODS_3_090,FOODS_3,FOODS,CA_1,d_886,100,2013-07-02,11323,Tuesday,7,2013,86.0,66.0,84.0,80.0,81.42857142857143,85.1
FOODS_3_090_CA_1_evaluation,FOODS_3_090,FOODS_3,FOODS,CA_1,d_887,148,2013-07-03,11323,Wednesday,7,2013,100.0,63.0,44.0,53.0,86.28571428571429,85.0
FOODS_3_090_CA_1_evaluation,FOODS_3_090,FOODS_3,FOODS,CA_1,d_888,150,2013-07-04,11323,Thursday,7,2013,148.0,47.0,59.0,49.0,98.42857142857143,87.5
FOODS_3_090_CA_1_evaluation,FOODS_3_090,FOODS_3,FOODS,CA_1,d_889,131,2013-07-05,11323,Friday,7,2013,150.0,134.0,110.0,54.0,113.14285714285714,89.83333333333333
FOODS_3_090_CA_1_evaluation,FOODS_3_090,FOODS_3,FOODS,CA_1,d_890,118,2013-07-06,11324,Saturday,7,2013,131.0,88.0,127.0,134.0,112.71428571428571,92.43333333333334
FOODS_3_090_CA_1_evaluation,FOODS_3_090,FOODS_3,FOODS,CA_1,d_891,94,2013-07-07,11324,Sunday,7,2013,118.0,86.0,65.0,120.0,117.0,94.73333333333333
FOODS_3_090_CA_1_evaluation,FOODS_3_090,FOODS_3,FOODS,CA_1,d_892,61,2013-07-08,11324,Monday,7,2013,94.0,86.0,39.0,112.0,118.14285714285714,96.06666666666666
FOODS_3_090_CA_1_evaluation,FOODS_3_090,FOODS_3,FOODS,CA_1,d_893,42,2013-07-09,11324,Tuesday,7,2013,61.0,100.0,66.0,44.0,114.57142857142857,93.63333333333334
FOODS_3_090_CA_1_evaluation,FOODS_3_090,FOODS_3,FOODS,CA_1,d_894,66,2013-07-10,11324,Wednesday,7,2013,42.0,148.0,63.0,52.0,106.28571428571429,91.03333333333333
FOODS_3_090_CA_1_evaluation,FOODS_3_090,FOODS_3,FOODS,CA_1,d_895,72,2013-07-11,11324,Thursday,7,2013,66.0,150.0,47.0,138.0,94.57142857142857,89.5
FOODS_3_090_CA_1_evaluation,FOODS_3_090,FOODS_3,FOODS,CA_1,d_896,109,2013-07-12,11324,Friday,7,2013,72.0,131.0,134.0,117.0,83.42857142857143,90.43333333333334
FOODS_3_090_CA_1_evaluation,FOODS_3_090,FOODS_3,FOODS,CA_1,d_897,79,2013-07-13,11325,Saturday,7,2013,109.0,118.0,88.0,146.0,80.28571428571429,92.33333333333333
FOODS_3_090_CA_1_evaluation,FOODS_3_090,FOODS_3,FOODS,CA_1,d_898,106,2013-07-14,11325,Sunday,7,2013,79.0,94.0,86.0,123.0,74.71428571428571,90.36666666666666
FOODS_3_090_CA_1_evaluation,FOODS_3_090,FOODS_3,FOODS,CA_1,d_899,57,2013-07-15,11325,Monday,7,2013,106.0,61.0,86.0,57.0,76.42857142857143,90.0
FOODS_3_090_CA_1_evaluation,FOODS_3_090,FOODS_3,FOODS,CA_1,d_900,85,2013-07-16,11325,Tuesday,7,2013,57.0,42.0,100.0,84.0,75.85714285714286,87.03333333333333
FOODS_3_090_CA_1_evaluation,FOODS_3_090,FOODS_3,FOODS,CA_1,d_901,63,2013-07-17,11325,Wednesday,7,2013,85.0,66.0,148.0,44.0,82.0,85.76666666666667
FOODS_3_090_CA_1_evaluation,FOODS_3_090,FOODS_3,FOODS,CA_1,d_902,61,2013-07-18,11325,Thursday,7,2013,63.0,72.0,150.0,59.0,81.57142857142857,85.96666666666667
FOODS_3_090_CA_1_evaluation,FOODS_3_090,FOODS_3,FOODS,CA_1,d_903,136,2013-07-19,11325,Friday,7,2013,61.0,109.0,131.0,110.0,80.0,85.2
FOODS_3_090_CA_1_evaluation,FOODS_3_090,FOODS_3,FOODS,CA_1,d_904,160,2013-07-20,11326,Saturday,7,2013,136.0,79.0,118.0,127.0,83.85714285714286,88.26666666666667
FOODS_3_090_CA_1_evaluation,FOODS_3_090,FOODS_3,FOODS,CA_1,d_905,111,2013-07-21,11326,Sunday,7,2013,160.0,106.0,94.0,65.0,95.42857142857143,91.63333333333334
FOODS_3_090_CA_1_evaluation,FOODS_3_090,FOODS_3,FOODS,CA_1,d_906,77,2013-07-22,11326,Monday,7,2013,111.0,57.0,61.0,39.0,96.14285714285714,91.66666666666667
FOODS_3_090_CA_1_evaluation,FOODS_3_090,FOODS_3,FOODS,CA_1,d_907,88,2013-07-23,11326,Tuesday,7,2013,77.0,85.0,42.0,66.0,99.0,90.0
FOODS_3_090_CA_1_evaluation,FOODS_3_090,FOODS_3,FOODS,CA_1,d_908,53,2013-07-24,11326,Wednesday,7,2013,88.0,63.0,66.0,63.0,99.42857142857143,90.76666666666667
FOODS_3_090_CA_1_evaluation,FOODS_3_090,FOODS_3,FOODS,CA_1,d_909,58,2013-07-25,11326,Thursday,7,2013,53.0,61.0,72.0,47.0,98.0,91.23333333333333
FOODS_3_090_CA_1_evaluation,FOODS_3_090,FOODS_3,FOODS,CA_1,d_910,97,2013-07-26,11326,Friday,7,2013,58.0,136.0,109.0,134.0,97.57142857142857,90.96666666666667
FOODS_3_090_CA_1_evaluation,FOODS_3_090,FOODS_3,FOODS,CA_1,d_911,84,2013-07-27,11327,Saturday,7,2013,97.0,160.0,79.0,88.0,92.0,92.1
FOODS_3_090_CA_1_evaluation,FOODS_3_090,FOODS_3,FOODS,CA_1,d_912,80,2013-07-28,11327,Sunday,7,2013,84.0,111.0,106.0,86.0,81.14285714285714,93.33333333333333
FOODS_3_090_CA_1_evaluation,FOODS_3_090,FOODS_3,FOODS,CA_1,d_913,58,2013-07-29,11327,Monday,7,2013,80.0,77.0,57.0,86.0,76.71428571428571,91.53333333333333
FOODS_3_090_CA_1_evaluation,FOODS_3_090,FOODS_3,FOODS,CA_1,d_914,100,2013-07-30,11327,Tuesday,7,2013,58.0,88.0,85.0,100.0,74.0,90.53333333333333
FOODS_3_090_CA_1_evaluation,FOODS_3_090,FOODS_3,FOODS,CA_1,d_915,66,2013-07-31,11327,Wednesday,7,2013,100.0,53.0,63.0,148.0,75.71428571428571,91.0
FOODS_3_090_CA_1_evaluation,FOODS_3_090,FOODS_3,FOODS,CA_1,d_916,93,2013-08-01,11327,Thursday,8,2013,66.0,58.0,61.0,150.0,77.57142857142857,90.33333333333333
FOODS_3_090_CA_1_evaluation,FOODS_3_090,FOODS_3,FOODS,CA_1,d_917,138,2013-08-02,11327,Friday,8,2013,93.0,97.0,136.0,131.0,82.57142857142857,90.1
FOODS_3_090_CA_1_evaluation,FOODS_3_090,FOODS_3,FOODS,CA_1,d_918,101,2013-08-03,11328,Saturday,8,2013,138.0,84.0,160.0,118.0,88.42857142857143,89.76666666666667
FOODS_3_090_CA_1_evaluation,FOODS_3_090,FOODS_3,FOODS,CA_1,d_919,127,2013-08-04,11328,Sunday,8,2013,101.0,80.0,111.0,94.0,90.85714285714286,88.13333333333334
FOODS_3_090_CA_1_evaluation,FOODS_3_090,FOODS_3,FOODS,CA_1,d_920,69,2013-08-05,11328,Monday,8,2013,127.0,58.0,77.0,61.0,97.57142857142857,88.0
FOODS_3_090_CA_1_evaluation,FOODS_3_090,FOODS_3,FOODS,CA_1,d_921,81,2013-08-06,11328,Tuesday,8,2013,69.0,100.0,88.0,42.0,99.14285714285714,86.36666666666666
FOODS_3_090_CA_1_evaluation,FOODS_3_090,FOODS_3,FOODS,CA_1,d_922,97,2013-08-07,11328,Wednesday,8,2013,81.0,66.0,53.0,66.0,96.42857142857143,85.93333333333334
FOODS_3_090_CA_1_evaluation,FOODS_3_090,FOODS_3,FOODS,CA_1,d_923,75,2013-08-08,11328,Thursday,8,2013,97.0,93.0,58.0,72.0,100.85714285714286,87.13333333333334
FOODS_3_090_CA_1_evaluation,FOODS_3_090,FOODS_3,FOODS,CA_1,d_924,95,2013-08-09,11328,Friday,8,2013,75.0,138.0,97.0,109.0,98.28571428571429,88.23333333333333
FOODS_3_090_CA_1_evaluation,FOODS_3_090,FOODS_3,FOODS,CA_1,d_925,109,2013-08-10,11329,Saturday,8,2013,95.0,101.0,84.0,79.0,92.14285714285714,89.2
FOODS_3_090_CA_1_evaluation,FOODS_3_090,FOODS_3,FOODS,CA_1,d_926,116,2013-08-11,11329,Sunday,8,2013,109.0,127.0,80.0,106.0,93.28571428571429,90.43333333333334
FOODS_3_090_CA_1_evaluation,FOODS_3_090,FOODS_3,FOODS,CA_1,d_927,46,2013-08-12,11329,Monday,8,2013,116.0,69.0,58.0,57.0,91.71428571428571,90.66666666666667
FOODS_3_090_CA_1_evaluation,FOODS_3_090,FOODS_3,FOODS,CA_1,d_928,62,2013-08-13,11329,Tuesday,8,2013,46.0,81.0,100.0,85.0,88.42857142857143,89.56666666666666
FOODS_3_090_CA_1_evaluation,FOODS_3_090,FOODS_3,FOODS,CA_1,d_929,67,2013-08-14,11329,Wednesday,8,2013,62.0,97.0,66.0,63.0,85.71428571428571,88.1
FOODS_3_090_CA_1_evaluation,FOODS_3_090,FOODS_3,FOODS,CA_1,d_930,144,2013-08-15,11329,Thursday,8,2013,67.0,75.0,93.0,61.0,81.42857142857143,88.43333333333334
FOODS_3_090_CA_1_evaluation,FOODS_3_090,FOODS_3,FOODS,CA_1,d_931,116,2013-08-16,11329,Friday,8,2013,144.0,95.0,138.0,136.0,91.28571428571429,90.4
FOODS_3_090_CA_1_evaluation,FOODS_3_090,FOODS_3,FOODS,CA_1,d_932,0,2013-08-17,11330,Saturday,8,2013,116.0,109.0,101.0,160.0,94.28571428571429,92.16666666666667
FOODS_3_090_CA_1_evaluation,FOODS_3_090,FOODS_3,FOODS,CA_1,d_933,0,2013-08-18,11330,Sunday,8,2013,0.0,116.0,127.0,111.0,78.71428571428571,90.13333333333334
FOODS_3_090_CA_1_evaluation,FOODS_3_090,FOODS_3,FOODS,CA_1,d_934,93,2013-08-19,11330,Monday,8,2013,0.0,46.0,69.0,77.0,62.142857142857146,85.6
FOODS_3_090_CA_1_evaluation,FOODS_3_090,FOODS_3,FOODS,CA_1,d_935,52,2013-08-20,11330,Tuesday,8,2013,93.0,62.0,81.0,88.0,68.85714285714286,83.36666666666666
FOODS_3_090_CA_1_evaluation,FOODS_3_090,FOODS_3,FOODS,CA_1,d_936,159,2013-08-21,11330,Wednesday,8,2013,52.0,67.0,97.0,53.0,67.42857142857143,81.4
FOODS_3_090_CA_1_evaluation,FOODS_3_090,FOODS_3,FOODS,CA_1,d_937,185,2013-08-22,11330,Thursday,8,2013,159.0,144.0,75.0,58.0,80.57142857142857,84.13333333333334
FOODS_3_090_CA_1_evaluation,FOODS_3_090,FOODS_3,FOODS,CA_1,d_938,179,2013-08-23,11330,Friday,8,2013,185.0,116.0,95.0,97.0,86.42857142857143,87.36666666666666
FOODS_3_090_CA_1_evaluation,FOODS_3_090,FOODS_3,FOODS,CA_1,d_939,266,2013-08-24,11331,Saturday,8,2013,179.0,0.0,109.0,84.0,95.42857142857143,91.56666666666666
FOODS_3_090_CA_1_evaluation,FOODS_3_090,FOODS_3,FOODS,CA_1,d_940,310,2013-08-25,11331,Sunday,8,2013,266.0,0.0,116.0,80.0,133.42857142857142,98.5
FOODS_3_090_CA_1_evaluation,FOODS_3_090,FOODS_3,FOODS,CA_1,d_941,23,2013-08-26,11331,Monday,8,2013,310.0,93.0,46.0,58.0,177.71428571428572,105.6
FOODS_3_090_CA_1_evaluation,FOODS_3_090,FOODS_3,FOODS,CA_1,d_942,142,2013-08-27,11331,Tuesday,8,2013,23.0,52.0,62.0,100.0,167.71428571428572,103.56666666666666
FOODS_3_090_CA_1_evaluation,FOODS_3_090,FOODS_3,FOODS,CA_1,d_943,104,2013-08-28,11331,Wednesday,8,2013,142.0,159.0,67.0,66.0,180.57142857142858,105.63333333333334
FOODS_3_090_CA_1_evaluation,FOODS_3_090,FOODS_3,FOODS,CA_1,d_944,181,2013-08-29,11331,Thursday,8,2013,104.0,185.0,144.0,93.0,172.71428571428572,107.16666666666667
FOODS_3_090_CA_1_evaluation,FOODS_3_090,FOODS_3,FOODS,CA_1,d_945,216,2013-08-30,11331,Friday,8,2013,181.0,179.0,116.0,138.0,172.14285714285714,109.86666666666666
FOODS_3_090_CA_1_evaluation,FOODS_3_090,FOODS_3,FOODS,CA_1,d_946,432,2013-08-31,11332,Saturday,8,2013,216.0,266.0,0.0,101.0,177.42857142857142,114.86666666666666
FOODS_3_090_CA_1_evaluation,FOODS_3_090,FOODS_3,FOODS,CA_1,d_947,599,2013-09-01,11332,Sunday,9,2013,432.0,310.0,0.0,127.0,201.14285714285714,126.16666666666667
FOODS_3_090_CA_1_evaluation,FOODS_3_090,FOODS_3,FOODS,CA_1,d_948,184,2013-09-02,11332,Monday,9,2013,599.0,23.0,93.0,69.0,242.42857142857142,141.53333333333333
FOODS_3_090_CA_1_evaluation,FOODS_3_090,FOODS_3,FOODS,CA_1,d_949,229,2013-09-03,11332,Tuesday,9,2013,184.0,142.0,52.0,81.0,265.42857142857144,144.3
FOODS_3_090_CA_1_evaluation,FOODS_3_090,FOODS_3,FOODS,CA_1,d_950,150,2013-09-04,11332,Wednesday,9,2013,229.0,104.0,159.0,97.0,277.85714285714283,147.7
FOODS_3_090_CA_1_evaluation,FOODS_3_090,FOODS_3,FOODS,CA_1,d_951,278,2013-09-05,11332,Thursday,9,2013,150.0,181.0,185.0,75.0,284.42857142857144,150.4
FOODS_3_090_CA_1_evaluation,FOODS_3_090,FOODS_3,FOODS,CA_1,d_952,262,2013-09-06,11332,Friday,9,2013,278.0,216.0,179.0,95.0,298.2857142857143,156.96666666666667
FOODS_3_090_CA_1_evaluation,FOODS_3_090,FOODS_3,FOODS,CA_1,d_953,273,2013-09-07,11333,Saturday,9,2013,262.0,432.0,266.0,109.0,304.85714285714283,162.46666666666667
FOODS_3_090_CA_1_evaluation,FOODS_3_090,FOODS_3,FOODS,CA_1,d_954,247,2013-09-08,11333,Sunday,9,2013,273.0,599.0,310.0,116.0,282.14285714285717,169.06666666666666
FOODS_3_090_CA_1_evaluation,FOODS_3_090,FOODS_3,FOODS,CA_1,d_955,129,2013-09-09,11333,Monday,9,2013,247.0,184.0,23.0,46.0,231.85714285714286,174.13333333333333
FOODS_3_090_CA_1_evaluation,FOODS_3_090,FOODS_3,FOODS,CA_1,d_956,128,2013-09-10,11333,Tuesday,9,2013,129.0,229.0,142.0,62.0,224.0,174.8
FOODS_3_090_CA_1_evaluation,FOODS_3_090,FOODS_3,FOODS,CA_1,d_957,195,2013-09-11,11333,Wednesday,9,2013,128.0,150.0,104.0,67.0,209.57142857142858,175.2
FOODS_3_090_CA_1_evaluation,FOODS_3_090,FOODS_3,FOODS,CA_1,d_958,182,2013-09-12,11333,Thursday,9,2013,195.0,278.0,181.0,144.0,216.0,180.16666666666666
FOODS_3_090_CA_1_evaluation,FOODS_3_090,FOODS_3,FOODS,CA_1,d_959,212,2013-09-13,11333,Friday,9,2013,182.0,262.0,216.0,116.0,202.28571428571428,184.16666666666666
FOODS_3_090_CA_1_evaluation,FOODS_3_090,FOODS_3,FOODS,CA_1,d_960,272,2013-09-14,11334,Saturday,9,2013,212.0,273.0,432.0,0.0,195.14285714285714,189.0
FOODS_3_090_CA_1_evaluation,FOODS_3_090,FOODS_3,FOODS,CA_1,d_961,266,2013-09-15,11334,Sunday,9,2013,272.0,247.0,599.0,0.0,195.0,193.26666666666668
FOODS_3_090_CA_1_evaluation,FOODS_3_090,FOODS_3,FOODS,CA_1,d_962,158,2013-09-16,11334,Monday,9,2013,266.0,129.0,184.0,93.0,197.71428571428572,198.26666666666668
FOODS_3_090_CA_1_evaluation,FOODS_3_090,FOODS_3,FOODS,CA_1,d_963,159,2013-09-17,11334,Tuesday,9,2013,158.0,128.0,229.0,52.0,201.85714285714286,203.53333333333333
FOODS_3_090_CA_1_evaluation,FOODS_3_090,FOODS_3,FOODS,CA_1,d_964,107,2013-09-18,11334,Wednesday,9,2013,159.0,195.0,150.0,159.0,206.28571428571428,208.83333333333334
FOODS_3_090_CA_1_evaluation,FOODS_3_090,FOODS_3,FOODS,CA_1,d_965,123,2013-09-19,11334,Thursday,9,2013,107.0,182.0,278.0,185.0,193.71428571428572,209.3
FOODS_3_090_CA_1_evaluation,FOODS_3_090,FOODS_3,FOODS,CA_1,d_966,147,2013-09-20,11334,Friday,9,2013,123.0,212.0,262.0,179.0,185.28571428571428,211.66666666666666
FOODS_3_090_CA_1_evaluation,FOODS_3_090,FOODS_3,FOODS,CA_1,d_967,309,2013-09-21,11335,Saturday,9,2013,147.0,272.0,273.0,266.0,176.0,211.26666666666668
FOODS_3_090_CA_1_evaluation,FOODS_3_090,FOODS_3,FOODS,CA_1,d_968,369,2013-09-22,11335,Sunday,9,2013,309.0,266.0,247.0,310.0,181.28571428571428,215.4
FOODS_3_090_CA_1_evaluation,FOODS_3_090,FOODS_3,FOODS,CA_1,d_969,180,2013-09-23,11335,Monday,9,2013,369.0,158.0,129.0,23.0,196.0,221.73333333333332
FOODS_3_090_CA_1_evaluation,FOODS_3_090,FOODS_3,FOODS,CA_1,d_970,146,2013-09-24,11335,Tuesday,9,2013,180.0,159.0,128.0,142.0,199.14285714285714,218.86666666666667
FOODS_3_090_CA_1_evaluation,FOODS_3_090,FOODS_3,FOODS,CA_1,d_971,166,2013-09-25,11335,Wednesday,9,2013,146.0,107.0,195.0,104.0,197.28571428571428,213.4
FOODS_3_090_CA_1_evaluation,FOODS_3_090,FOODS_3,FOODS,CA_1,d_972,157,2013-09-26,11335,Thursday,9,2013,166.0,123.0,182.0,181.0,205.71428571428572,218.16666666666666
FOODS_3_090_CA_1_evaluation,FOODS_3_090,FOODS_3,FOODS,CA_1,d_973,243,2013-09-27,11335,Friday,9,2013,157.0,147.0,212.0,216.0,210.57142857142858,218.66666666666666
FOODS_3_090_CA_1_evaluation,FOODS_3_090,FOODS_3,FOODS,CA_1,d_974,312,2013-09-28,11336,Saturday,9,2013,243.0,309.0,272.0,432.0,224.28571428571428,223.3
FOODS_3_090_CA_1_evaluation,FOODS_3_090,FOODS_3,FOODS,CA_1,d_975,342,2013-09-29,11336,Sunday,9,2013,312.0,369.0,266.0,599.0,224.71428571428572,227.66666666666666
FOODS_3_090_CA_1_evaluation,FOODS_3_090,FOODS_3,FOODS,CA_1,d_976,290,2013-09-30,11336,Monday,9,2013,342.0,180.0,158.0,184.0,220.85714285714286,231.86666666666667
FOODS_3_090_CA_1_evaluation,FOODS_3_090,FOODS_3,FOODS,CA_1,d_977,211,2013-10-01,11336,Tuesday,10,2013,290.0,146.0,159.0,229.0,236.57142857142858,227.13333333333333
FOODS_3_090_CA_1_evaluation,FOODS_3_090,FOODS_3,FOODS,CA_1,d_978,25,2013-10-02,11336,Wednesday,10,2013,211.0,166.0,107.0,150.0,245.85714285714286,214.2
FOODS_3_090_CA_1_evaluation,FOODS_3_090,FOODS_3,FOODS,CA_1,d_979,0,2013-10-03,11336,Thursday,10,2013,25.0,157.0,123.0,278.0,225.71428571428572,208.9
FOODS_3_090_CA_1_evaluation,FOODS_3_090,FOODS_3,FOODS,CA_1,d_980,0,2013-10-04,11336,Friday,10,2013,0.0,243.0,147.0,262.0,203.28571428571428,201.26666666666668
FOODS_3_090_CA_1_evaluation,FOODS_3_090,FOODS_3,FOODS,CA_1,d_981,133,2013-10-05,11337,Saturday,10,2013,0.0,312.0,309.0,273.0,168.57142857142858,196.26666666666668
FOODS_3_090_CA_1_evaluation,FOODS_3_090,FOODS_3,FOODS,CA_1,d_982,130,2013-10-06,11337,Sunday,10,2013,133.0,342.0,369.0,247.0,143.0,191.43333333333334
FOODS_3_090_CA_1_evaluation,FOODS_3_090,FOODS_3,FOODS,CA_1,d_983,70,2013-10-07,11337,Monday,10,2013,130.0,290.0,180.0,129.0,112.71428571428571,187.03333333333333
FOODS_3_090_CA_1_evaluation,FOODS_3_090,FOODS_3,FOODS,CA_1,d_984,78,2013-10-08,11337,Tuesday,10,2013,70.0,211.0,146.0,128.0,81.28571428571429,180.26666666666668
FOODS_3_090_CA_1_evaluation,FOODS_3_090,FOODS_3,FOODS,CA_1,d_985,77,2013-10-09,11337,Wednesday,10,2013,78.0,25.0,166.0,195.0,62.285714285714285,174.63333333333333
FOODS_3_090_CA_1_evaluation,FOODS_3_090,FOODS_3,FOODS,CA_1,d_986,95,2013-10-10,11337,Thursday,10,2013,77.0,0.0,157.0,182.0,69.71428571428571,172.9
FOODS_3_090_CA_1_evaluation,FOODS_3_090,FOODS_3,FOODS,CA_1,d_987,107,2013-10-11,11337,Friday,10,2013,95.0,0.0,243.0,212.0,83.28571428571429,171.8
FOODS_3_090_CA_1_evaluation,FOODS_3_090,FOODS_3,FOODS,CA_1,d_988,112,2013-10-12,11338,Saturday,10,2013,107.0,133.0,312.0,272.0,98.57142857142857,168.86666666666667
FOODS_3_090_CA_1_evaluation,FOODS_3_090,FOODS_3,FOODS,CA_1,d_989,129,2013-10-13,11338,Sunday,10,2013,112.0,130.0,342.0,266.0,95.57142857142857,166.53333333333333
FOODS_3_090_CA_1_evaluation,FOODS_3_090,FOODS_3,FOODS,CA_1,d_990,65,2013-10-14,11338,Monday,10,2013,129.0,70.0,290.0,158.0,95.42857142857143,163.76666666666668
FOODS_3_090_CA_1_evaluation,FOODS_3_090,FOODS_3,FOODS,CA_1,d_991,48,2013-10-15,11338,Tuesday,10,2013,65.0,78.0,211.0,159.0,94.71428571428571,156.86666666666667
FOODS_3_090_CA_1_evaluation,FOODS_3_090,FOODS_3,FOODS,CA_1,d_992,53,2013-10-16,11338,Wednesday,10,2013,48.0,77.0,25.0,107.0,90.42857142857143,149.6
FOODS_3_090_CA_1_evaluation,FOODS_3_090,FOODS_3,FOODS,CA_1,d_993,74,2013-10-17,11338,Thursday,10,2013,53.0,95.0,0.0,123.0,87.0,146.1
FOODS_3_090_CA_1_evaluation,FOODS_3_090,FOODS_3,FOODS,CA_1,d_994,97,2013-10-18,11338,Friday,10,2013,74.0,107.0,0.0,147.0,84.0,143.26666666666668
FOODS_3_090_CA_1_evaluation,FOODS_3_090,FOODS_3,FOODS,CA_1,d_995,108,2013-10-19,11339,Saturday,10,2013,97.0,112.0,133.0,309.0,82.57142857142857,142.93333333333334
FOODS_3_090_CA_1_evaluation,FOODS_3_090,FOODS_3,FOODS,CA_1,d_996,121,2013-10-20,11339,Sunday,10,2013,108.0,129.0,130.0,369.0,82.0,142.43333333333334
FOODS_3_090_CA_1_evaluation,FOODS_3_090,FOODS_3,FOODS,CA_1,d_997,61,2013-10-21,11339,Monday,10,2013,121.0,65.0,70.0,180.0,80.85714285714286,141.56666666666666
FOODS_3_090_CA_1_evaluation,FOODS_3_090,FOODS_3,FOODS,CA_1,d_998,55,2013-10-22,11339,Tuesday,10,2013,61.0,48.0,78.0,146.0,80.28571428571429,133.3
FOODS_3_090_CA_1_evaluation,FOODS_3_090,FOODS_3,FOODS,CA_1,d_999,51,2013-10-23,11339,Wednesday,10,2013,55.0,53.0,77.0,166.0,81.28571428571429,122.83333333333333
FOODS_3_090_CA_1_evaluation,FOODS_3_090,FOODS_3,FOODS,CA_1,d_1000,73,2013-10-24,11339,Thursday,10,2013,51.0,74.0,95.0,157.0,81.0,118.53333333333333
FOODS_3_090_CA_1_evaluation,FOODS_3_090,FOODS_3,FOODS,CA_1,d_1001,137,2013-10-25,11339,Friday,10,2013,73.0,97.0,107.0,243.0,80.85714285714286,116.1
FOODS_3_090_CA_1_evaluation,FOODS_3_090,FOODS_3,FOODS,CA_1,d_1002,134,2013-10-26,11340,Saturday,10,2013,137.0,108.0,112.0,312.0,86.57142857142857,115.13333333333334
FOODS_3_090_CA_1_evaluation,FOODS_3_090,FOODS_3,FOODS,CA_1,d_1003,99,2013-10-27,11340,Sunday,10,2013,134.0,121.0,129.0,342.0,90.28571428571429,114.36666666666666
FOODS_3_090_CA_1_evaluation,FOODS_3_090,FOODS_3,FOODS,CA_1,d_1004,77,2013-10-28,11340,Monday,10,2013,99.0,61.0,65.0,290.0,87.14285714285714,109.56666666666666
FOODS_3_090_CA_1_evaluation,FOODS_3_090,FOODS_3,FOODS,CA_1,d_1005,57,2013-10-29,11340,Tuesday,10,2013,77.0,55.0,48.0,211.0,89.42857142857143,101.73333333333333
FOODS_3_090_CA_1_evaluation,FOODS_3_090,FOODS_3,FOODS,CA_1,d_1006,83,2013-10-30,11340,Wednesday,10,2013,57.0,51.0,53.0,25.0,89.71428571428571,92.23333333333333
FOODS_3_090_CA_1_evaluation,FOODS_3_090,FOODS_3,FOODS,CA_1,d_1007,58,2013-10-31,11340,Thursday,10,2013,83.0,73.0,74.0,0.0,94.28571428571429,85.33333333333333
FOODS_3_090_CA_1_evaluation,FOODS_3_090,FOODS_3,FOODS,CA_1,d_1008,77,2013-11-01,11340,Friday,11,2013,58.0,137.0,97.0,0.0,92.14285714285714,80.23333333333333
FOODS_3_090_CA_1_evaluation,FOODS_3_090,FOODS_3,FOODS,CA_1,d_1009,94,2013-11-02,11341,Saturday,11,2013,77.0,134.0,108.0,133.0,83.57142857142857,81.96666666666667
FOODS_3_090_CA_1_evaluation,FOODS_3_090,FOODS_3,FOODS,CA_1,d_1010,96,2013-11-03,11341,Sunday,11,2013,94.0,99.0,121.0,130.0,77.85714285714286,85.1
FOODS_3_090_CA_1_evaluation,FOODS_3_090,FOODS_3,FOODS,CA_1,d_1011,44,2013-11-04,11341,Monday,11,2013,96.0,77.0,61.0,70.0,77.42857142857143,88.3
FOODS_3_090_CA_1_evaluation,FOODS_3_090,FOODS_3,FOODS,CA_1,d_1012,82,2013-11-05,11341,Tuesday,11,2013,44.0,57.0,55.0,78.0,72.71428571428571,85.33333333333333
FOODS_3_090_CA_1_evaluation,FOODS_3_090,FOODS_3,FOODS,CA_1,d_1013,72,2013-11-06,11341,Wednesday,11,2013,82.0,83.0,51.0,77.0,76.28571428571429,83.73333333333333
FOODS_3_090_CA_1_evaluation,FOODS_3_090,FOODS_3,FOODS,CA_1,d_1014,88,2013-11-07,11341,Thursday,11,2013,72.0,58.0,73.0,95.0,74.71428571428571,83.8
FOODS_3_090_CA_1_evaluation,FOODS_3_090,FOODS_3,FOODS,CA_1,d_1015,94,2013-11-08,11341,Friday,11,2013,88.0,77.0,137.0,107.0,79.0,84.13333333333334
FOODS_3_090_CA_1_evaluation,FOODS_3_090,FOODS_3,FOODS,CA_1,d_1016,126,2013-11-09,11342,Saturday,11,2013,94.0,94.0,134.0,112.0,81.42857142857143,84.7
FOODS_3_090_CA_1_evaluation,FOODS_3_090,FOODS_3,FOODS,CA_1,d_1017,105,2013-11-10,11342,Sunday,11,2013,126.0,96.0,99.0,129.0,86.0,85.73333333333333
FOODS_3_090_CA_1_evaluation,FOODS_3_090,FOODS_3,FOODS,CA_1,d_1018,89,2013-11-11,11342,Monday,11,2013,105.0,44.0,77.0,65.0,87.28571428571429,85.66666666666667
FOODS_3_090_CA_1_evaluation,FOODS_3_090,FOODS_3,FOODS,CA_1,d_1019,61,2013-11-12,11342,Tuesday,11,2013,89.0,82.0,57.0,48.0,93.71428571428571,84.9
FOODS_3_090_CA_1_evaluation,FOODS_3_090,FOODS_3,FOODS,CA_1,d_1020,1,2013-11-13,11342,Wednesday,11,2013,61.0,72.0,83.0,53.0,90.71428571428571,82.63333333333334
FOODS_3_090_CA_1_evaluation,FOODS_3_090,FOODS_3,FOODS,CA_1,d_1021,0,2013-11-14,11342,Thursday,11,2013,1.0,88.0,58.0,74.0,80.57142857142857,80.5
FOODS_3_090_CA_1_evaluation,FOODS_3_090,FOODS_3,FOODS,CA_1,d_1022,0,2013-11-15,11342,Friday,11,2013,0.0,94.0,77.0,97.0,68.0,78.9
FOODS_3_090_CA_1_evaluation,FOODS_3_090,FOODS_3,FOODS,CA_1,d_1023,0,2013-11-16,11343,Saturday,11,2013,0.0,126.0,94.0,108.0,54.57142857142857,77.13333333333334
FOODS_3_090_CA_1_evaluation,FOODS_3_090,FOODS_3,FOODS,CA_1,d_1024,0,2013-11-17,11343,Sunday,11,2013,0.0,105.0,96.0,121.0,36.57142857142857,74.66666666666667
FOODS_3_090_CA_1_evaluation,FOODS_3_090,FOODS_3,FOODS,CA_1,d_1025,0,2013-11-18,11343,Monday,11,2013,0.0,89.0,44.0,61.0,21.571428571428573,71.43333333333334
FOODS_3_090_CA_1_evaluation,FOODS_3_090,FOODS_3,FOODS,CA_1,d_1026,0,2013-11-19,11343,Tuesday,11,2013,0.0,61.0,82.0,55.0,8.857142857142858,67.83333333333333
FOODS_3_090_CA_1_evaluation,FOODS_3_090,FOODS_3,FOODS,CA_1,d_1027,0,2013-11-20,11343,Wednesday,11,2013,0.0,1.0,72.0,51.0,0.14285714285714285,63.8
FOODS_3_090_CA_1_evaluation,FOODS_3_090,FOODS_3,FOODS,CA_1,d_1028,0,2013-11-21,11343,Thursday,11,2013,0.0,0.0,88.0,73.0,0.0,61.766666666666666
FOODS_3_090_CA_1_evaluation,FOODS_3_090,FOODS_3,FOODS,CA_1,d_1029,0,2013-11-22,11343,Friday,11,2013,0.0,0.0,94.0,137.0,0.0,59.93333333333333
FOODS_3_090_CA_1_evaluation,FOODS_3_090,FOODS_3,FOODS,CA_1,d_1030,0,2013-11-23,11344,Saturday,11,2013,0.0,0.0,126.0,134.0,0.0,58.233333333333334
FOODS_3_090_CA_1_evaluation,FOODS_3_090,FOODS_3,FOODS,CA_1,d_1031,0,2013-11-24,11344,Sunday,11,2013,0.0,0.0,105.0,99.0,0.0,55.8
FOODS_3_090_CA_1_evaluation,FOODS_3_090,FOODS_3,FOODS,CA_1,d_1032,0,2013-11-25,11344,Monday,11,2013,0.0,0.0,89.0,77.0,0.0,51.233333333333334
FOODS_3_090_CA_1_evaluation,FOODS_3_090,FOODS_3,FOODS,CA_1,d_1033,0,2013-11-26,11344,Tuesday,11,2013,0.0,0.0,61.0,57.0,0.0,46.766666666666666
FOODS_3_090_CA_1_evaluation,FOODS_3_090,FOODS_3,FOODS,CA_1,d_1034,0,2013-11-27,11344,Wednesday,11,2013,0.0,0.0,1.0,83.0,0.0,43.46666666666667
FOODS_3_090_CA_1_evaluation,FOODS_3_090,FOODS_3,FOODS,CA_1,d_1035,0,2013-11-28,11344,Thursday,11,2013,0.0,0.0,0.0,58.0,0.0,40.9
FOODS_3_090_CA_1_evaluation,FOODS_3_090,FOODS_3,FOODS,CA_1,d_1036,0,2013-11-29,11344,Friday,11,2013,0.0,0.0,0.0,77.0,0.0,39.0
FOODS_3_090_CA_1_evaluation,FOODS_3_090,FOODS_3,FOODS,CA_1,d_1037,0,2013-11-30,11345,Saturday,11,2013,0.0,0.0,0.0,94.0,0.0,36.233333333333334
FOODS_3_090_CA_1_evaluation,FOODS_3_090,FOODS_3,FOODS,CA_1,d_1038,0,2013-12-01,11345,Sunday,12,2013,0.0,0.0,0.0,96.0,0.0,34.3
FOODS_3_090_CA_1_evaluation,FOODS_3_090,FOODS_3,FOODS,CA_1,d_1039,273,2013-12-02,11345,Monday,12,2013,0.0,0.0,0.0,44.0,0.0,31.733333333333334
FOODS_3_090_CA_1_evaluation,FOODS_3_090,FOODS_3,FOODS,CA_1,d_1040,155,2013-12-03,11345,Tuesday,12,2013,273.0,0.0,0.0,82.0,39.0,37.7
FOODS_3_090_CA_1_evaluation,FOODS_3_090,FOODS_3,FOODS,CA_1,d_1041,121,2013-12-04,11345,Wednesday,12,2013,155.0,0.0,0.0,72.0,61.142857142857146,39.666666666666664
FOODS_3_090_CA_1_evaluation,FOODS_3_090,FOODS_3,FOODS,CA_1,d_1042,171,2013-12-05,11345,Thursday,12,2013,121.0,0.0,0.0,88.0,78.42857142857143,42.233333333333334
FOODS_3_090_CA_1_evaluation,FOODS_3_090,FOODS_3,FOODS,CA_1,d_1043,162,2013-12-06,11345,Friday,12,2013,171.0,0.0,0.0,94.0,102.85714285714286,45.2
FOODS_3_090_CA_1_evaluation,FOODS_3_090,FOODS_3,FOODS,CA_1,d_1044,240,2013-12-07,11346,Saturday,12,2013,162.0,0.0,0.0,126.0,126.0,48.2
FOODS_3_090_CA_1_evaluation,FOODS_3_090,FOODS_3,FOODS,CA_1,d_1045,0,2013-12-08,11346,Sunday,12,2013,240.0,0.0,0.0,105.0,160.28571428571428,53.266666666666666
FOODS_3_090_CA_1_evaluation,FOODS_3_090,FOODS_3,FOODS,CA_1,d_1046,0,2013-12-09,11346,Monday,12,2013,0.0,273.0,0.0,89.0,160.28571428571428,50.13333333333333
FOODS_3_090_CA_1_evaluation,FOODS_3_090,FOODS_3,FOODS,CA_1,d_1047,0,2013-12-10,11346,Tuesday,12,2013,0.0,155.0,0.0,61.0,121.28571428571429,45.93333333333333
FOODS_3_090_CA_1_evaluation,FOODS_3_090,FOODS_3,FOODS,CA_1,d_1048,0,2013-12-11,11346,Wednesday,12,2013,0.0,121.0,0.0,1.0,99.14285714285714,42.43333333333333
FOODS_3_090_CA_1_evaluation,FOODS_3_090,FOODS_3,FOODS,CA_1,d_1049,0,2013-12-12,11346,Thursday,12,2013,0.0,171.0,0.0,0.0,81.85714285714286,39.46666666666667
FOODS_3_090_CA_1_evaluation,FOODS_3_090,FOODS_3,FOODS,CA_1,d_1050,0,2013-12-13,11346,Friday,12,2013,0.0,162.0,0.0,0.0,57.42857142857143,37.43333333333333
FOODS_3_090_CA_1_evaluation,FOODS_3_090,FOODS_3,FOODS,CA_1,d_1051,0,2013-12-14,11347,Saturday,12,2013,0.0,240.0,0.0,0.0,34.285714285714285,37.4
FOODS_3_090_CA_1_evaluation,FOODS_3_090,FOODS_3,FOODS,CA_1,d_1052,0,2013-12-15,11347,Sunday,12,2013,0.0,0.0,0.0,0.0,0.0,37.4
FOODS_3_090_CA_1_evaluation,FOODS_3_090,FOODS_3,FOODS,CA_1,d_1053,0,2013-12-16,11347,Monday,12,2013,0.0,0.0,273.0,0.0,0.0,37.4
FOODS_3_090_CA_1_evaluation,FOODS_3_090,FOODS_3,FOODS,CA_1,d_1054,0,2013-12-17,11347,Tuesday,12,2013,0.0,0.0,155.0,0.0,0.0,37.4
FOODS_3_090_CA_1_evaluation,FOODS_3_090,FOODS_3,FOODS,CA_1,d_1055,0,2013-12-18,11347,Wednesday,12,2013,0.0,0.0,121.0,0.0,0.0,37.4
FOODS_3_090_CA_1_evaluation,FOODS_3_090,FOODS_3,FOODS,CA_1,d_1056,0,2013-12-19,11347,Thursday,12,2013,0.0,0.0,171.0,0.0,0.0,37.4
FOODS_3_090_CA_1_evaluation,FOODS_3_090,FOODS_3,FOODS,CA_1,d_1057,0,2013-12-20,11347,Friday,12,2013,0.0,0.0,162.0,0.0,0.0,37.4
FOODS_3_090_CA_1_evaluation,FOODS_3_090,FOODS_3,FOODS,CA_1,d_1058,0,2013-12-21,11348,Saturday,12,2013,0.0,0.0,240.0,0.0,0.0,37.4
FOODS_3_090_CA_1_evaluation,FOODS_3_090,FOODS_3,FOODS,CA_1,d_1059,0,2013-12-22,11348,Sunday,12,2013,0.0,0.0,0.0,0.0,0.0,37.4
FOODS_3_090_CA_1_evaluation,FOODS_3_090,FOODS_3,FOODS,CA_1,d_1060,0,2013-12-23,11348,Monday,12,2013,0.0,0.0,0.0,0.0,0.0,37.4
FOODS_3_090_CA_1_evaluation,FOODS_3_090,FOODS_3,FOODS,CA_1,d_1061,0,2013-12-24,11348,Tuesday,12,2013,0.0,0.0,0.0,0.0,0.0,37.4
FOODS_3_090_CA_1_evaluation,FOODS_3_090,FOODS_3,FOODS,CA_1,d_1062,0,2013-12-25,11348,Wednesday,12,2013,0.0,0.0,0.0,0.0,0.0,37.4
FOODS_3_090_CA_1_evaluation,FOODS_3_090,FOODS_3,FOODS,CA_1,d_1063,148,2013-12-26,11348,Thursday,12,2013,0.0,0.0,0.0,0.0,0.0,37.4
FOODS_3_090_CA_1_evaluation,FOODS_3_090,FOODS_3,FOODS,CA_1,d_1064,74,2013-12-27,11348,Friday,12,2013,148.0,0.0,0.0,0.0,21.142857142857142,42.333333333333336
FOODS_3_090_CA_1_evaluation,FOODS_3_090,FOODS_3,FOODS,CA_1,d_1065,110,2013-12-28,11349,Saturday,12,2013,74.0,0.0,0.0,0.0,31.714285714285715,44.8
FOODS_3_090_CA_1_evaluation,FOODS_3_090,FOODS_3,FOODS,CA_1,d_1066,85,2013-12-29,11349,Sunday,12,2013,110.0,0.0,0.0,0.0,47.42857142857143,48.46666666666667
FOODS_3_090_CA_1_evaluation,FOODS_3_090,FOODS_3,FOODS,CA_1,d_1067,142,2013-12-30,11349,Monday,12,2013,85.0,0.0,0.0,273.0,59.57142857142857,51.3
FOODS_3_090_CA_1_evaluation,FOODS_3_090,FOODS_3,FOODS,CA_1,d_1068,278,2013-12-31,11349,Tuesday,12,2013,142.0,0.0,0.0,155.0,79.85714285714286,56.03333333333333
FOODS_3_090_CA_1_evaluation,FOODS_3_090,FOODS_3,FOODS,CA_1,d_1069,58,2014-01-01,11349,Wednesday,1,2014,278.0,0.0,0.0,121.0,119.57142857142857,65.3
FOODS_3_090_CA_1_evaluation,FOODS_3_090,FOODS_3,FOODS,CA_1,d_1070,66,2014-01-02,11349,Thursday,1,2014,58.0,148.0,0.0,171.0,127.85714285714286,58.13333333333333
FOODS_3_090_CA_1_evaluation,FOODS_3_090,FOODS_3,FOODS,CA_1,d_1071,83,2014-01-03,11349,Friday,1,2014,66.0,74.0,0.0,162.0,116.14285714285714,55.166666666666664
FOODS_3_090_CA_1_evaluation,FOODS_3_090,FOODS_3,FOODS,CA_1,d_1072,101,2014-01-04,11350,Saturday,1,2014,83.0,110.0,0.0,240.0,117.42857142857143,53.9
FOODS_3_090_CA_1_evaluation,FOODS_3_090,FOODS_3,FOODS,CA_1,d_1073,101,2014-01-05,11350,Sunday,1,2014,101.0,85.0,0.0,0.0,116.14285714285714,51.56666666666667
FOODS_3_090_CA_1_evaluation,FOODS_3_090,FOODS_3,FOODS,CA_1,d_1074,85,2014-01-06,11350,Monday,1,2014,101.0,142.0,0.0,0.0,118.42857142857143,49.53333333333333
FOODS_3_090_CA_1_evaluation,FOODS_3_090,FOODS_3,FOODS,CA_1,d_1075,56,2014-01-07,11350,Tuesday,1,2014,85.0,278.0,0.0,0.0,110.28571428571429,44.36666666666667
FOODS_3_090_CA_1_evaluation,FOODS_3_090,FOODS_3,FOODS,CA_1,d_1076,6,2014-01-08,11350,Wednesday,1,2014,56.0,58.0,0.0,0.0,78.57142857142857,46.233333333333334
FOODS_3_090_CA_1_evaluation,FOODS_3_090,FOODS_3,FOODS,CA_1,d_1077,0,2014-01-09,11350,Thursday,1,2014,6.0,66.0,148.0,0.0,71.14285714285714,46.43333333333333
FOODS_3_090_CA_1_evaluation,FOODS_3_090,FOODS_3,FOODS,CA_1,d_1078,0,2014-01-10,11350,Friday,1,2014,0.0,83.0,74.0,0.0,61.714285714285715,46.43333333333333
FOODS_3_090_CA_1_evaluation,FOODS_3_090,FOODS_3,FOODS,CA_1,d_1079,90,2014-01-11,11351,Saturday,1,2014,0.0,101.0,110.0,0.0,49.857142857142854,46.43333333333333
FOODS_3_090_CA_1_evaluation,FOODS_3_090,FOODS_3,FOODS,CA_1,d_1080,83,2014-01-12,11351,Sunday,1,2014,90.0,101.0,85.0,0.0,48.285714285714285,49.43333333333333
FOODS_3_090_CA_1_evaluation,FOODS_3_090,FOODS_3,FOODS,CA_1,d_1081,35,2014-01-13,11351,Monday,1,2014,83.0,85.0,142.0,0.0,45.714285714285715,52.2
FOODS_3_090_CA_1_evaluation,FOODS_3_090,FOODS_3,FOODS,CA_1,d_1082,62,2014-01-14,11351,Tuesday,1,2014,35.0,56.0,278.0,0.0,38.57142857142857,53.36666666666667
FOODS_3_090_CA_1_evaluation,FOODS_3_090,FOODS_3,FOODS,CA_1,d_1083,48,2014-01-15,11351,Wednesday,1,2014,62.0,6.0,58.0,0.0,39.42857142857143,55.43333333333333
FOODS_3_090_CA_1_evaluation,FOODS_3_090,FOODS_3,FOODS,CA_1,d_1084,59,2014-01-16,11351,Thursday,1,2014,48.0,0.0,66.0,0.0,45.42857142857143,57.03333333333333
FOODS_3_090_CA_1_evaluation,FOODS_3_090,FOODS_3,FOODS,CA_1,d_1085,187,2014-01-17,11351,Friday,1,2014,59.0,0.0,83.0,0.0,53.857142857142854,59.0
FOODS_3_090_CA_1_evaluation,FOODS_3_090,FOODS_3,FOODS,CA_1,d_1086,119,2014-01-18,11352,Saturday,1,2014,187.0,90.0,101.0,0.0,80.57142857142857,65.23333333333333
FOODS_3_090_CA_1_evaluation,FOODS_3_090,FOODS_3,FOODS,CA_1,d_1087,117,2014-01-19,11352,Sunday,1,2014,119.0,83.0,101.0,0.0,84.71428571428571,69.2
FOODS_3_090_CA_1_evaluation,FOODS_3_090,FOODS_3,FOODS,CA_1,d_1088,48,2014-01-20,11352,Monday,1,2014,117.0,35.0,85.0,0.0,89.57142857142857,73.1
FOODS_3_090_CA_1_evaluation,FOODS_3_090,FOODS_3,FOODS,CA_1,d_1089,32,2014-01-21,11352,Tuesday,1,2014,48.0,62.0,56.0,0.0,91.42857142857143,74.7
FOODS_3_090_CA_1_evaluation,FOODS_3_090,FOODS_3,FOODS,CA_1,d_1090,58,2014-01-22,11352,Wednesday,1,2014,32.0,48.0,6.0,0.0,87.14285714285714,75.76666666666667
FOODS_3_090_CA_1_evaluation,FOODS_3_090,FOODS_3,FOODS,CA_1,d_1091,60,2014-01-23,11352,Thursday,1,2014,58.0,59.0,0.0,148.0,88.57142857142857,77.7
FOODS_3_090_CA_1_evaluation,FOODS_3_090,FOODS_3,FOODS,CA_1,d_1092,81,2014-01-24,11352,Friday,1,2014,60.0,187.0,0.0,74.0,88.71428571428571,79.7
FOODS_3_090_CA_1_evaluation,FOODS_3_090,FOODS_3,FOODS,CA_1,d_1093,79,2014-01-25,11353,Saturday,1,2014,81.0,119.0,90.0,110.0,73.57142857142857,82.4
FOODS_3_090_CA_1_evaluation,FOODS_3_090,FOODS_3,FOODS,CA_1,d_1094,79,2014-01-26,11353,Sunday,1,2014,79.0,117.0,83.0,85.0,67.85714285714286,80.1
FOODS_3_090_CA_1_evaluation,FOODS_3_090,FOODS_3,FOODS,CA_1,d_1095,34,2014-01-27,11353,Monday,1,2014,79.0,48.0,35.0,142.0,62.42857142857143,80.26666666666667
FOODS_3_090_CA_1_evaluation,FOODS_3_090,FOODS_3,FOODS,CA_1,d_1096,52,2014-01-28,11353,Tuesday,1,2014,34.0,32.0,62.0,278.0,60.42857142857143,77.73333333333333
FOODS_3_090_CA_1_evaluation,FOODS_3_090,FOODS_3,FOODS,CA_1,d_1097,45,2014-01-29,11353,Wednesday,1,2014,52.0,58.0,48.0,58.0,63.285714285714285,76.63333333333334
FOODS_3_090_CA_1_evaluation,FOODS_3_090,FOODS_3,FOODS,CA_1,d_1098,48,2014-01-30,11353,Thursday,1,2014,45.0,60.0,59.0,66.0,61.42857142857143,73.4
FOODS_3_090_CA_1_evaluation,FOODS_3_090,FOODS_3,FOODS,CA_1,d_1099,80,2014-01-31,11353,Friday,1,2014,48.0,81.0,187.0,83.0,59.714285714285715,65.73333333333333
FOODS_3_090_CA_1_evaluation,FOODS_3_090,FOODS_3,FOODS,CA_1,d_1100,151,2014-02-01,11401,Saturday,2,2014,80.0,79.0,119.0,101.0,59.57142857142857,66.46666666666667
FOODS_3_090_CA_1_evaluation,FOODS_3_090,FOODS_3,FOODS,CA_1,d_1101,127,2014-02-02,11401,Sunday,2,2014,151.0,79.0,117.0,101.0,69.85714285714286,69.3
FOODS_3_090_CA_1_evaluation,FOODS_3_090,FOODS_3,FOODS,CA_1,d_1102,99,2014-02-03,11401,Monday,2,2014,127.0,34.0,48.0,85.0,76.71428571428571,70.76666666666667
FOODS_3_090_CA_1_evaluation,FOODS_3_090,FOODS_3,FOODS,CA_1,d_1103,43,2014-02-04,11401,Tuesday,2,2014,99.0,52.0,32.0,56.0,86.0,70.7
FOODS_3_090_CA_1_evaluation,FOODS_3_090,FOODS_3,FOODS,CA_1,d_1104,62,2014-02-05,11401,Wednesday,2,2014,43.0,45.0,58.0,6.0,84.71428571428571,68.76666666666667
FOODS_3_090_CA_1_evaluation,FOODS_3_090,FOODS_3,FOODS,CA_1,d_1105,53,2014-02-06,11401,Thursday,2,2014,62.0,48.0,60.0,0.0,87.14285714285714,68.0
FOODS_3_090_CA_1_evaluation,FOODS_3_090,FOODS_3,FOODS,CA_1,d_1106,2,2014-02-07,11401,Friday,2,2014,53.0,80.0,81.0,0.0,87.85714285714286,67.9
FOODS_3_090_CA_1_evaluation,FOODS_3_090,FOODS_3,FOODS,CA_1,d_1107,0,2014-02-08,11402,Saturday,2,2014,2.0,151.0,79.0,90.0,76.71428571428571,67.76666666666667
FOODS_3_090_CA_1_evaluation,FOODS_3_090,FOODS_3,FOODS,CA_1,d_1108,0,2014-02-09,11402,Sunday,2,2014,0.0,127.0,79.0,83.0,55.142857142857146,67.76666666666667
FOODS_3_090_CA_1_evaluation,FOODS_3_090,FOODS_3,FOODS,CA_1,d_1109,0,2014-02-10,11402,Monday,2,2014,0.0,99.0,34.0,35.0,37.0,67.76666666666667
FOODS_3_090_CA_1_evaluation,FOODS_3_090,FOODS_3,FOODS,CA_1,d_1110,0,2014-02-11,11402,Tuesday,2,2014,0.0,43.0,52.0,62.0,22.857142857142858,64.76666666666667
FOODS_3_090_CA_1_evaluation,FOODS_3_090,FOODS_3,FOODS,CA_1,d_1111,0,2014-02-12,11402,Wednesday,2,2014,0.0,62.0,45.0,48.0,16.714285714285715,62.0
FOODS_3_090_CA_1_evaluation,FOODS_3_090,FOODS_3,FOODS,CA_1,d_1112,0,2014-02-13,11402,Thursday,2,2014,0.0,53.0,48.0,59.0,7.857142857142857,60.833333333333336
FOODS_3_090_CA_1_evaluation,FOODS_3_090,FOODS_3,FOODS,CA_1,d_1113,0,2014-02-14,11402,Friday,2,2014,0.0,2.0,80.0,187.0,0.2857142857142857,58.766666666666666
FOODS_3_090_CA_1_evaluation,FOODS_3_090,FOODS_3,FOODS,CA_1,d_1114,0,2014-02-15,11403,Saturday,2,2014,0.0,0.0,151.0,119.0,0.0,57.166666666666664
FOODS_3_090_CA_1_evaluation,FOODS_3_090,FOODS_3,FOODS,CA_1,d_1115,0,2014-02-16,11403,Sunday,2,2014,0.0,0.0,127.0,117.0,0.0,55.2
FOODS_3_090_CA_1_evaluation,FOODS_3_090,FOODS_3,FOODS,CA_1,d_1116,0,2014-02-17,11403,Monday,2,2014,0.0,0.0,99.0,48.0,0.0,48.96666666666667
FOODS_3_090_CA_1_evaluation,FOODS_3_090,FOODS_3,FOODS,CA_1,d_1117,0,2014-02-18,11403,Tuesday,2,2014,0.0,0.0,43.0,32.0,0.0,45.0
FOODS_3_090_CA_1_evaluation,FOODS_3_090,FOODS_3,FOODS,CA_1,d_1118,0,2014-02-19,11403,Wednesday,2,2014,0.0,0.0,62.0,58.0,0.0,41.1
FOODS_3_090_CA_1_evaluation,FOODS_3_090,FOODS_3,FOODS,CA_1,d_1119,0,2014-02-20,11403,Thursday,2,2014,0.0,0.0,53.0,60.0,0.0,39.5
FOODS_3_090_CA_1_evaluation,FOODS_3_090,FOODS_3,FOODS,CA_1,d_1120,0,2014-02-21,11403,Friday,2,2014,0.0,0.0,2.0,81.0,0.0,38.43333333333333
FOODS_3_090_CA_1_evaluation,FOODS_3_090,FOODS_3,FOODS,CA_1,d_1121,0,2014-02-22,11404,Saturday,2,2014,0.0,0.0,0.0,79.0,0.0,36.5
FOODS_3_090_CA_1_evaluation,FOODS_3_090,FOODS_3,FOODS,CA_1,d_1122,0,2014-02-23,11404,Sunday,2,2014,0.0,0.0,0.0,79.0,0.0,34.5
FOODS_3_090_CA_1_evaluation,FOODS_3_090,FOODS_3,FOODS,CA_1,d_1123,0,2014-02-24,11404,Monday,2,2014,0.0,0.0,0.0,34.0,0.0,31.8
FOODS_3_090_CA_1_evaluation,FOODS_3_090,FOODS_3,FOODS,CA_1,d_1124,0,2014-02-25,11404,Tuesday,2,2014,0.0,0.0,0.0,52.0,0.0,29.166666666666668
FOODS_3_090_CA_1_evaluation,FOODS_3_090,FOODS_3,FOODS,CA_1,d_1125,0,2014-02-26,11404,Wednesday,2,2014,0.0,0.0,0.0,45.0,0.0,26.533333333333335
FOODS_3_090_CA_1_evaluation,FOODS_3_090,FOODS_3,FOODS,CA_1,d_1126,0,2014-02-27,11404,Thursday,2,2014,0.0,0.0,0.0,48.0,0.0,25.4
FOODS_3_090_CA_1_evaluation,FOODS_3_090,FOODS_3,FOODS,CA_1,d_1127,0,2014-02-28,11404,Friday,2,2014,0.0,0.0,0.0,80.0,0.0,23.666666666666668
FOODS_3_090_CA_1_evaluation,FOODS_3_090,FOODS_3,FOODS,CA_1,d_1128,0,2014-03-01,11405,Saturday,3,2014,0.0,0.0,0.0,151.0,0.0,22.166666666666668
FOODS_3_090_CA_1_evaluation,FOODS_3_090,FOODS_3,FOODS,CA_1,d_1129,0,2014-03-02,11405,Sunday,3,2014,0.0,0.0,0.0,127.0,0.0,20.566666666666666
FOODS_3_090_CA_1_evaluation,FOODS_3_090,FOODS_3,FOODS,CA_1,d_1130,0,2014-03-03,11405,Monday,3,2014,0.0,0.0,0.0,99.0,0.0,17.9
FOODS_3_090_CA_1_evaluation,FOODS_3_090,FOODS_3,FOODS,CA_1,d_1131,0,2014-03-04,11405,Tuesday,3,2014,0.0,0.0,0.0,43.0,0.0,12.866666666666667
FOODS_3_090_CA_1_evaluation,FOODS_3_090,FOODS_3,FOODS,CA_1,d_1132,0,2014-03-05,11405,Wednesday,3,2014,0.0,0.0,0.0,62.0,0.0,8.633333333333333
FOODS_3_090_CA_1_evaluation,FOODS_3_090,FOODS_3,FOODS,CA_1,d_1133,0,2014-03-06,11405,Thursday,3,2014,0.0,0.0,0.0,53.0,0.0,5.333333333333333
FOODS_3_090_CA_1_evaluation,FOODS_3_090,FOODS_3,FOODS,CA_1,d_1134,0,2014-03-07,11405,Friday,3,2014,0.0,0.0,0.0,2.0,0.0,3.9
FOODS_3_090_CA_1_evaluation,FOODS_3_090,FOODS_3,FOODS,CA_1,d_1135,0,2014-03-08,11406,Saturday,3,2014,0.0,0.0,0.0,0.0,0.0,1.8333333333333333
FOODS_3_090_CA_1_evaluation,FOODS_3_090,FOODS_3,FOODS,CA_1,d_1136,129,2014-03-09,11406,Sunday,3,2014,0.0,0.0,0.0,0.0,0.0,0.06666666666666667
FOODS_3_090_CA_1_evaluation,FOODS_3_090,FOODS_3,FOODS,CA_1,d_1137,65,2014-03-10,11406,Monday,3,2014,129.0,0.0,0.0,0.0,18.428571428571427,4.3
FOODS_3_090_CA_1_evaluation,FOODS_3_090,FOODS_3,FOODS,CA_1,d_1138,52,2014-03-11,11406,Tuesday,3,2014,65.0,0.0,0.0,0.0,27.714285714285715,6.466666666666667
FOODS_3_090_CA_1_evaluation,FOODS_3_090,FOODS_3,FOODS,CA_1,d_1139,70,2014-03-12,11406,Wednesday,3,2014,52.0,0.0,0.0,0.0,35.142857142857146,8.2
FOODS_3_090_CA_1_evaluation,FOODS_3_090,FOODS_3,FOODS,CA_1,d_1140,51,2014-03-13,11406,Thursday,3,2014,70.0,0.0,0.0,0.0,45.142857142857146,10.533333333333333
FOODS_3_090_CA_1_evaluation,FOODS_3_090,FOODS_3,FOODS,CA_1,d_1141,63,2014-03-14,11406,Friday,3,2014,51.0,0.0,0.0,0.0,52.42857142857143,12.233333333333333
FOODS_3_090_CA_1_evaluation,FOODS_3_090,FOODS_3,FOODS,CA_1,d_1142,85,2014-03-15,11407,Saturday,3,2014,63.0,0.0,0.0,0.0,61.42857142857143,14.333333333333334
FOODS_3_090_CA_1_evaluation,FOODS_3_090,FOODS_3,FOODS,CA_1,d_1143,69,2014-03-16,11407,Sunday,3,2014,85.0,129.0,0.0,0.0,73.57142857142857,17.166666666666668
FOODS_3_090_CA_1_evaluation,FOODS_3_090,FOODS_3,FOODS,CA_1,d_1144,64,2014-03-17,11407,Monday,3,2014,69.0,65.0,0.0,0.0,65.0,19.466666666666665
FOODS_3_090_CA_1_evaluation,FOODS_3_090,FOODS_3,FOODS,CA_1,d_1145,30,2014-03-18,11407,Tuesday,3,2014,64.0,52.0,0.0,0.0,64.85714285714286,21.6
FOODS_3_090_CA_1_evaluation,FOODS_3_090,FOODS_3,FOODS,CA_1,d_1146,67,2014-03-19,11407,Wednesday,3,2014,30.0,70.0,0.0,0.0,61.714285714285715,22.6
FOODS_3_090_CA_1_evaluation,FOODS_3_090,FOODS_3,FOODS,CA_1,d_1147,49,2014-03-20,11407,Thursday,3,2014,67.0,51.0,0.0,0.0,61.285714285714285,24.833333333333332
FOODS_3_090_CA_1_evaluation,FOODS_3_090,FOODS_3,FOODS,CA_1,d_1148,82,2014-03-21,11407,Friday,3,2014,49.0,63.0,0.0,0.0,61.0,26.466666666666665
FOODS_3_090_CA_1_evaluation,FOODS_3_090,FOODS_3,FOODS,CA_1,d_1149,79,2014-03-22,11408,Saturday,3,2014,82.0,85.0,0.0,0.0,63.714285714285715,29.2
FOODS_3_090_CA_1_evaluation,FOODS_3_090,FOODS_3,FOODS,CA_1,d_1150,63,2014-03-23,11408,Sunday,3,2014,79.0,69.0,129.0,0.0,62.857142857142854,31.833333333333332
FOODS_3_090_CA_1_evaluation,FOODS_3_090,FOODS_3,FOODS,CA_1,d_1151,68,2014-03-24,11408,Monday,3,2014,63.0,64.0,65.0,0.0,62.0,33.93333333333333
FOODS_3_090_CA_1_evaluation,FOODS_3_090,FOODS_3,FOODS,CA_1,d_1152,44,2014-03-25,11408,Tuesday,3,2014,68.0,30.0,52.0,0.0,62.57142857142857,36.2
FOODS_3_090_CA_1_evaluation,FOODS_3_090,FOODS_3,FOODS,CA_1,d_1153,26,2014-03-26,11408,Wednesday,3,2014,44.0,67.0,70.0,0.0,64.57142857142857,37.666666666666664
FOODS_3_090_CA_1_evaluation,FOODS_3_090,FOODS_3,FOODS,CA_1,d_1154,42,2014-03-27,11408,Thursday,3,2014,26.0,49.0,51.0,0.0,58.714285714285715,38.53333333333333
FOODS_3_090_CA_1_evaluation,FOODS_3_090,FOODS_3,FOODS,CA_1,d_1155,43,2014-03-28,11408,Friday,3,2014,42.0,82.0,63.0,0.0,57.714285714285715,39.93333333333333
FOODS_3_090_CA_1_evaluation,FOODS_3_090,FOODS_3,FOODS,CA_1,d_1156,72,2014-03-29,11409,Saturday,3,2014,43.0,79.0,85.0,0.0,52.142857142857146,41.36666666666667
FOODS_3_090_CA_1_evaluation,FOODS_3_090,FOODS_3,FOODS,CA_1,d_1157,79,2014-03-30,11409,Sunday,3,2014,72.0,63.0,69.0,0.0,51.142857142857146,43.766666666666666
FOODS_3_090_CA_1_evaluation,FOODS_3_090,FOODS_3,FOODS,CA_1,d_1158,43,2014-03-31,11409,Monday,3,2014,79.0,68.0,64.0,0.0,53.42857142857143,46.4
FOODS_3_090_CA_1_evaluation,FOODS_3_090,FOODS_3,FOODS,CA_1,d_1159,36,2014-04-01,11409,Tuesday,4,2014,43.0,44.0,30.0,0.0,49.857142857142854,47.833333333333336
FOODS_3_090_CA_1_evaluation,FOODS_3_090,FOODS_3,FOODS,CA_1,d_1160,37,2014-04-02,11409,Wednesday,4,2014,36.0,26.0,67.0,0.0,48.714285714285715,49.03333333333333
FOODS_3_090_CA_1_evaluation,FOODS_3_090,FOODS_3,FOODS,CA_1,d_1161,47,2014-04-03,11409,Thursday,4,2014,37.0,42.0,49.0,0.0,50.285714285714285,50.266666666666666
FOODS_3_090_CA_1_evaluation,FOODS_3_090,FOODS_3,FOODS,CA_1,d_1162,97,2014-04-04,11409,Friday,4,2014,47.0,43.0,82.0,0.0,51.0,51.833333333333336
FOODS_3_090_CA_1_evaluation,FOODS_3_090,FOODS_3,FOODS,CA_1,d_1163,108,2014-04-05,11410,Saturday,4,2014,97.0,72.0,79.0,0.0,58.714285714285715,55.06666666666667
FOODS_3_090_CA_1_evaluation,FOODS_3_090,FOODS_3,FOODS,CA_1,d_1164,87,2014-04-06,11410,Sunday,4,2014,108.0,79.0,63.0,129.0,63.857142857142854,58.666666666666664
FOODS_3_090_CA_1_evaluation,FOODS_3_090,FOODS_3,FOODS,CA_1,d_1165,55,2014-04-07,11410,Monday,4,2014,87.0,43.0,68.0,65.0,65.0,61.56666666666667
FOODS_3_090_CA_1_evaluation,FOODS_3_090,FOODS_3,FOODS,CA_1,d_1166,64,2014-04-08,11410,Tuesday,4,2014,55.0,36.0,44.0,52.0,66.71428571428571,63.4
FOODS_3_090_CA_1_evaluation,FOODS_3_090,FOODS_3,FOODS,CA_1,d_1167,36,2014-04-09,11410,Wednesday,4,2014,64.0,37.0,26.0,70.0,70.71428571428571,61.233333333333334
FOODS_3_090_CA_1_evaluation,FOODS_3_090,FOODS_3,FOODS,CA_1,d_1168,47,2014-04-10,11410,Thursday,4,2014,36.0,47.0,42.0,51.0,70.57142857142857,60.266666666666666
FOODS_3_090_CA_1_evaluation,FOODS_3_090,FOODS_3,FOODS,CA_1,d_1169,101,2014-04-11,11410,Friday,4,2014,47.0,97.0,43.0,63.0,70.57142857142857,60.1
FOODS_3_090_CA_1_evaluation,FOODS_3_090,FOODS_3,FOODS,CA_1,d_1170,104,2014-04-12,11411,Saturday,4,2014,101.0,108.0,72.0,85.0,71.14285714285714,61.13333333333333
FOODS_3_090_CA_1_evaluation,FOODS_3_090,FOODS_3,FOODS,CA_1,d_1171,65,2014-04-13,11411,Sunday,4,2014,104.0,87.0,79.0,69.0,70.57142857142857,62.9
FOODS_3_090_CA_1_evaluation,FOODS_3_090,FOODS_3,FOODS,CA_1,d_1172,70,2014-04-14,11411,Monday,4,2014,65.0,55.0,43.0,64.0,67.42857142857143,62.96666666666667
FOODS_3_090_CA_1_evaluation,FOODS_3_090,FOODS_3,FOODS,CA_1,d_1173,47,2014-04-15,11411,Tuesday,4,2014,70.0,64.0,36.0,30.0,69.57142857142857,62.46666666666667
FOODS_3_090_CA_1_evaluation,FOODS_3_090,FOODS_3,FOODS,CA_1,d_1174,87,2014-04-16,11411,Wednesday,4,2014,47.0,36.0,37.0,67.0,67.14285714285714,61.733333333333334
FOODS_3_090_CA_1_evaluation,FOODS_3_090,FOODS_3,FOODS,CA_1,d_1175,68,2014-04-17,11411,Thursday,4,2014,87.0,47.0,47.0,49.0,74.42857142857143,62.5
FOODS_3_090_CA_1_evaluation,FOODS_3_090,FOODS_3,FOODS,CA_1,d_1176,70,2014-04-18,11411,Friday,4,2014,68.0,101.0,97.0,82.0,77.42857142857143,63.766666666666666
FOODS_3_090_CA_1_evaluation,FOODS_3_090,FOODS_3,FOODS,CA_1,d_1177,131,2014-04-19,11412,Saturday,4,2014,70.0,104.0,108.0,79.0,73.0,63.86666666666667
FOODS_3_090_CA_1_evaluation,FOODS_3_090,FOODS_3,FOODS,CA_1,d_1178,165,2014-04-20,11412,Sunday,4,2014,131.0,65.0,87.0,63.0,76.85714285714286,66.6
FOODS_3_090_CA_1_evaluation,FOODS_3_090,FOODS_3,FOODS,CA_1,d_1179,30,2014-04-21,11412,Monday,4,2014,165.0,70.0,55.0,68.0,91.14285714285714,69.36666666666666
FOODS_3_090_CA_1_evaluation,FOODS_3_090,FOODS_3,FOODS,CA_1,d_1180,72,2014-04-22,11412,Tuesday,4,2014,30.0,47.0,64.0,44.0,85.42857142857143,67.73333333333333
FOODS_3_090_CA_1_evaluation,FOODS_3_090,FOODS_3,FOODS,CA_1,d_1181,24,2014-04-23,11412,Wednesday,4,2014,72.0,87.0,36.0,26.0,89.0,68.03333333333333
FOODS_3_090_CA_1_evaluation,FOODS_3_090,FOODS_3,FOODS,CA_1,d_1182,59,2014-04-24,11412,Thursday,4,2014,24.0,68.0,47.0,42.0,80.0,66.56666666666666
FOODS_3_090_CA_1_evaluation,FOODS_3_090,FOODS_3,FOODS,CA_1,d_1183,130,2014-04-25,11412,Friday,4,2014,59.0,70.0,101.0,43.0,78.71428571428571,67.06666666666666
FOODS_3_090_CA_1_evaluation,FOODS_3_090,FOODS_3,FOODS,CA_1,d_1184,93,2014-04-26,11413,Saturday,4,2014,130.0,131.0,104.0,72.0,87.28571428571429,70.53333333333333
FOODS_3_090_CA_1_evaluation,FOODS_3_090,FOODS_3,FOODS,CA_1,d_1185,85,2014-04-27,11413,Sunday,4,2014,93.0,165.0,65.0,79.0,81.85714285714286,72.23333333333333
FOODS_3_090_CA_1_evaluation,FOODS_3_090,FOODS_3,FOODS,CA_1,d_1186,49,2014-04-28,11413,Monday,4,2014,85.0,30.0,70.0,43.0,70.42857142857143,73.63333333333334
FOODS_3_090_CA_1_evaluation,FOODS_3_090,FOODS_3,FOODS,CA_1,d_1187,65,2014-04-29,11413,Tuesday,4,2014,49.0,72.0,47.0,36.0,73.14285714285714,72.86666666666666
FOODS_3_090_CA_1_evaluation,FOODS_3_090,FOODS_3,FOODS,CA_1,d_1188,59,2014-04-30,11413,Wednesday,4,2014,65.0,24.0,87.0,37.0,72.14285714285714,72.4
FOODS_3_090_CA_1_evaluation,FOODS_3_090,FOODS_3,FOODS,CA_1,d_1189,64,2014-05-01,11413,Thursday,5,2014,59.0,59.0,68.0,47.0,77.14285714285714,72.93333333333334
FOODS_3_090_CA_1_evaluation,FOODS_3_090,FOODS_3,FOODS,CA_1,d_1190,99,2014-05-02,11413,Friday,5,2014,64.0,130.0,70.0,97.0,77.85714285714286,73.86666666666666
FOODS_3_090_CA_1_evaluation,FOODS_3_090,FOODS_3,FOODS,CA_1,d_1191,88,2014-05-03,11414,Saturday,5,2014,99.0,93.0,131.0,108.0,73.42857142857143,75.93333333333334
FOODS_3_090_CA_1_evaluation,FOODS_3_090,FOODS_3,FOODS,CA_1,d_1192,99,2014-05-04,11414,Sunday,5,2014,88.0,85.0,165.0,87.0,72.71428571428571,77.3
FOODS_3_090_CA_1_evaluation,FOODS_3_090,FOODS_3,FOODS,CA_1,d_1193,60,2014-05-05,11414,Monday,5,2014,99.0,49.0,30.0,55.0,74.71428571428571,77.36666666666666
FOODS_3_090_CA_1_evaluation,FOODS_3_090,FOODS_3,FOODS,CA_1,d_1194,49,2014-05-06,11414,Tuesday,5,2014,60.0,65.0,72.0,64.0,76.28571428571429,75.76666666666667
FOODS_3_090_CA_1_evaluation,FOODS_3_090,FOODS_3,FOODS,CA_1,d_1195,33,2014-05-07,11414,Wednesday,5,2014,49.0,59.0,24.0,36.0,74.0,74.5
FOODS_3_090_CA_1_evaluation,FOODS_3_090,FOODS_3,FOODS,CA_1,d_1196,71,2014-05-08,11414,Thursday,5,2014,33.0,64.0,59.0,47.0,70.28571428571429,73.76666666666667
FOODS_3_090_CA_1_evaluation,FOODS_3_090,FOODS_3,FOODS,CA_1,d_1197,77,2014-05-09,11414,Friday,5,2014,71.0,99.0,130.0,101.0,71.28571428571429,74.0
FOODS_3_090_CA_1_evaluation,FOODS_3_090,FOODS_3,FOODS,CA_1,d_1198,78,2014-05-10,11415,Saturday,5,2014,77.0,88.0,93.0,104.0,68.14285714285714,75.36666666666666
FOODS_3_090_CA_1_evaluation,FOODS_3_090,FOODS_3,FOODS,CA_1,d_1199,118,2014-05-11,11415,Sunday,5,2014,78.0,99.0,85.0,65.0,66.71428571428571,76.4
FOODS_3_090_CA_1_evaluation,FOODS_3_090,FOODS_3,FOODS,CA_1,d_1200,54,2014-05-12,11415,Monday,5,2014,118.0,60.0,49.0,70.0,69.42857142857143,76.96666666666667
FOODS_3_090_CA_1_evaluation,FOODS_3_090,FOODS_3,FOODS,CA_1,d_1201,0,2014-05-13,11415,Tuesday,5,2014,54.0,49.0,65.0,47.0,68.57142857142857,75.3
FOODS_3_090_CA_1_evaluation,FOODS_3_090,FOODS_3,FOODS,CA_1,d_1202,0,2014-05-14,11415,Wednesday,5,2014,0.0,33.0,59.0,87.0,61.57142857142857,73.13333333333334
FOODS_3_090_CA_1_evaluation,FOODS_3_090,FOODS_3,FOODS,CA_1,d_1203,0,2014-05-15,11415,Thursday,5,2014,0.0,71.0,64.0,68.0,56.857142857142854,70.8
FOODS_3_090_CA_1_evaluation,FOODS_3_090,FOODS_3,FOODS,CA_1,d_1204,0,2014-05-16,11415,Friday,5,2014,0.0,77.0,99.0,70.0,46.714285714285715,69.23333333333333
FOODS_3_090_CA_1_evaluation,FOODS_3_090,FOODS_3,FOODS,CA_1,d_1205,0,2014-05-17,11416,Saturday,5,2014,0.0,78.0,88.0,131.0,35.714285714285715,66.33333333333333
FOODS_3_090_CA_1_evaluation,FOODS_3_090,FOODS_3,FOODS,CA_1,d_1206,0,2014-05-18,11416,Sunday,5,2014,0.0,118.0,99.0,165.0,24.571428571428573,64.06666666666666
FOODS_3_090_CA_1_evaluation,FOODS_3_090,FOODS_3,FOODS,CA_1,d_1207,0,2014-05-19,11416,Monday,5,2014,0.0,54.0,60.0,30.0,7.714285714285714,61.733333333333334
FOODS_3_090_CA_1_evaluation,FOODS_3_090,FOODS_3,FOODS,CA_1,d_1208,0,2014-05-20,11416,Tuesday,5,2014,0.0,0.0,49.0,72.0,0.0,57.36666666666667
FOODS_3_090_CA_1_evaluation,FOODS_3_090,FOODS_3,FOODS,CA_1,d_1209,0,2014-05-21,11416,Wednesday,5,2014,0.0,0.0,33.0,24.0,0.0,51.86666666666667
FOODS_3_090_CA_1_evaluation,FOODS_3_090,FOODS_3,FOODS,CA_1,d_1210,0,2014-05-22,11416,Thursday,5,2014,0.0,0.0,71.0,59.0,0.0,50.86666666666667
FOODS_3_090_CA_1_evaluation,FOODS_3_090,FOODS_3,FOODS,CA_1,d_1211,0,2014-05-23,11416,Friday,5,2014,0.0,0.0,77.0,130.0,0.0,48.46666666666667
FOODS_3_090_CA_1_evaluation,FOODS_3_090,FOODS_3,FOODS,CA_1,d_1212,0,2014-05-24,11417,Saturday,5,2014,0.0,0.0,78.0,93.0,0.0,47.666666666666664
FOODS_3_090_CA_1_evaluation,FOODS_3_090,FOODS_3,FOODS,CA_1,d_1213,0,2014-05-25,11417,Sunday,5,2014,0.0,0.0,118.0,85.0,0.0,45.7
FOODS_3_090_CA_1_evaluation,FOODS_3_090,FOODS_3,FOODS,CA_1,d_1214,0,2014-05-26,11417,Monday,5,2014,0.0,0.0,54.0,49.0,0.0,41.36666666666667
FOODS_3_090_CA_1_evaluation,FOODS_3_090,FOODS_3,FOODS,CA_1,d_1215,0,2014-05-27,11417,Tuesday,5,2014,0.0,0.0,0.0,65.0,0.0,38.266666666666666
FOODS_3_090_CA_1_evaluation,FOODS_3_090,FOODS_3,FOODS,CA_1,d_1216,0,2014-05-28,11417,Wednesday,5,2014,0.0,0.0,0.0,59.0,0.0,35.43333333333333
FOODS_3_090_CA_1_evaluation,FOODS_3_090,FOODS_3,FOODS,CA_1,d_1217,0,2014-05-29,11417,Thursday,5,2014,0.0,0.0,0.0,64.0,0.0,33.8
FOODS_3_090_CA_1_evaluation,FOODS_3_090,FOODS_3,FOODS,CA_1,d_1218,0,2014-05-30,11417,Friday,5,2014,0.0,0.0,0.0,99.0,0.0,31.633333333333333
FOODS_3_090_CA_1_evaluation,FOODS_3_090,FOODS_3,FOODS,CA_1,d_1219,0,2014-05-31,11418,Saturday,5,2014,0.0,0.0,0.0,88.0,0.0,29.666666666666668
FOODS_3_090_CA_1_evaluation,FOODS_3_090,FOODS_3,FOODS,CA_1,d_1220,0,2014-06-01,11418,Sunday,6,2014,0.0,0.0,0.0,99.0,0.0,27.533333333333335
FOODS_3_090_CA_1_evaluation,FOODS_3_090,FOODS_3,FOODS,CA_1,d_1221,0,2014-06-02,11418,Monday,6,2014,0.0,0.0,0.0,60.0,0.0,24.233333333333334
FOODS_3_090_CA_1_evaluation,FOODS_3_090,FOODS_3,FOODS,CA_1,d_1222,0,2014-06-03,11418,Tuesday,6,2014,0.0,0.0,0.0,49.0,0.0,21.3
FOODS_3_090_CA_1_evaluation,FOODS_3_090,FOODS_3,FOODS,CA_1,d_1223,0,2014-06-04,11418,Wednesday,6,2014,0.0,0.0,0.0,33.0,0.0,18.0
FOODS_3_090_CA_1_evaluation,FOODS_3_090,FOODS_3,FOODS,CA_1,d_1224,0,2014-06-05,11418,Thursday,6,2014,0.0,0.0,0.0,71.0,0.0,16.0
FOODS_3_090_CA_1_evaluation,FOODS_3_090,FOODS_3,FOODS,CA_1,d_1225,0,2014-06-06,11418,Friday,6,2014,0.0,0.0,0.0,77.0,0.0,14.366666666666667
FOODS_3_090_CA_1_evaluation,FOODS_3_090,FOODS_3,FOODS,CA_1,d_1226,0,2014-06-07,11419,Saturday,6,2014,0.0,0.0,0.0,78.0,0.0,13.266666666666667
FOODS_3_090_CA_1_evaluation,FOODS_3_090,FOODS_3,FOODS,CA_1,d_1227,0,2014-06-08,11419,Sunday,6,2014,0.0,0.0,0.0,118.0,0.0,10.9
FOODS_3_090_CA_1_evaluation,FOODS_3_090,FOODS_3,FOODS,CA_1,d_1228,0,2014-06-09,11419,Monday,6,2014,0.0,0.0,0.0,54.0,0.0,8.333333333333334
FOODS_3_090_CA_1_evaluation,FOODS_3_090,FOODS_3,FOODS,CA_1,d_1229,0,2014-06-10,11419,Tuesday,6,2014,0.0,0.0,0.0,0.0,0.0,5.733333333333333
FOODS_3_090_CA_1_evaluation,FOODS_3_090,FOODS_3,FOODS,CA_1,d_1230,60,2014-06-11,11419,Wednesday,6,2014,0.0,0.0,0.0,0.0,0.0,1.8
FOODS_3_090_CA_1_evaluation,FOODS_3_090,FOODS_3,FOODS,CA_1,d_1231,81,2014-06-12,11419,Thursday,6,2014,60.0,0.0,0.0,0.0,8.571428571428571,2.0
FOODS_3_090_CA_1_evaluation,FOODS_3_090,FOODS_3,FOODS,CA_1,d_1232,100,2014-06-13,11419,Friday,6,2014,81.0,0.0,0.0,0.0,20.142857142857142,4.7
FOODS_3_090_CA_1_evaluation,FOODS_3_090,FOODS_3,FOODS,CA_1,d_1233,94,2014-06-14,11420,Saturday,6,2014,100.0,0.0,0.0,0.0,34.42857142857143,8.033333333333333
FOODS_3_090_CA_1_evaluation,FOODS_3_090,FOODS_3,FOODS,CA_1,d_1234,114,2014-06-15,11420,Sunday,6,2014,94.0,0.0,0.0,0.0,47.857142857142854,11.166666666666666
FOODS_3_090_CA_1_evaluation,FOODS_3_090,FOODS_3,FOODS,CA_1,d_1235,49,2014-06-16,11420,Monday,6,2014,114.0,0.0,0.0,0.0,64.14285714285714,14.966666666666667
FOODS_3_090_CA_1_evaluation,FOODS_3_090,FOODS_3,FOODS,CA_1,d_1236,20,2014-06-17,11420,Tuesday,6,2014,49.0,0.0,0.0,0.0,71.14285714285714,16.6
FOODS_3_090_CA_1_evaluation,FOODS_3_090,FOODS_3,FOODS,CA_1,d_1237,59,2014-06-18,11420,Wednesday,6,2014,20.0,60.0,0.0,0.0,74.0,17.266666666666666
FOODS_3_090_CA_1_evaluation,FOODS_3_090,FOODS_3,FOODS,CA_1,d_1238,62,2014-06-19,11420,Thursday,6,2014,59.0,81.0,0.0,0.0,73.85714285714286,19.233333333333334
FOODS_3_090_CA_1_evaluation,FOODS_3_090,FOODS_3,FOODS,CA_1,d_1239,139,2014-06-20,11420,Friday,6,2014,62.0,100.0,0.0,0.0,71.14285714285714,21.3
FOODS_3_090_CA_1_evaluation,FOODS_3_090,FOODS_3,FOODS,CA_1,d_1240,101,2014-06-21,11421,Saturday,6,2014,139.0,94.0,0.0,0.0,76.71428571428571,25.933333333333334
FOODS_3_090_CA_1_evaluation,FOODS_3_090,FOODS_3,FOODS,CA_1,d_1241,115,2014-06-22,11421,Sunday,6,2014,101.0,114.0,0.0,0.0,77.71428571428571,29.3
FOODS_3_090_CA_1_evaluation,FOODS_3_090,FOODS_3,FOODS,CA_1,d_1242,34,2014-06-23,11421,Monday,6,2014,115.0,49.0,0.0,0.0,77.85714285714286,33.13333333333333
FOODS_3_090_CA_1_evaluation,FOODS_3_090,FOODS_3,FOODS,CA_1,d_1243,71,2014-06-24,11421,Tuesday,6,2014,34.0,20.0,0.0,0.0,75.71428571428571,34.266666666666666
FOODS_3_090_CA_1_evaluation,FOODS_3_090,FOODS_3,FOODS,CA_1,d_1244,96,2014-06-25,11421,Wednesday,6,2014,71.0,59.0,60.0,0.0,83.0,36.63333333333333
FOODS_3_090_CA_1_evaluation,FOODS_3_090,FOODS_3,FOODS,CA_1,d_1245,74,2014-06-26,11421,Thursday,6,2014,96.0,62.0,81.0,0.0,88.28571428571429,39.833333333333336
FOODS_3_090_CA_1_evaluation,FOODS_3_090,FOODS_3,FOODS,CA_1,d_1246,96,2014-06-27,11421,Friday,6,2014,74.0,139.0,100.0,0.0,90.0,42.3
FOODS_3_090_CA_1_evaluation,FOODS_3_090,FOODS_3,FOODS,CA_1,d_1247,86,2014-06-28,11422,Saturday,6,2014,96.0,101.0,94.0,0.0,83.85714285714286,45.5
FOODS_3_090_CA_1_evaluation,FOODS_3_090,FOODS_3,FOODS,CA_1,d_1248,124,2014-06-29,11422,Sunday,6,2014,86.0,115.0,114.0,0.0,81.71428571428571,48.36666666666667
FOODS_3_090_CA_1_evaluation,FOODS_3_090,FOODS_3,FOODS,CA_1,d_1249,55,2014-06-30,11422,Monday,6,2014,124.0,34.0,49.0,0.0,83.0,52.5
FOODS_3_090_CA_1_evaluation,FOODS_3_090,FOODS_3,FOODS,CA_1,d_1250,41,2014-07-01,11422,Tuesday,7,2014,55.0,71.0,20.0,0.0,86.0,54.333333333333336
FOODS_3_090_CA_1_evaluation,FOODS_3_090,FOODS_3,FOODS,CA_1,d_1251,76,2014-07-02,11422,Wednesday,7,2014,41.0,96.0,59.0,0.0,81.71428571428571,55.7
FOODS_3_090_CA_1_evaluation,FOODS_3_090,FOODS_3,FOODS,CA_1,d_1252,112,2014-07-03,11422,Thursday,7,2014,76.0,74.0,62.0,0.0,78.85714285714286,58.233333333333334
FOODS_3_090_CA_1_evaluation,FOODS_3_090,FOODS_3,FOODS,CA_1,d_1253,153,2014-07-04,11422,Friday,7,2014,112.0,96.0,139.0,0.0,84.28571428571429,61.96666666666667
FOODS_3_090_CA_1_evaluation,FOODS_3_090,FOODS_3,FOODS,CA_1,d_1254,74,2014-07-05,11423,Saturday,7,2014,153.0,86.0,101.0,0.0,92.42857142857143,67.06666666666666
FOODS_3_090_CA_1_evaluation,FOODS_3_090,FOODS_3,FOODS,CA_1,d_1255,96,2014-07-06,11423,Sunday,7,2014,74.0,124.0,115.0,0.0,90.71428571428571,69.53333333333333
FOODS_3_090_CA_1_evaluation,FOODS_3_090,FOODS_3,FOODS,CA_1,d_1256,108,2014-07-07,11423,Monday,7,2014,96.0,55.0,34.0,0.0,86.71428571428571,72.73333333333333
FOODS_3_090_CA_1_evaluation,FOODS_3_090,FOODS_3,FOODS,CA_1,d_1257,42,2014-07-08,11423,Tuesday,7,2014,108.0,41.0,71.0,0.0,94.28571428571429,76.33333333333333
FOODS_3_090_CA_1_evaluation,FOODS_3_090,FOODS_3,FOODS,CA_1,d_1258,65,2014-07-09,11423,Wednesday,7,2014,42.0,76.0,96.0,60.0,94.42857142857143,77.73333333333333
FOODS_3_090_CA_1_evaluation,FOODS_3_090,FOODS_3,FOODS,CA_1,d_1259,64,2014-07-10,11423,Thursday,7,2014,65.0,112.0,74.0,81.0,92.85714285714286,79.9
FOODS_3_090_CA_1_evaluation,FOODS_3_090,FOODS_3,FOODS,CA_1,d_1260,109,2014-07-11,11423,Friday,7,2014,64.0,153.0,96.0,100.0,86.0,82.03333333333333
FOODS_3_090_CA_1_evaluation,FOODS_3_090,FOODS_3,FOODS,CA_1,d_1261,101,2014-07-12,11424,Saturday,7,2014,109.0,74.0,86.0,94.0,79.71428571428571,83.66666666666667
FOODS_3_090_CA_1_evaluation,FOODS_3_090,FOODS_3,FOODS,CA_1,d_1262,96,2014-07-13,11424,Sunday,7,2014,101.0,96.0,124.0,114.0,83.57142857142857,84.33333333333333
FOODS_3_090_CA_1_evaluation,FOODS_3_090,FOODS_3,FOODS,CA_1,d_1263,73,2014-07-14,11424,Monday,7,2014,96.0,108.0,55.0,49.0,83.57142857142857,84.2
FOODS_3_090_CA_1_evaluation,FOODS_3_090,FOODS_3,FOODS,CA_1,d_1264,92,2014-07-15,11424,Tuesday,7,2014,73.0,42.0,41.0,20.0,78.57142857142857,83.5
FOODS_3_090_CA_1_evaluation,FOODS_3_090,FOODS_3,FOODS,CA_1,d_1265,61,2014-07-16,11424,Wednesday,7,2014,92.0,65.0,76.0,59.0,85.71428571428571,82.76666666666667
FOODS_3_090_CA_1_evaluation,FOODS_3_090,FOODS_3,FOODS,CA_1,d_1266,84,2014-07-17,11424,Thursday,7,2014,61.0,64.0,112.0,62.0,85.14285714285714,83.16666666666667
FOODS_3_090_CA_1_evaluation,FOODS_3_090,FOODS_3,FOODS,CA_1,d_1267,137,2014-07-18,11424,Friday,7,2014,84.0,109.0,153.0,139.0,88.0,85.3
FOODS_3_090_CA_1_evaluation,FOODS_3_090,FOODS_3,FOODS,CA_1,d_1268,89,2014-07-19,11425,Saturday,7,2014,137.0,101.0,74.0,101.0,92.0,87.9
FOODS_3_090_CA_1_evaluation,FOODS_3_090,FOODS_3,FOODS,CA_1,d_1269,95,2014-07-20,11425,Sunday,7,2014,89.0,96.0,96.0,115.0,90.28571428571429,88.8
FOODS_3_090_CA_1_evaluation,FOODS_3_090,FOODS_3,FOODS,CA_1,d_1270,31,2014-07-21,11425,Monday,7,2014,95.0,73.0,108.0,34.0,90.14285714285714,87.33333333333333
FOODS_3_090_CA_1_evaluation,FOODS_3_090,FOODS_3,FOODS,CA_1,d_1271,40,2014-07-22,11425,Tuesday,7,2014,31.0,92.0,42.0,71.0,84.14285714285714,85.0
FOODS_3_090_CA_1_evaluation,FOODS_3_090,FOODS_3,FOODS,CA_1,d_1272,57,2014-07-23,11425,Wednesday,7,2014,40.0,61.0,65.0,96.0,76.71428571428571,82.5
FOODS_3_090_CA_1_evaluation,FOODS_3_090,FOODS_3,FOODS,CA_1,d_1273,63,2014-07-24,11425,Thursday,7,2014,57.0,84.0,64.0,74.0,76.14285714285714,83.26666666666667
FOODS_3_090_CA_1_evaluation,FOODS_3_090,FOODS_3,FOODS,CA_1,d_1274,110,2014-07-25,11425,Friday,7,2014,63.0,137.0,109.0,96.0,73.14285714285714,83.0
FOODS_3_090_CA_1_evaluation,FOODS_3_090,FOODS_3,FOODS,CA_1,d_1275,57,2014-07-26,11426,Saturday,7,2014,110.0,89.0,101.0,86.0,69.28571428571429,83.46666666666667
FOODS_3_090_CA_1_evaluation,FOODS_3_090,FOODS_3,FOODS,CA_1,d_1276,97,2014-07-27,11426,Sunday,7,2014,57.0,95.0,96.0,124.0,64.71428571428571,82.9
FOODS_3_090_CA_1_evaluation,FOODS_3_090,FOODS_3,FOODS,CA_1,d_1277,37,2014-07-28,11426,Monday,7,2014,97.0,31.0,73.0,55.0,65.0,82.93333333333334
FOODS_3_090_CA_1_evaluation,FOODS_3_090,FOODS_3,FOODS,CA_1,d_1278,71,2014-07-29,11426,Tuesday,7,2014,37.0,40.0,92.0,41.0,65.85714285714286,81.3
FOODS_3_090_CA_1_evaluation,FOODS_3_090,FOODS_3,FOODS,CA_1,d_1279,42,2014-07-30,11426,Wednesday,7,2014,71.0,57.0,61.0,76.0,70.28571428571429,79.53333333333333
FOODS_3_090_CA_1_evaluation,FOODS_3_090,FOODS_3,FOODS,CA_1,d_1280,45,2014-07-31,11426,Thursday,7,2014,42.0,63.0,84.0,112.0,68.14285714285714,79.1
FOODS_3_090_CA_1_evaluation,FOODS_3_090,FOODS_3,FOODS,CA_1,d_1281,70,2014-08-01,11426,Friday,8,2014,45.0,110.0,137.0,153.0,65.57142857142857,79.23333333333333
FOODS_3_090_CA_1_evaluation,FOODS_3_090,FOODS_3,FOODS,CA_1,d_1282,82,2014-08-02,11427,Saturday,8,2014,70.0,57.0,89.0,74.0,59.857142857142854,79.03333333333333
FOODS_3_090_CA_1_evaluation,FOODS_3_090,FOODS_3,FOODS,CA_1,d_1283,100,2014-08-03,11427,Sunday,8,2014,82.0,97.0,95.0,96.0,63.42857142857143,78.03333333333333
FOODS_3_090_CA_1_evaluation,FOODS_3_090,FOODS_3,FOODS,CA_1,d_1284,65,2014-08-04,11427,Monday,8,2014,100.0,37.0,31.0,108.0,63.857142857142854,76.26666666666667
FOODS_3_090_CA_1_evaluation,FOODS_3_090,FOODS_3,FOODS,CA_1,d_1285,51,2014-08-05,11427,Tuesday,8,2014,65.0,71.0,40.0,42.0,67.85714285714286,75.96666666666667
FOODS_3_090_CA_1_evaluation,FOODS_3_090,FOODS_3,FOODS,CA_1,d_1286,52,2014-08-06,11427,Wednesday,8,2014,51.0,42.0,57.0,65.0,65.0,74.46666666666667
FOODS_3_090_CA_1_evaluation,FOODS_3_090,FOODS_3,FOODS,CA_1,d_1287,67,2014-08-07,11427,Thursday,8,2014,52.0,45.0,63.0,64.0,66.42857142857143,72.6
FOODS_3_090_CA_1_evaluation,FOODS_3_090,FOODS_3,FOODS,CA_1,d_1288,83,2014-08-08,11427,Friday,8,2014,67.0,70.0,110.0,109.0,69.57142857142857,73.43333333333334
FOODS_3_090_CA_1_evaluation,FOODS_3_090,FOODS_3,FOODS,CA_1,d_1289,104,2014-08-09,11428,Saturday,8,2014,83.0,82.0,57.0,101.0,71.42857142857143,74.03333333333333
FOODS_3_090_CA_1_evaluation,FOODS_3_090,FOODS_3,FOODS,CA_1,d_1290,77,2014-08-10,11428,Sunday,8,2014,104.0,100.0,97.0,96.0,74.57142857142857,75.36666666666666
FOODS_3_090_CA_1_evaluation,FOODS_3_090,FOODS_3,FOODS,CA_1,d_1291,25,2014-08-11,11428,Monday,8,2014,77.0,65.0,37.0,73.0,71.28571428571429,74.3
FOODS_3_090_CA_1_evaluation,FOODS_3_090,FOODS_3,FOODS,CA_1,d_1292,37,2014-08-12,11428,Tuesday,8,2014,25.0,51.0,71.0,92.0,65.57142857142857,71.76666666666667
FOODS_3_090_CA_1_evaluation,FOODS_3_090,FOODS_3,FOODS,CA_1,d_1293,61,2014-08-13,11428,Wednesday,8,2014,37.0,52.0,42.0,61.0,63.57142857142857,69.8
FOODS_3_090_CA_1_evaluation,FOODS_3_090,FOODS_3,FOODS,CA_1,d_1294,47,2014-08-14,11428,Thursday,8,2014,61.0,67.0,45.0,84.0,64.85714285714286,69.4
FOODS_3_090_CA_1_evaluation,FOODS_3_090,FOODS_3,FOODS,CA_1,d_1295,117,2014-08-15,11428,Friday,8,2014,47.0,83.0,70.0,137.0,62.0,67.9
FOODS_3_090_CA_1_evaluation,FOODS_3_090,FOODS_3,FOODS,CA_1,d_1296,75,2014-08-16,11429,Saturday,8,2014,117.0,104.0,82.0,89.0,66.85714285714286,69.76666666666667
FOODS_3_090_CA_1_evaluation,FOODS_3_090,FOODS_3,FOODS,CA_1,d_1297,77,2014-08-17,11429,Sunday,8,2014,75.0,77.0,100.0,95.0,62.714285714285715,69.46666666666667
FOODS_3_090_CA_1_evaluation,FOODS_3_090,FOODS_3,FOODS,CA_1,d_1298,66,2014-08-18,11429,Monday,8,2014,77.0,25.0,65.0,31.0,62.714285714285715,67.46666666666667
FOODS_3_090_CA_1_evaluation,FOODS_3_090,FOODS_3,FOODS,CA_1,d_1299,74,2014-08-19,11429,Tuesday,8,2014,66.0,37.0,51.0,40.0,68.57142857142857,66.7
FOODS_3_090_CA_1_evaluation,FOODS_3_090,FOODS_3,FOODS,CA_1,d_1300,50,2014-08-20,11429,Wednesday,8,2014,74.0,61.0,52.0,57.0,73.85714285714286,66.0
FOODS_3_090_CA_1_evaluation,FOODS_3_090,FOODS_3,FOODS,CA_1,d_1301,74,2014-08-21,11429,Thursday,8,2014,50.0,47.0,67.0,63.0,72.28571428571429,66.63333333333334
FOODS_3_090_CA_1_evaluation,FOODS_3_090,FOODS_3,FOODS,CA_1,d_1302,79,2014-08-22,11429,Friday,8,2014,74.0,117.0,83.0,110.0,76.14285714285714,67.76666666666667
FOODS_3_090_CA_1_evaluation,FOODS_3_090,FOODS_3,FOODS,CA_1,d_1303,93,2014-08-23,11430,Saturday,8,2014,79.0,75.0,104.0,57.0,70.71428571428571,68.5
FOODS_3_090_CA_1_evaluation,FOODS_3_090,FOODS_3,FOODS,CA_1,d_1304,112,2014-08-24,11430,Sunday,8,2014,93.0,77.0,77.0,97.0,73.28571428571429,69.5
FOODS_3_090_CA_1_evaluation,FOODS_3_090,FOODS_3,FOODS,CA_1,d_1305,70,2014-08-25,11430,Monday,8,2014,112.0,66.0,25.0,37.0,78.28571428571429,69.56666666666666
FOODS_3_090_CA_1_evaluation,FOODS_3_090,FOODS_3,FOODS,CA_1,d_1306,46,2014-08-26,11430,Tuesday,8,2014,70.0,74.0,37.0,71.0,78.85714285714286,70.0
FOODS_3_090_CA_1_evaluation,FOODS_3_090,FOODS_3,FOODS,CA_1,d_1307,47,2014-08-27,11430,Wednesday,8,2014,46.0,50.0,61.0,42.0,74.85714285714286,68.3
FOODS_3_090_CA_1_evaluation,FOODS_3_090,FOODS_3,FOODS,CA_1,d_1308,59,2014-08-28,11430,Thursday,8,2014,47.0,74.0,47.0,45.0,74.42857142857143,68.63333333333334
FOODS_3_090_CA_1_evaluation,FOODS_3_090,FOODS_3,FOODS,CA_1,d_1309,134,2014-08-29,11430,Friday,8,2014,59.0,79.0,117.0,70.0,72.28571428571429,68.23333333333333
FOODS_3_090_CA_1_evaluation,FOODS_3_090,FOODS_3,FOODS,CA_1,d_1310,98,2014-08-30,11431,Saturday,8,2014,134.0,93.0,75.0,82.0,80.14285714285714,71.3
FOODS_3_090_CA_1_evaluation,FOODS_3_090,FOODS_3,FOODS,CA_1,d_1311,91,2014-08-31,11431,Sunday,8,2014,98.0,112.0,77.0,100.0,80.85714285714286,73.06666666666666
FOODS_3_090_CA_1_evaluation,FOODS_3_090,FOODS_3,FOODS,CA_1,d_1312,84,2014-09-01,11431,Monday,9,2014,91.0,70.0,66.0,65.0,77.85714285714286,73.76666666666667
FOODS_3_090_CA_1_evaluation,FOODS_3_090,FOODS_3,FOODS,CA_1,d_1313,50,2014-09-02,11431,Tuesday,9,2014,84.0,46.0,74.0,51.0,79.85714285714286,73.83333333333333
FOODS_3_090_CA_1_evaluation,FOODS_3_090,FOODS_3,FOODS,CA_1,d_1314,52,2014-09-03,11431,Wednesday,9,2014,50.0,47.0,50.0,52.0,80.42857142857143,72.16666666666667
FOODS_3_090_CA_1_evaluation,FOODS_3_090,FOODS_3,FOODS,CA_1,d_1315,51,2014-09-04,11431,Thursday,9,2014,52.0,59.0,74.0,67.0,81.14285714285714,71.73333333333333
FOODS_3_090_CA_1_evaluation,FOODS_3_090,FOODS_3,FOODS,CA_1,d_1316,83,2014-09-05,11431,Friday,9,2014,51.0,134.0,79.0,83.0,80.0,71.73333333333333
FOODS_3_090_CA_1_evaluation,FOODS_3_090,FOODS_3,FOODS,CA_1,d_1317,99,2014-09-06,11432,Saturday,9,2014,83.0,98.0,93.0,104.0,72.71428571428571,72.76666666666667
FOODS_3_090_CA_1_evaluation,FOODS_3_090,FOODS_3,FOODS,CA_1,d_1318,88,2014-09-07,11432,Sunday,9,2014,99.0,91.0,112.0,77.0,72.85714285714286,73.83333333333333
FOODS_3_090_CA_1_evaluation,FOODS_3_090,FOODS_3,FOODS,CA_1,d_1319,102,2014-09-08,11432,Monday,9,2014,88.0,84.0,70.0,25.0,72.42857142857143,74.0
FOODS_3_090_CA_1_evaluation,FOODS_3_090,FOODS_3,FOODS,CA_1,d_1320,49,2014-09-09,11432,Tuesday,9,2014,102.0,50.0,46.0,37.0,75.0,73.93333333333334
FOODS_3_090_CA_1_evaluation,FOODS_3_090,FOODS_3,FOODS,CA_1,d_1321,52,2014-09-10,11432,Wednesday,9,2014,49.0,52.0,47.0,61.0,74.85714285714286,73.0
FOODS_3_090_CA_1_evaluation,FOODS_3_090,FOODS_3,FOODS,CA_1,d_1322,111,2014-09-11,11432,Thursday,9,2014,52.0,51.0,59.0,47.0,74.85714285714286,73.9
FOODS_3_090_CA_1_evaluation,FOODS_3_090,FOODS_3,FOODS,CA_1,d_1323,92,2014-09-12,11432,Friday,9,2014,111.0,83.0,134.0,117.0,83.42857142857143,76.36666666666666
FOODS_3_090_CA_1_evaluation,FOODS_3_090,FOODS_3,FOODS,CA_1,d_1324,112,2014-09-13,11433,Saturday,9,2014,92.0,99.0,98.0,75.0,84.71428571428571,77.4
FOODS_3_090_CA_1_evaluation,FOODS_3_090,FOODS_3,FOODS,CA_1,d_1325,95,2014-09-14,11433,Sunday,9,2014,112.0,88.0,91.0,77.0,86.57142857142857,79.56666666666666
FOODS_3_090_CA_1_evaluation,FOODS_3_090,FOODS_3,FOODS,CA_1,d_1326,52,2014-09-15,11433,Monday,9,2014,95.0,102.0,84.0,66.0,87.57142857142857,78.83333333333333
FOODS_3_090_CA_1_evaluation,FOODS_3_090,FOODS_3,FOODS,CA_1,d_1327,114,2014-09-16,11433,Tuesday,9,2014,52.0,49.0,50.0,74.0,80.42857142857143,78.06666666666666
FOODS_3_090_CA_1_evaluation,FOODS_3_090,FOODS_3,FOODS,CA_1,d_1328,80,2014-09-17,11433,Wednesday,9,2014,114.0,52.0,52.0,50.0,89.71428571428571,79.3
FOODS_3_090_CA_1_evaluation,FOODS_3_090,FOODS_3,FOODS,CA_1,d_1329,55,2014-09-18,11433,Thursday,9,2014,80.0,111.0,51.0,74.0,93.71428571428571,79.76666666666667
FOODS_3_090_CA_1_evaluation,FOODS_3_090,FOODS_3,FOODS,CA_1,d_1330,86,2014-09-19,11433,Friday,9,2014,55.0,92.0,83.0,79.0,85.71428571428571,79.13333333333334
FOODS_3_090_CA_1_evaluation,FOODS_3_090,FOODS_3,FOODS,CA_1,d_1331,138,2014-09-20,11434,Saturday,9,2014,86.0,112.0,99.0,93.0,84.85714285714286,80.33333333333333
FOODS_3_090_CA_1_evaluation,FOODS_3_090,FOODS_3,FOODS,CA_1,d_1332,108,2014-09-21,11434,Sunday,9,2014,138.0,95.0,88.0,112.0,88.57142857142857,82.46666666666667
FOODS_3_090_CA_1_evaluation,FOODS_3_090,FOODS_3,FOODS,CA_1,d_1333,92,2014-09-22,11434,Monday,9,2014,108.0,52.0,102.0,70.0,90.42857142857143,83.43333333333334
FOODS_3_090_CA_1_evaluation,FOODS_3_090,FOODS_3,FOODS,CA_1,d_1334,79,2014-09-23,11434,Tuesday,9,2014,92.0,114.0,49.0,46.0,96.14285714285714,83.4
FOODS_3_090_CA_1_evaluation,FOODS_3_090,FOODS_3,FOODS,CA_1,d_1335,87,2014-09-24,11434,Wednesday,9,2014,79.0,80.0,52.0,47.0,91.14285714285714,82.3
FOODS_3_090_CA_1_evaluation,FOODS_3_090,FOODS_3,FOODS,CA_1,d_1336,71,2014-09-25,11434,Thursday,9,2014,87.0,55.0,111.0,59.0,92.14285714285714,82.86666666666666
FOODS_3_090_CA_1_evaluation,FOODS_3_090,FOODS_3,FOODS,CA_1,d_1337,123,2014-09-26,11434,Friday,9,2014,71.0,86.0,92.0,134.0,94.42857142857143,83.7
FOODS_3_090_CA_1_evaluation,FOODS_3_090,FOODS_3,FOODS,CA_1,d_1338,114,2014-09-27,11435,Saturday,9,2014,123.0,138.0,112.0,98.0,99.71428571428571,86.23333333333333
FOODS_3_090_CA_1_evaluation,FOODS_3_090,FOODS_3,FOODS,CA_1,d_1339,97,2014-09-28,11435,Sunday,9,2014,114.0,108.0,95.0,91.0,96.28571428571429,88.06666666666666
FOODS_3_090_CA_1_evaluation,FOODS_3_090,FOODS_3,FOODS,CA_1,d_1340,62,2014-09-29,11435,Monday,9,2014,97.0,92.0,52.0,84.0,94.71428571428571,86.83333333333333
FOODS_3_090_CA_1_evaluation,FOODS_3_090,FOODS_3,FOODS,CA_1,d_1341,93,2014-09-30,11435,Tuesday,9,2014,62.0,79.0,114.0,50.0,90.42857142857143,85.63333333333334
FOODS_3_090_CA_1_evaluation,FOODS_3_090,FOODS_3,FOODS,CA_1,d_1342,57,2014-10-01,11435,Wednesday,10,2014,93.0,87.0,80.0,52.0,92.42857142857143,85.7
FOODS_3_090_CA_1_evaluation,FOODS_3_090,FOODS_3,FOODS,CA_1,d_1343,64,2014-10-02,11435,Thursday,10,2014,57.0,71.0,55.0,51.0,88.14285714285714,84.8
FOODS_3_090_CA_1_evaluation,FOODS_3_090,FOODS_3,FOODS,CA_1,d_1344,115,2014-10-03,11435,Friday,10,2014,64.0,123.0,86.0,83.0,87.14285714285714,85.26666666666667
FOODS_3_090_CA_1_evaluation,FOODS_3_090,FOODS_3,FOODS,CA_1,d_1345,126,2014-10-04,11436,Saturday,10,2014,115.0,114.0,138.0,99.0,86.0,87.36666666666666
FOODS_3_090_CA_1_evaluation,FOODS_3_090,FOODS_3,FOODS,CA_1,d_1346,115,2014-10-05,11436,Sunday,10,2014,126.0,97.0,108.0,88.0,87.71428571428571,89.86666666666666
FOODS_3_090_CA_1_evaluation,FOODS_3_090,FOODS_3,FOODS,CA_1,d_1347,171,2014-10-06,11436,Monday,10,2014,115.0,62.0,92.0,102.0,90.28571428571429,90.93333333333334
FOODS_3_090_CA_1_evaluation,FOODS_3_090,FOODS_3,FOODS,CA_1,d_1348,62,2014-10-07,11436,Tuesday,10,2014,171.0,93.0,79.0,49.0,105.85714285714286,93.33333333333333
FOODS_3_090_CA_1_evaluation,FOODS_3_090,FOODS_3,FOODS,CA_1,d_1349,56,2014-10-08,11436,Wednesday,10,2014,62.0,57.0,87.0,52.0,101.42857142857143,92.46666666666667
FOODS_3_090_CA_1_evaluation,FOODS_3_090,FOODS_3,FOODS,CA_1,d_1350,116,2014-10-09,11436,Thursday,10,2014,56.0,64.0,71.0,111.0,101.28571428571429,90.93333333333334
FOODS_3_090_CA_1_evaluation,FOODS_3_090,FOODS_3,FOODS,CA_1,d_1351,119,2014-10-10,11436,Friday,10,2014,116.0,115.0,123.0,92.0,108.71428571428571,93.16666666666667
FOODS_3_090_CA_1_evaluation,FOODS_3_090,FOODS_3,FOODS,CA_1,d_1352,179,2014-10-11,11437,Saturday,10,2014,119.0,126.0,114.0,112.0,109.28571428571429,95.4
FOODS_3_090_CA_1_evaluation,FOODS_3_090,FOODS_3,FOODS,CA_1,d_1353,118,2014-10-12,11437,Sunday,10,2014,179.0,115.0,97.0,95.0,116.85714285714286,97.66666666666667
FOODS_3_090_CA_1_evaluation,FOODS_3_090,FOODS_3,FOODS,CA_1,d_1354,88,2014-10-13,11437,Monday,10,2014,118.0,171.0,62.0,52.0,117.28571428571429,98.53333333333333
FOODS_3_090_CA_1_evaluation,FOODS_3_090,FOODS_3,FOODS,CA_1,d_1355,69,2014-10-14,11437,Tuesday,10,2014,88.0,62.0,93.0,114.0,105.42857142857143,97.73333333333333
FOODS_3_090_CA_1_evaluation,FOODS_3_090,FOODS_3,FOODS,CA_1,d_1356,65,2014-10-15,11437,Wednesday,10,2014,69.0,56.0,57.0,80.0,106.42857142857143,96.86666666666666
FOODS_3_090_CA_1_evaluation,FOODS_3_090,FOODS_3,FOODS,CA_1,d_1357,41,2014-10-16,11437,Thursday,10,2014,65.0,116.0,64.0,55.0,107.71428571428571,97.3
FOODS_3_090_CA_1_evaluation,FOODS_3_090,FOODS_3,FOODS,CA_1,d_1358,0,2014-10-17,11437,Friday,10,2014,41.0,119.0,115.0,86.0,97.0,94.86666666666666
FOODS_3_090_CA_1_evaluation,FOODS_3_090,FOODS_3,FOODS,CA_1,d_1359,126,2014-10-18,11438,Saturday,10,2014,0.0,179.0,126.0,138.0,80.0,92.2
FOODS_3_090_CA_1_evaluation,FOODS_3_090,FOODS_3,FOODS,CA_1,d_1360,134,2014-10-19,11438,Sunday,10,2014,126.0,118.0,115.0,108.0,72.42857142857143,94.56666666666666
FOODS_3_090_CA_1_evaluation,FOODS_3_090,FOODS_3,FOODS,CA_1,d_1361,72,2014-10-20,11438,Monday,10,2014,134.0,88.0,171.0,92.0,74.71428571428571,96.16666666666667
FOODS_3_090_CA_1_evaluation,FOODS_3_090,FOODS_3,FOODS,CA_1,d_1362,66,2014-10-21,11438,Tuesday,10,2014,72.0,69.0,62.0,79.0,72.42857142857143,93.96666666666667
FOODS_3_090_CA_1_evaluation,FOODS_3_090,FOODS_3,FOODS,CA_1,d_1363,85,2014-10-22,11438,Wednesday,10,2014,66.0,65.0,56.0,87.0,72.0,92.56666666666666
FOODS_3_090_CA_1_evaluation,FOODS_3_090,FOODS_3,FOODS,CA_1,d_1364,57,2014-10-23,11438,Thursday,10,2014,85.0,41.0,116.0,71.0,74.85714285714286,92.33333333333333
FOODS_3_090_CA_1_evaluation,FOODS_3_090,FOODS_3,FOODS,CA_1,d_1365,114,2014-10-24,11438,Friday,10,2014,57.0,0.0,119.0,123.0,77.14285714285714,91.6
FOODS_3_090_CA_1_evaluation,FOODS_3_090,FOODS_3,FOODS,CA_1,d_1366,122,2014-10-25,11439,Saturday,10,2014,114.0,126.0,179.0,114.0,93.42857142857143,92.5
FOODS_3_090_CA_1_evaluation,FOODS_3_090,FOODS_3,FOODS,CA_1,d_1367,129,2014-10-26,11439,Sunday,10,2014,122.0,134.0,118.0,97.0,92.85714285714286,94.2
FOODS_3_090_CA_1_evaluation,FOODS_3_090,FOODS_3,FOODS,CA_1,d_1368,106,2014-10-27,11439,Monday,10,2014,129.0,72.0,88.0,62.0,92.14285714285714,94.4
FOODS_3_090_CA_1_evaluation,FOODS_3_090,FOODS_3,FOODS,CA_1,d_1369,72,2014-10-28,11439,Tuesday,10,2014,106.0,66.0,69.0,93.0,97.0,94.13333333333334
FOODS_3_090_CA_1_evaluation,FOODS_3_090,FOODS_3,FOODS,CA_1,d_1370,61,2014-10-29,11439,Wednesday,10,2014,72.0,85.0,65.0,57.0,97.85714285714286,93.3
FOODS_3_090_CA_1_evaluation,FOODS_3_090,FOODS_3,FOODS,CA_1,d_1371,70,2014-10-30,11439,Thursday,10,2014,61.0,57.0,41.0,64.0,94.42857142857143,93.26666666666667
FOODS_3_090_CA_1_evaluation,FOODS_3_090,FOODS_3,FOODS,CA_1,d_1372,122,2014-10-31,11439,Friday,10,2014,70.0,114.0,0.0,115.0,96.28571428571429,92.5
FOODS_3_090_CA_1_evaluation,FOODS_3_090,FOODS_3,FOODS,CA_1,d_1373,127,2014-11-01,11440,Saturday,11,2014,122.0,122.0,126.0,126.0,97.42857142857143,94.66666666666667
FOODS_3_090_CA_1_evaluation,FOODS_3_090,FOODS_3,FOODS,CA_1,d_1374,109,2014-11-02,11440,Sunday,11,2014,127.0,129.0,134.0,115.0,98.14285714285714,96.76666666666667
FOODS_3_090_CA_1_evaluation,FOODS_3_090,FOODS_3,FOODS,CA_1,d_1375,92,2014-11-03,11440,Monday,11,2014,109.0,106.0,72.0,171.0,95.28571428571429,96.56666666666666
FOODS_3_090_CA_1_evaluation,FOODS_3_090,FOODS_3,FOODS,CA_1,d_1376,85,2014-11-04,11440,Tuesday,11,2014,92.0,72.0,66.0,62.0,93.28571428571429,95.43333333333334
FOODS_3_090_CA_1_evaluation,FOODS_3_090,FOODS_3,FOODS,CA_1,d_1377,45,2014-11-05,11440,Wednesday,11,2014,85.0,61.0,85.0,56.0,95.14285714285714,94.43333333333334
FOODS_3_090_CA_1_evaluation,FOODS_3_090,FOODS_3,FOODS,CA_1,d_1378,72,2014-11-06,11440,Thursday,11,2014,45.0,70.0,57.0,116.0,92.85714285714286,90.23333333333333
FOODS_3_090_CA_1_evaluation,FOODS_3_090,FOODS_3,FOODS,CA_1,d_1379,56,2014-11-07,11440,Friday,11,2014,72.0,122.0,114.0,119.0,93.14285714285714,90.56666666666666
FOODS_3_090_CA_1_evaluation,FOODS_3_090,FOODS_3,FOODS,CA_1,d_1380,103,2014-11-08,11441,Saturday,11,2014,56.0,127.0,122.0,179.0,83.71428571428571,90.56666666666666
FOODS_3_090_CA_1_evaluation,FOODS_3_090,FOODS_3,FOODS,CA_1,d_1381,89,2014-11-09,11441,Sunday,11,2014,103.0,109.0,129.0,118.0,80.28571428571429,90.13333333333334
FOODS_3_090_CA_1_evaluation,FOODS_3_090,FOODS_3,FOODS,CA_1,d_1382,57,2014-11-10,11441,Monday,11,2014,89.0,92.0,106.0,88.0,77.42857142857143,89.13333333333334
FOODS_3_090_CA_1_evaluation,FOODS_3_090,FOODS_3,FOODS,CA_1,d_1383,74,2014-11-11,11441,Tuesday,11,2014,57.0,85.0,72.0,69.0,72.42857142857143,85.06666666666666
FOODS_3_090_CA_1_evaluation,FOODS_3_090,FOODS_3,FOODS,CA_1,d_1384,46,2014-11-12,11441,Wednesday,11,2014,74.0,45.0,61.0,65.0,70.85714285714286,83.6
FOODS_3_090_CA_1_evaluation,FOODS_3_090,FOODS_3,FOODS,CA_1,d_1385,46,2014-11-13,11441,Thursday,11,2014,46.0,72.0,70.0,41.0,71.0,82.2
FOODS_3_090_CA_1_evaluation,FOODS_3_090,FOODS_3,FOODS,CA_1,d_1386,93,2014-11-14,11441,Friday,11,2014,46.0,56.0,122.0,0.0,67.28571428571429,81.43333333333334
FOODS_3_090_CA_1_evaluation,FOODS_3_090,FOODS_3,FOODS,CA_1,d_1387,85,2014-11-15,11442,Saturday,11,2014,93.0,103.0,127.0,126.0,72.57142857142857,82.36666666666666
FOODS_3_090_CA_1_evaluation,FOODS_3_090,FOODS_3,FOODS,CA_1,d_1388,69,2014-11-16,11442,Sunday,11,2014,85.0,89.0,109.0,134.0,70.0,83.83333333333333
FOODS_3_090_CA_1_evaluation,FOODS_3_090,FOODS_3,FOODS,CA_1,d_1389,53,2014-11-17,11442,Monday,11,2014,69.0,57.0,92.0,72.0,67.14285714285714,86.13333333333334
FOODS_3_090_CA_1_evaluation,FOODS_3_090,FOODS_3,FOODS,CA_1,d_1390,57,2014-11-18,11442,Tuesday,11,2014,53.0,74.0,85.0,66.0,66.57142857142857,83.7
FOODS_3_090_CA_1_evaluation,FOODS_3_090,FOODS_3,FOODS,CA_1,d_1391,47,2014-11-19,11442,Wednesday,11,2014,57.0,46.0,45.0,85.0,64.14285714285714,81.13333333333334
FOODS_3_090_CA_1_evaluation,FOODS_3_090,FOODS_3,FOODS,CA_1,d_1392,70,2014-11-20,11442,Thursday,11,2014,47.0,46.0,72.0,57.0,64.28571428571429,80.3
FOODS_3_090_CA_1_evaluation,FOODS_3_090,FOODS_3,FOODS,CA_1,d_1393,79,2014-11-21,11442,Friday,11,2014,70.0,93.0,56.0,114.0,67.71428571428571,80.43333333333334
FOODS_3_090_CA_1_evaluation,FOODS_3_090,FOODS_3,FOODS,CA_1,d_1394,94,2014-11-22,11443,Saturday,11,2014,79.0,85.0,103.0,122.0,65.71428571428571,80.23333333333333
FOODS_3_090_CA_1_evaluation,FOODS_3_090,FOODS_3,FOODS,CA_1,d_1395,79,2014-11-23,11443,Sunday,11,2014,94.0,69.0,89.0,129.0,67.0,81.46666666666667
FOODS_3_090_CA_1_evaluation,FOODS_3_090,FOODS_3,FOODS,CA_1,d_1396,64,2014-11-24,11443,Monday,11,2014,79.0,53.0,57.0,106.0,68.42857142857143,80.3
FOODS_3_090_CA_1_evaluation,FOODS_3_090,FOODS_3,FOODS,CA_1,d_1397,89,2014-11-25,11443,Tuesday,11,2014,64.0,57.0,74.0,72.0,70.0,78.36666666666666
FOODS_3_090_CA_1_evaluation,FOODS_3_090,FOODS_3,FOODS,CA_1,d_1398,187,2014-11-26,11443,Wednesday,11,2014,89.0,47.0,46.0,61.0,74.57142857142857,77.03333333333333
FOODS_3_090_CA_1_evaluation,FOODS_3_090,FOODS_3,FOODS,CA_1,d_1399,100,2014-11-27,11443,Thursday,11,2014,187.0,70.0,46.0,70.0,94.57142857142857,79.73333333333333
FOODS_3_090_CA_1_evaluation,FOODS_3_090,FOODS_3,FOODS,CA_1,d_1400,65,2014-11-28,11443,Friday,11,2014,100.0,79.0,93.0,122.0,98.85714285714286,80.66666666666667
FOODS_3_090_CA_1_evaluation,FOODS_3_090,FOODS_3,FOODS,CA_1,d_1401,114,2014-11-29,11444,Saturday,11,2014,65.0,94.0,85.0,127.0,96.85714285714286,80.8
FOODS_3_090_CA_1_evaluation,FOODS_3_090,FOODS_3,FOODS,CA_1,d_1402,198,2014-11-30,11444,Sunday,11,2014,114.0,79.0,69.0,109.0,99.71428571428571,82.26666666666667
FOODS_3_090_CA_1_evaluation,FOODS_3_090,FOODS_3,FOODS,CA_1,d_1403,0,2014-12-01,11444,Monday,12,2014,198.0,64.0,53.0,92.0,116.71428571428571,84.8
FOODS_3_090_CA_1_evaluation,FOODS_3_090,FOODS_3,FOODS,CA_1,d_1404,0,2014-12-02,11444,Tuesday,12,2014,0.0,89.0,57.0,85.0,107.57142857142857,80.56666666666666
FOODS_3_090_CA_1_evaluation,FOODS_3_090,FOODS_3,FOODS,CA_1,d_1405,0,2014-12-03,11444,Wednesday,12,2014,0.0,187.0,47.0,45.0,94.85714285714286,76.93333333333334
FOODS_3_090_CA_1_evaluation,FOODS_3_090,FOODS_3,FOODS,CA_1,d_1406,0,2014-12-04,11444,Thursday,12,2014,0.0,100.0,70.0,72.0,68.14285714285714,73.86666666666666
FOODS_3_090_CA_1_evaluation,FOODS_3_090,FOODS_3,FOODS,CA_1,d_1407,0,2014-12-05,11444,Friday,12,2014,0.0,65.0,79.0,56.0,53.857142857142854,71.03333333333333
FOODS_3_090_CA_1_evaluation,FOODS_3_090,FOODS_3,FOODS,CA_1,d_1408,0,2014-12-06,11445,Saturday,12,2014,0.0,114.0,94.0,103.0,44.57142857142857,69.53333333333333
FOODS_3_090_CA_1_evaluation,FOODS_3_090,FOODS_3,FOODS,CA_1,d_1409,0,2014-12-07,11445,Sunday,12,2014,0.0,198.0,79.0,89.0,28.285714285714285,67.13333333333334
FOODS_3_090_CA_1_evaluation,FOODS_3_090,FOODS_3,FOODS,CA_1,d_1410,0,2014-12-08,11445,Monday,12,2014,0.0,0.0,64.0,57.0,0.0,65.26666666666667
FOODS_3_090_CA_1_evaluation,FOODS_3_090,FOODS_3,FOODS,CA_1,d_1411,0,2014-12-09,11445,Tuesday,12,2014,0.0,0.0,89.0,74.0,0.0,61.833333333333336
FOODS_3_090_CA_1_evaluation,FOODS_3_090,FOODS_3,FOODS,CA_1,d_1412,0,2014-12-10,11445,Wednesday,12,2014,0.0,0.0,187.0,46.0,0.0,58.86666666666667
FOODS_3_090_CA_1_evaluation,FOODS_3_090,FOODS_3,FOODS,CA_1,d_1413,0,2014-12-11,11445,Thursday,12,2014,0.0,0.0,100.0,46.0,0.0,56.96666666666667
FOODS_3_090_CA_1_evaluation,FOODS_3_090,FOODS_3,FOODS,CA_1,d_1414,0,2014-12-12,11445,Friday,12,2014,0.0,0.0,65.0,93.0,0.0,54.5
FOODS_3_090_CA_1_evaluation,FOODS_3_090,FOODS_3,FOODS,CA_1,d_1415,0,2014-12-13,11446,Saturday,12,2014,0.0,0.0,114.0,85.0,0.0,52.96666666666667
FOODS_3_090_CA_1_evaluation,FOODS_3_090,FOODS_3,FOODS,CA_1,d_1416,0,2014-12-14,11446,Sunday,12,2014,0.0,0.0,198.0,69.0,0.0,51.43333333333333
FOODS_3_090_CA_1_evaluation,FOODS_3_090,FOODS_3,FOODS,CA_1,d_1417,0,2014-12-15,11446,Monday,12,2014,0.0,0.0,0.0,53.0,0.0,48.333333333333336
FOODS_3_090_CA_1_evaluation,FOODS_3_090,FOODS_3,FOODS,CA_1,d_1418,0,2014-12-16,11446,Tuesday,12,2014,0.0,0.0,0.0,57.0,0.0,45.5
FOODS_3_090_CA_1_evaluation,FOODS_3_090,FOODS_3,FOODS,CA_1,d_1419,0,2014-12-17,11446,Wednesday,12,2014,0.0,0.0,0.0,47.0,0.0,43.2
FOODS_3_090_CA_1_evaluation,FOODS_3_090,FOODS_3,FOODS,CA_1,d_1420,0,2014-12-18,11446,Thursday,12,2014,0.0,0.0,0.0,70.0,0.0,41.43333333333333
FOODS_3_090_CA_1_evaluation,FOODS_3_090,FOODS_3,FOODS,CA_1,d_1421,0,2014-12-19,11446,Friday,12,2014,0.0,0.0,0.0,79.0,0.0,39.53333333333333
FOODS_3_090_CA_1_evaluation,FOODS_3_090,FOODS_3,FOODS,CA_1,d_1422,0,2014-12-20,11447,Saturday,12,2014,0.0,0.0,0.0,94.0,0.0,37.96666666666667
FOODS_3_090_CA_1_evaluation,FOODS_3_090,FOODS_3,FOODS,CA_1,d_1423,0,2014-12-21,11447,Sunday,12,2014,0.0,0.0,0.0,79.0,0.0,35.63333333333333
FOODS_3_090_CA_1_evaluation,FOODS_3_090,FOODS_3,FOODS,CA_1,d_1424,0,2014-12-22,11447,Monday,12,2014,0.0,0.0,0.0,64.0,0.0,33.0
FOODS_3_090_CA_1_evaluation,FOODS_3_090,FOODS_3,FOODS,CA_1,d_1425,0,2014-12-23,11447,Tuesday,12,2014,0.0,0.0,0.0,89.0,0.0,29.866666666666667
FOODS_3_090_CA_1_evaluation,FOODS_3_090,FOODS_3,FOODS,CA_1,d_1426,0,2014-12-24,11447,Wednesday,12,2014,0.0,0.0,0.0,187.0,0.0,27.233333333333334
FOODS_3_090_CA_1_evaluation,FOODS_3_090,FOODS_3,FOODS,CA_1,d_1427,0,2014-12-25,11447,Thursday,12,2014,0.0,0.0,0.0,100.0,0.0,25.1
FOODS_3_090_CA_1_evaluation,FOODS_3_090,FOODS_3,FOODS,CA_1,d_1428,0,2014-12-26,11447,Friday,12,2014,0.0,0.0,0.0,65.0,0.0,22.133333333333333
FOODS_3_090_CA_1_evaluation,FOODS_3_090,FOODS_3,FOODS,CA_1,d_1429,0,2014-12-27,11448,Saturday,12,2014,0.0,0.0,0.0,114.0,0.0,15.9
FOODS_3_090_CA_1_evaluation,FOODS_3_090,FOODS_3,FOODS,CA_1,d_1430,0,2014-12-28,11448,Sunday,12,2014,0.0,0.0,0.0,198.0,0.0,12.566666666666666
FOODS_3_090_CA_1_evaluation,FOODS_3_090,FOODS_3,FOODS,CA_1,d_1431,0,2014-12-29,11448,Monday,12,2014,0.0,0.0,0.0,0.0,0.0,10.4
FOODS_3_090_CA_1_evaluation,FOODS_3_090,FOODS_3,FOODS,CA_1,d_1432,0,2014-12-30,11448,Tuesday,12,2014,0.0,0.0,0.0,0.0,0.0,6.6
FOODS_3_090_CA_1_evaluation,FOODS_3_090,FOODS_3,FOODS,CA_1,d_1433,0,2014-12-31,11448,Wednesday,12,2014,0.0,0.0,0.0,0.0,0.0,0.0
FOODS_3_090_CA_1_evaluation,FOODS_3_090,FOODS_3,FOODS,CA_1,d_1434,0,2015-01-01,11448,Thursday,1,2015,0.0,0.0,0.0,0.0,0.0,0.0
FOODS_3_090_CA_1_evaluation,FOODS_3_090,FOODS_3,FOODS,CA_1,d_1435,0,2015-01-02,11448,Friday,1,2015,0.0,0.0,0.0,0.0,0.0,0.0
FOODS_3_090_CA_1_evaluation,FOODS_3_090,FOODS_3,FOODS,CA_1,d_1436,0,2015-01-03,11449,Saturday,1,2015,0.0,0.0,0.0,0.0,0.0,0.0
FOODS_3_090_CA_1_evaluation,FOODS_3_090,FOODS_3,FOODS,CA_1,d_1437,114,2015-01-04,11449,Sunday,1,2015,0.0,0.0,0.0,0.0,0.0,0.0
FOODS_3_090_CA_1_evaluation,FOODS_3_090,FOODS_3,FOODS,CA_1,d_1438,53,2015-01-05,11449,Monday,1,2015,114.0,0.0,0.0,0.0,16.285714285714285,3.8
FOODS_3_090_CA_1_evaluation,FOODS_3_090,FOODS_3,FOODS,CA_1,d_1439,63,2015-01-06,11449,Tuesday,1,2015,53.0,0.0,0.0,0.0,23.857142857142858,5.566666666666666
FOODS_3_090_CA_1_evaluation,FOODS_3_090,FOODS_3,FOODS,CA_1,d_1440,55,2015-01-07,11449,Wednesday,1,2015,63.0,0.0,0.0,0.0,32.857142857142854,7.666666666666667
FOODS_3_090_CA_1_evaluation,FOODS_3_090,FOODS_3,FOODS,CA_1,d_1441,53,2015-01-08,11449,Thursday,1,2015,55.0,0.0,0.0,0.0,40.714285714285715,9.5
FOODS_3_090_CA_1_evaluation,FOODS_3_090,FOODS_3,FOODS,CA_1,d_1442,77,2015-01-09,11449,Friday,1,2015,53.0,0.0,0.0,0.0,48.285714285714285,11.266666666666667
FOODS_3_090_CA_1_evaluation,FOODS_3_090,FOODS_3,FOODS,CA_1,d_1443,134,2015-01-10,11450,Saturday,1,2015,77.0,0.0,0.0,0.0,59.285714285714285,13.833333333333334
FOODS_3_090_CA_1_evaluation,FOODS_3_090,FOODS_3,FOODS,CA_1,d_1444,70,2015-01-11,11450,Sunday,1,2015,134.0,114.0,0.0,0.0,78.42857142857143,18.3
FOODS_3_090_CA_1_evaluation,FOODS_3_090,FOODS_3,FOODS,CA_1,d_1445,51,2015-01-12,11450,Monday,1,2015,70.0,53.0,0.0,0.0,72.14285714285714,20.633333333333333
FOODS_3_090_CA_1_evaluation,FOODS_3_090,FOODS_3,FOODS,CA_1,d_1446,39,2015-01-13,11450,Tuesday,1,2015,51.0,63.0,0.0,0.0,71.85714285714286,22.333333333333332
FOODS_3_090_CA_1_evaluation,FOODS_3_090,FOODS_3,FOODS,CA_1,d_1447,60,2015-01-14,11450,Wednesday,1,2015,39.0,55.0,0.0,0.0,68.42857142857143,23.633333333333333
FOODS_3_090_CA_1_evaluation,FOODS_3_090,FOODS_3,FOODS,CA_1,d_1448,77,2015-01-15,11450,Thursday,1,2015,60.0,53.0,0.0,0.0,69.14285714285714,25.633333333333333
FOODS_3_090_CA_1_evaluation,FOODS_3_090,FOODS_3,FOODS,CA_1,d_1449,73,2015-01-16,11450,Friday,1,2015,77.0,77.0,0.0,0.0,72.57142857142857,28.2
FOODS_3_090_CA_1_evaluation,FOODS_3_090,FOODS_3,FOODS,CA_1,d_1450,104,2015-01-17,11451,Saturday,1,2015,73.0,134.0,0.0,0.0,72.0,30.633333333333333
FOODS_3_090_CA_1_evaluation,FOODS_3_090,FOODS_3,FOODS,CA_1,d_1451,107,2015-01-18,11451,Sunday,1,2015,104.0,70.0,114.0,0.0,67.71428571428571,34.1
FOODS_3_090_CA_1_evaluation,FOODS_3_090,FOODS_3,FOODS,CA_1,d_1452,68,2015-01-19,11451,Monday,1,2015,107.0,51.0,53.0,0.0,73.0,37.666666666666664
FOODS_3_090_CA_1_evaluation,FOODS_3_090,FOODS_3,FOODS,CA_1,d_1453,68,2015-01-20,11451,Tuesday,1,2015,68.0,39.0,63.0,0.0,75.42857142857143,39.93333333333333
FOODS_3_090_CA_1_evaluation,FOODS_3_090,FOODS_3,FOODS,CA_1,d_1454,44,2015-01-21,11451,Wednesday,1,2015,68.0,60.0,55.0,0.0,79.57142857142857,42.2
FOODS_3_090_CA_1_evaluation,FOODS_3_090,FOODS_3,FOODS,CA_1,d_1455,45,2015-01-22,11451,Thursday,1,2015,44.0,77.0,53.0,0.0,77.28571428571429,43.666666666666664
FOODS_3_090_CA_1_evaluation,FOODS_3_090,FOODS_3,FOODS,CA_1,d_1456,90,2015-01-23,11451,Friday,1,2015,45.0,73.0,77.0,0.0,72.71428571428571,45.166666666666664
FOODS_3_090_CA_1_evaluation,FOODS_3_090,FOODS_3,FOODS,CA_1,d_1457,132,2015-01-24,11452,Saturday,1,2015,90.0,104.0,134.0,0.0,75.14285714285714,48.166666666666664
FOODS_3_090_CA_1_evaluation,FOODS_3_090,FOODS_3,FOODS,CA_1,d_1458,103,2015-01-25,11452,Sunday,1,2015,132.0,107.0,70.0,0.0,79.14285714285714,52.56666666666667
FOODS_3_090_CA_1_evaluation,FOODS_3_090,FOODS_3,FOODS,CA_1,d_1459,79,2015-01-26,11452,Monday,1,2015,103.0,68.0,51.0,0.0,78.57142857142857,56.0
FOODS_3_090_CA_1_evaluation,FOODS_3_090,FOODS_3,FOODS,CA_1,d_1460,58,2015-01-27,11452,Tuesday,1,2015,79.0,68.0,39.0,0.0,80.14285714285714,58.63333333333333
FOODS_3_090_CA_1_evaluation,FOODS_3_090,FOODS_3,FOODS,CA_1,d_1461,57,2015-01-28,11452,Wednesday,1,2015,58.0,44.0,60.0,0.0,78.71428571428571,60.56666666666667
FOODS_3_090_CA_1_evaluation,FOODS_3_090,FOODS_3,FOODS,CA_1,d_1462,81,2015-01-29,11452,Thursday,1,2015,57.0,45.0,77.0,0.0,80.57142857142857,62.46666666666667
FOODS_3_090_CA_1_evaluation,FOODS_3_090,FOODS_3,FOODS,CA_1,d_1463,90,2015-01-30,11452,Friday,1,2015,81.0,90.0,73.0,0.0,85.71428571428571,65.16666666666667
FOODS_3_090_CA_1_evaluation,FOODS_3_090,FOODS_3,FOODS,CA_1,d_1464,186,2015-01-31,11501,Saturday,1,2015,90.0,132.0,104.0,0.0,85.71428571428571,68.16666666666667
FOODS_3_090_CA_1_evaluation,FOODS_3_090,FOODS_3,FOODS,CA_1,d_1465,143,2015-02-01,11501,Sunday,2,2015,186.0,103.0,107.0,114.0,93.42857142857143,74.36666666666666
FOODS_3_090_CA_1_evaluation,FOODS_3_090,FOODS_3,FOODS,CA_1,d_1466,65,2015-02-02,11501,Monday,2,2015,143.0,79.0,68.0,53.0,99.14285714285714,79.13333333333334
FOODS_3_090_CA_1_evaluation,FOODS_3_090,FOODS_3,FOODS,CA_1,d_1467,44,2015-02-03,11501,Tuesday,2,2015,65.0,58.0,68.0,63.0,97.14285714285714,81.3
FOODS_3_090_CA_1_evaluation,FOODS_3_090,FOODS_3,FOODS,CA_1,d_1468,65,2015-02-04,11501,Wednesday,2,2015,44.0,57.0,44.0,55.0,95.14285714285714,78.96666666666667
FOODS_3_090_CA_1_evaluation,FOODS_3_090,FOODS_3,FOODS,CA_1,d_1469,62,2015-02-05,11501,Thursday,2,2015,65.0,81.0,45.0,53.0,96.28571428571429,79.36666666666666
FOODS_3_090_CA_1_evaluation,FOODS_3_090,FOODS_3,FOODS,CA_1,d_1470,105,2015-02-06,11501,Friday,2,2015,62.0,90.0,90.0,77.0,93.57142857142857,79.33333333333333
FOODS_3_090_CA_1_evaluation,FOODS_3_090,FOODS_3,FOODS,CA_1,d_1471,132,2015-02-07,11502,Saturday,2,2015,105.0,186.0,132.0,134.0,95.71428571428571,81.0
FOODS_3_090_CA_1_evaluation,FOODS_3_090,FOODS_3,FOODS,CA_1,d_1472,100,2015-02-08,11502,Sunday,2,2015,132.0,143.0,103.0,70.0,88.0,83.63333333333334
FOODS_3_090_CA_1_evaluation,FOODS_3_090,FOODS_3,FOODS,CA_1,d_1473,82,2015-02-09,11502,Monday,2,2015,100.0,65.0,79.0,51.0,81.85714285714286,84.4
FOODS_3_090_CA_1_evaluation,FOODS_3_090,FOODS_3,FOODS,CA_1,d_1474,76,2015-02-10,11502,Tuesday,2,2015,82.0,44.0,58.0,39.0,84.28571428571429,82.66666666666667
FOODS_3_090_CA_1_evaluation,FOODS_3_090,FOODS_3,FOODS,CA_1,d_1475,164,2015-02-11,11502,Wednesday,2,2015,76.0,65.0,57.0,60.0,88.85714285714286,82.86666666666666
FOODS_3_090_CA_1_evaluation,FOODS_3_090,FOODS_3,FOODS,CA_1,d_1476,0,2015-02-12,11502,Thursday,2,2015,164.0,62.0,81.0,77.0,103.0,86.63333333333334
FOODS_3_090_CA_1_evaluation,FOODS_3_090,FOODS_3,FOODS,CA_1,d_1477,0,2015-02-13,11502,Friday,2,2015,0.0,105.0,90.0,73.0,94.14285714285714,85.33333333333333
FOODS_3_090_CA_1_evaluation,FOODS_3_090,FOODS_3,FOODS,CA_1,d_1478,0,2015-02-14,11503,Saturday,2,2015,0.0,132.0,186.0,104.0,79.14285714285714,83.33333333333333
FOODS_3_090_CA_1_evaluation,FOODS_3_090,FOODS_3,FOODS,CA_1,d_1479,0,2015-02-15,11503,Sunday,2,2015,0.0,100.0,143.0,107.0,60.285714285714285,80.76666666666667
FOODS_3_090_CA_1_evaluation,FOODS_3_090,FOODS_3,FOODS,CA_1,d_1480,0,2015-02-16,11503,Monday,2,2015,0.0,82.0,65.0,68.0,46.0,78.33333333333333
FOODS_3_090_CA_1_evaluation,FOODS_3_090,FOODS_3,FOODS,CA_1,d_1481,0,2015-02-17,11503,Tuesday,2,2015,0.0,76.0,44.0,68.0,34.285714285714285,74.86666666666666
FOODS_3_090_CA_1_evaluation,FOODS_3_090,FOODS_3,FOODS,CA_1,d_1482,0,2015-02-18,11503,Wednesday,2,2015,0.0,164.0,65.0,44.0,23.428571428571427,71.3
FOODS_3_090_CA_1_evaluation,FOODS_3_090,FOODS_3,FOODS,CA_1,d_1483,0,2015-02-19,11503,Thursday,2,2015,0.0,0.0,62.0,45.0,0.0,69.03333333333333
FOODS_3_090_CA_1_evaluation,FOODS_3_090,FOODS_3,FOODS,CA_1,d_1484,0,2015-02-20,11503,Friday,2,2015,0.0,0.0,105.0,90.0,0.0,66.76666666666667
FOODS_3_090_CA_1_evaluation,FOODS_3_090,FOODS_3,FOODS,CA_1,d_1485,0,2015-02-21,11504,Saturday,2,2015,0.0,0.0,132.0,132.0,0.0,65.3
FOODS_3_090_CA_1_evaluation,FOODS_3_090,FOODS_3,FOODS,CA_1,d_1486,0,2015-02-22,11504,Sunday,2,2015,0.0,0.0,100.0,103.0,0.0,63.8
FOODS_3_090_CA_1_evaluation,FOODS_3_090,FOODS_3,FOODS,CA_1,d_1487,0,2015-02-23,11504,Monday,2,2015,0.0,0.0,82.0,79.0,0.0,60.8
FOODS_3_090_CA_1_evaluation,FOODS_3_090,FOODS_3,FOODS,CA_1,d_1488,0,2015-02-24,11504,Tuesday,2,2015,0.0,0.0,76.0,58.0,0.0,56.4
FOODS_3_090_CA_1_evaluation,FOODS_3_090,FOODS_3,FOODS,CA_1,d_1489,0,2015-02-25,11504,Wednesday,2,2015,0.0,0.0,164.0,57.0,0.0,52.96666666666667
FOODS_3_090_CA_1_evaluation,FOODS_3_090,FOODS_3,FOODS,CA_1,d_1490,0,2015-02-26,11504,Thursday,2,2015,0.0,0.0,0.0,81.0,0.0,50.333333333333336
FOODS_3_090_CA_1_evaluation,FOODS_3_090,FOODS_3,FOODS,CA_1,d_1491,0,2015-02-27,11504,Friday,2,2015,0.0,0.0,0.0,90.0,0.0,48.4
FOODS_3_090_CA_1_evaluation,FOODS_3_090,FOODS_3,FOODS,CA_1,d_1492,0,2015-02-28,11505,Saturday,2,2015,0.0,0.0,0.0,186.0,0.0,46.5
FOODS_3_090_CA_1_evaluation,FOODS_3_090,FOODS_3,FOODS,CA_1,d_1493,0,2015-03-01,11505,Sunday,3,2015,0.0,0.0,0.0,143.0,0.0,43.8
FOODS_3_090_CA_1_evaluation,FOODS_3_090,FOODS_3,FOODS,CA_1,d_1494,0,2015-03-02,11505,Monday,3,2015,0.0,0.0,0.0,65.0,0.0,40.8
FOODS_3_090_CA_1_evaluation,FOODS_3_090,FOODS_3,FOODS,CA_1,d_1495,0,2015-03-03,11505,Tuesday,3,2015,0.0,0.0,0.0,44.0,0.0,34.6
FOODS_3_090_CA_1_evaluation,FOODS_3_090,FOODS_3,FOODS,CA_1,d_1496,0,2015-03-04,11505,Wednesday,3,2015,0.0,0.0,0.0,65.0,0.0,29.833333333333332
FOODS_3_090_CA_1_evaluation,FOODS_3_090,FOODS_3,FOODS,CA_1,d_1497,0,2015-03-05,11505,Thursday,3,2015,0.0,0.0,0.0,62.0,0.0,27.666666666666668
FOODS_3_090_CA_1_evaluation,FOODS_3_090,FOODS_3,FOODS,CA_1,d_1498,0,2015-03-06,11505,Friday,3,2015,0.0,0.0,0.0,105.0,0.0,26.2
FOODS_3_090_CA_1_evaluation,FOODS_3_090,FOODS_3,FOODS,CA_1,d_1499,0,2015-03-07,11506,Saturday,3,2015,0.0,0.0,0.0,132.0,0.0,24.033333333333335
FOODS_3_090_CA_1_evaluation,FOODS_3_090,FOODS_3,FOODS,CA_1,d_1500,0,2015-03-08,11506,Sunday,3,2015,0.0,0.0,0.0,100.0,0.0,21.966666666666665
FOODS_3_090_CA_1_evaluation,FOODS_3_090,FOODS_3,FOODS,CA_1,d_1501,0,2015-03-09,11506,Monday,3,2015,0.0,0.0,0.0,82.0,0.0,18.466666666666665
FOODS_3_090_CA_1_evaluation,FOODS_3_090,FOODS_3,FOODS,CA_1,d_1502,0,2015-03-10,11506,Tuesday,3,2015,0.0,0.0,0.0,76.0,0.0,14.066666666666666
FOODS_3_090_CA_1_evaluation,FOODS_3_090,FOODS_3,FOODS,CA_1,d_1503,0,2015-03-11,11506,Wednesday,3,2015,0.0,0.0,0.0,164.0,0.0,10.733333333333333
FOODS_3_090_CA_1_evaluation,FOODS_3_090,FOODS_3,FOODS,CA_1,d_1504,73,2015-03-12,11506,Thursday,3,2015,0.0,0.0,0.0,0.0,0.0,8.0
FOODS_3_090_CA_1_evaluation,FOODS_3_090,FOODS_3,FOODS,CA_1,d_1505,61,2015-03-13,11506,Friday,3,2015,73.0,0.0,0.0,0.0,10.428571428571429,7.9
FOODS_3_090_CA_1_evaluation,FOODS_3_090,FOODS_3,FOODS,CA_1,d_1506,97,2015-03-14,11507,Saturday,3,2015,61.0,0.0,0.0,0.0,19.142857142857142,4.466666666666667
FOODS_3_090_CA_1_evaluation,FOODS_3_090,FOODS_3,FOODS,CA_1,d_1507,85,2015-03-15,11507,Sunday,3,2015,97.0,0.0,0.0,0.0,33.0,7.7
FOODS_3_090_CA_1_evaluation,FOODS_3_090,FOODS_3,FOODS,CA_1,d_1508,55,2015-03-16,11507,Monday,3,2015,85.0,0.0,0.0,0.0,45.142857142857146,10.533333333333333
FOODS_3_090_CA_1_evaluation,FOODS_3_090,FOODS_3,FOODS,CA_1,d_1509,50,2015-03-17,11507,Tuesday,3,2015,55.0,0.0,0.0,0.0,53.0,12.366666666666667
FOODS_3_090_CA_1_evaluation,FOODS_3_090,FOODS_3,FOODS,CA_1,d_1510,27,2015-03-18,11507,Wednesday,3,2015,50.0,0.0,0.0,0.0,60.142857142857146,14.033333333333333
FOODS_3_090_CA_1_evaluation,FOODS_3_090,FOODS_3,FOODS,CA_1,d_1511,55,2015-03-19,11507,Thursday,3,2015,27.0,73.0,0.0,0.0,64.0,14.933333333333334
FOODS_3_090_CA_1_evaluation,FOODS_3_090,FOODS_3,FOODS,CA_1,d_1512,95,2015-03-20,11507,Friday,3,2015,55.0,61.0,0.0,0.0,61.42857142857143,16.766666666666666
FOODS_3_090_CA_1_evaluation,FOODS_3_090,FOODS_3,FOODS,CA_1,d_1513,113,2015-03-21,11508,Saturday,3,2015,95.0,97.0,0.0,0.0,66.28571428571429,19.933333333333334
FOODS_3_090_CA_1_evaluation,FOODS_3_090,FOODS_3,FOODS,CA_1,d_1514,81,2015-03-22,11508,Sunday,3,2015,113.0,85.0,0.0,0.0,68.57142857142857,23.7
FOODS_3_090_CA_1_evaluation,FOODS_3_090,FOODS_3,FOODS,CA_1,d_1515,38,2015-03-23,11508,Monday,3,2015,81.0,55.0,0.0,0.0,68.0,26.4
FOODS_3_090_CA_1_evaluation,FOODS_3_090,FOODS_3,FOODS,CA_1,d_1516,34,2015-03-24,11508,Tuesday,3,2015,38.0,50.0,0.0,0.0,65.57142857142857,27.666666666666668
FOODS_3_090_CA_1_evaluation,FOODS_3_090,FOODS_3,FOODS,CA_1,d_1517,37,2015-03-25,11508,Wednesday,3,2015,34.0,27.0,0.0,0.0,63.285714285714285,28.8
FOODS_3_090_CA_1_evaluation,FOODS_3_090,FOODS_3,FOODS,CA_1,d_1518,33,2015-03-26,11508,Thursday,3,2015,37.0,55.0,73.0,0.0,64.71428571428571,30.033333333333335
FOODS_3_090_CA_1_evaluation,FOODS_3_090,FOODS_3,FOODS,CA_1,d_1519,62,2015-03-27,11508,Friday,3,2015,33.0,95.0,61.0,0.0,61.57142857142857,31.133333333333333
FOODS_3_090_CA_1_evaluation,FOODS_3_090,FOODS_3,FOODS,CA_1,d_1520,96,2015-03-28,11509,Saturday,3,2015,62.0,113.0,97.0,0.0,56.857142857142854,33.2
FOODS_3_090_CA_1_evaluation,FOODS_3_090,FOODS_3,FOODS,CA_1,d_1521,72,2015-03-29,11509,Sunday,3,2015,96.0,81.0,85.0,0.0,54.42857142857143,36.4
FOODS_3_090_CA_1_evaluation,FOODS_3_090,FOODS_3,FOODS,CA_1,d_1522,45,2015-03-30,11509,Monday,3,2015,72.0,38.0,55.0,0.0,53.142857142857146,38.8
FOODS_3_090_CA_1_evaluation,FOODS_3_090,FOODS_3,FOODS,CA_1,d_1523,29,2015-03-31,11509,Tuesday,3,2015,45.0,34.0,50.0,0.0,54.142857142857146,40.3
FOODS_3_090_CA_1_evaluation,FOODS_3_090,FOODS_3,FOODS,CA_1,d_1524,40,2015-04-01,11509,Wednesday,4,2015,29.0,37.0,27.0,0.0,53.42857142857143,41.266666666666666
FOODS_3_090_CA_1_evaluation,FOODS_3_090,FOODS_3,FOODS,CA_1,d_1525,28,2015-04-02,11509,Thursday,4,2015,40.0,33.0,55.0,0.0,53.857142857142854,42.6
FOODS_3_090_CA_1_evaluation,FOODS_3_090,FOODS_3,FOODS,CA_1,d_1526,94,2015-04-03,11509,Friday,4,2015,28.0,62.0,95.0,0.0,53.142857142857146,43.53333333333333
FOODS_3_090_CA_1_evaluation,FOODS_3_090,FOODS_3,FOODS,CA_1,d_1527,123,2015-04-04,11510,Saturday,4,2015,94.0,96.0,113.0,0.0,57.714285714285715,46.666666666666664
FOODS_3_090_CA_1_evaluation,FOODS_3_090,FOODS_3,FOODS,CA_1,d_1528,65,2015-04-05,11510,Sunday,4,2015,123.0,72.0,81.0,0.0,61.57142857142857,50.766666666666666
FOODS_3_090_CA_1_evaluation,FOODS_3_090,FOODS_3,FOODS,CA_1,d_1529,96,2015-04-06,11510,Monday,4,2015,65.0,45.0,38.0,0.0,60.57142857142857,52.93333333333333
FOODS_3_090_CA_1_evaluation,FOODS_3_090,FOODS_3,FOODS,CA_1,d_1530,41,2015-04-07,11510,Tuesday,4,2015,96.0,29.0,34.0,0.0,67.85714285714286,56.13333333333333
FOODS_3_090_CA_1_evaluation,FOODS_3_090,FOODS_3,FOODS,CA_1,d_1531,74,2015-04-08,11510,Wednesday,4,2015,41.0,40.0,37.0,0.0,69.57142857142857,57.5
FOODS_3_090_CA_1_evaluation,FOODS_3_090,FOODS_3,FOODS,CA_1,d_1532,68,2015-04-09,11510,Thursday,4,2015,74.0,28.0,33.0,73.0,74.42857142857143,59.96666666666667
FOODS_3_090_CA_1_evaluation,FOODS_3_090,FOODS_3,FOODS,CA_1,d_1533,62,2015-04-10,11510,Friday,4,2015,68.0,94.0,62.0,61.0,80.14285714285714,62.233333333333334
FOODS_3_090_CA_1_evaluation,FOODS_3_090,FOODS_3,FOODS,CA_1,d_1534,95,2015-04-11,11511,Saturday,4,2015,62.0,123.0,96.0,97.0,75.57142857142857,64.3
FOODS_3_090_CA_1_evaluation,FOODS_3_090,FOODS_3,FOODS,CA_1,d_1535,74,2015-04-12,11511,Sunday,4,2015,95.0,65.0,72.0,85.0,71.57142857142857,65.03333333333333
FOODS_3_090_CA_1_evaluation,FOODS_3_090,FOODS_3,FOODS,CA_1,d_1536,37,2015-04-13,11511,Monday,4,2015,74.0,96.0,45.0,55.0,72.85714285714286,65.46666666666667
FOODS_3_090_CA_1_evaluation,FOODS_3_090,FOODS_3,FOODS,CA_1,d_1537,42,2015-04-14,11511,Tuesday,4,2015,37.0,41.0,29.0,50.0,64.42857142857143,63.46666666666667
FOODS_3_090_CA_1_evaluation,FOODS_3_090,FOODS_3,FOODS,CA_1,d_1538,27,2015-04-15,11511,Wednesday,4,2015,42.0,74.0,40.0,27.0,64.57142857142857,62.03333333333333
FOODS_3_090_CA_1_evaluation,FOODS_3_090,FOODS_3,FOODS,CA_1,d_1539,82,2015-04-16,11511,Thursday,4,2015,27.0,68.0,28.0,55.0,57.857142857142854,61.1
FOODS_3_090_CA_1_evaluation,FOODS_3_090,FOODS_3,FOODS,CA_1,d_1540,57,2015-04-17,11511,Friday,4,2015,82.0,62.0,94.0,95.0,59.857142857142854,62.166666666666664
FOODS_3_090_CA_1_evaluation,FOODS_3_090,FOODS_3,FOODS,CA_1,d_1541,102,2015-04-18,11512,Saturday,4,2015,57.0,95.0,123.0,113.0,59.142857142857146,63.166666666666664
FOODS_3_090_CA_1_evaluation,FOODS_3_090,FOODS_3,FOODS,CA_1,d_1542,99,2015-04-19,11512,Sunday,4,2015,102.0,74.0,65.0,81.0,60.142857142857146,64.73333333333333
FOODS_3_090_CA_1_evaluation,FOODS_3_090,FOODS_3,FOODS,CA_1,d_1543,34,2015-04-20,11512,Monday,4,2015,99.0,37.0,96.0,38.0,63.714285714285715,64.86666666666666
FOODS_3_090_CA_1_evaluation,FOODS_3_090,FOODS_3,FOODS,CA_1,d_1544,41,2015-04-21,11512,Tuesday,4,2015,34.0,42.0,41.0,34.0,63.285714285714285,62.233333333333334
FOODS_3_090_CA_1_evaluation,FOODS_3_090,FOODS_3,FOODS,CA_1,d_1545,52,2015-04-22,11512,Wednesday,4,2015,41.0,27.0,74.0,37.0,63.142857142857146,60.9
FOODS_3_090_CA_1_evaluation,FOODS_3_090,FOODS_3,FOODS,CA_1,d_1546,59,2015-04-23,11512,Thursday,4,2015,52.0,82.0,68.0,33.0,66.71428571428571,61.36666666666667
FOODS_3_090_CA_1_evaluation,FOODS_3_090,FOODS_3,FOODS,CA_1,d_1547,86,2015-04-24,11512,Friday,4,2015,59.0,57.0,62.0,62.0,63.42857142857143,62.2
FOODS_3_090_CA_1_evaluation,FOODS_3_090,FOODS_3,FOODS,CA_1,d_1548,91,2015-04-25,11513,Saturday,4,2015,86.0,102.0,95.0,96.0,67.57142857142857,63.833333333333336
FOODS_3_090_CA_1_evaluation,FOODS_3_090,FOODS_3,FOODS,CA_1,d_1549,66,2015-04-26,11513,Sunday,4,2015,91.0,99.0,74.0,72.0,66.0,65.76666666666667
FOODS_3_090_CA_1_evaluation,FOODS_3_090,FOODS_3,FOODS,CA_1,d_1550,58,2015-04-27,11513,Monday,4,2015,66.0,34.0,37.0,45.0,61.285714285714285,65.9
FOODS_3_090_CA_1_evaluation,FOODS_3_090,FOODS_3,FOODS,CA_1,d_1551,30,2015-04-28,11513,Tuesday,4,2015,58.0,41.0,42.0,29.0,64.71428571428571,64.63333333333334
FOODS_3_090_CA_1_evaluation,FOODS_3_090,FOODS_3,FOODS,CA_1,d_1552,64,2015-04-29,11513,Wednesday,4,2015,30.0,52.0,27.0,40.0,63.142857142857146,63.233333333333334
FOODS_3_090_CA_1_evaluation,FOODS_3_090,FOODS_3,FOODS,CA_1,d_1553,55,2015-04-30,11513,Thursday,4,2015,64.0,59.0,82.0,28.0,64.85714285714286,63.86666666666667
FOODS_3_090_CA_1_evaluation,FOODS_3_090,FOODS_3,FOODS,CA_1,d_1554,108,2015-05-01,11513,Friday,5,2015,55.0,86.0,57.0,94.0,64.28571428571429,64.73333333333333
FOODS_3_090_CA_1_evaluation,FOODS_3_090,FOODS_3,FOODS,CA_1,d_1555,133,2015-05-02,11514,Saturday,5,2015,108.0,91.0,102.0,123.0,67.42857142857143,67.0
FOODS_3_090_CA_1_evaluation,FOODS_3_090,FOODS_3,FOODS,CA_1,d_1556,79,2015-05-03,11514,Sunday,5,2015,133.0,66.0,99.0,65.0,73.42857142857143,70.5
FOODS_3_090_CA_1_evaluation,FOODS_3_090,FOODS_3,FOODS,CA_1,d_1557,48,2015-05-04,11514,Monday,5,2015,79.0,58.0,34.0,96.0,75.28571428571429,70.0
FOODS_3_090_CA_1_evaluation,FOODS_3_090,FOODS_3,FOODS,CA_1,d_1558,52,2015-05-05,11514,Tuesday,5,2015,48.0,30.0,41.0,41.0,73.85714285714286,67.5
FOODS_3_090_CA_1_evaluation,FOODS_3_090,FOODS_3,FOODS,CA_1,d_1559,54,2015-05-06,11514,Wednesday,5,2015,52.0,64.0,52.0,74.0,77.0,67.06666666666666
FOODS_3_090_CA_1_evaluation,FOODS_3_090,FOODS_3,FOODS,CA_1,d_1560,87,2015-05-07,11514,Thursday,5,2015,54.0,55.0,59.0,68.0,75.57142857142857,65.66666666666667
FOODS_3_090_CA_1_evaluation,FOODS_3_090,FOODS_3,FOODS,CA_1,d_1561,134,2015-05-08,11514,Friday,5,2015,87.0,108.0,86.0,62.0,80.14285714285714,67.2
FOODS_3_090_CA_1_evaluation,FOODS_3_090,FOODS_3,FOODS,CA_1,d_1562,157,2015-05-09,11515,Saturday,5,2015,134.0,133.0,91.0,95.0,83.85714285714286,69.2
FOODS_3_090_CA_1_evaluation,FOODS_3_090,FOODS_3,FOODS,CA_1,d_1563,116,2015-05-10,11515,Sunday,5,2015,157.0,79.0,66.0,74.0,87.28571428571429,72.16666666666667
FOODS_3_090_CA_1_evaluation,FOODS_3_090,FOODS_3,FOODS,CA_1,d_1564,52,2015-05-11,11515,Monday,5,2015,116.0,48.0,58.0,37.0,92.57142857142857,73.96666666666667
FOODS_3_090_CA_1_evaluation,FOODS_3_090,FOODS_3,FOODS,CA_1,d_1565,43,2015-05-12,11515,Tuesday,5,2015,52.0,52.0,30.0,42.0,93.14285714285714,72.53333333333333
FOODS_3_090_CA_1_evaluation,FOODS_3_090,FOODS_3,FOODS,CA_1,d_1566,74,2015-05-13,11515,Wednesday,5,2015,43.0,54.0,64.0,27.0,91.85714285714286,71.5
FOODS_3_090_CA_1_evaluation,FOODS_3_090,FOODS_3,FOODS,CA_1,d_1567,0,2015-05-14,11515,Thursday,5,2015,74.0,87.0,55.0,82.0,94.71428571428571,72.73333333333333
FOODS_3_090_CA_1_evaluation,FOODS_3_090,FOODS_3,FOODS,CA_1,d_1568,0,2015-05-15,11515,Friday,5,2015,0.0,134.0,108.0,57.0,82.28571428571429,71.33333333333333
FOODS_3_090_CA_1_evaluation,FOODS_3_090,FOODS_3,FOODS,CA_1,d_1569,0,2015-05-16,11516,Saturday,5,2015,0.0,157.0,133.0,102.0,63.142857142857146,70.43333333333334
FOODS_3_090_CA_1_evaluation,FOODS_3_090,FOODS_3,FOODS,CA_1,d_1570,0,2015-05-17,11516,Sunday,5,2015,0.0,116.0,79.0,99.0,40.714285714285715,67.7
FOODS_3_090_CA_1_evaluation,FOODS_3_090,FOODS_3,FOODS,CA_1,d_1571,0,2015-05-18,11516,Monday,5,2015,0.0,52.0,48.0,34.0,24.142857142857142,65.8
FOODS_3_090_CA_1_evaluation,FOODS_3_090,FOODS_3,FOODS,CA_1,d_1572,0,2015-05-19,11516,Tuesday,5,2015,0.0,43.0,52.0,41.0,16.714285714285715,62.4
FOODS_3_090_CA_1_evaluation,FOODS_3_090,FOODS_3,FOODS,CA_1,d_1573,0,2015-05-20,11516,Wednesday,5,2015,0.0,74.0,54.0,52.0,10.571428571428571,59.1
FOODS_3_090_CA_1_evaluation,FOODS_3_090,FOODS_3,FOODS,CA_1,d_1574,0,2015-05-21,11516,Thursday,5,2015,0.0,0.0,87.0,59.0,0.0,57.96666666666667
FOODS_3_090_CA_1_evaluation,FOODS_3_090,FOODS_3,FOODS,CA_1,d_1575,0,2015-05-22,11516,Friday,5,2015,0.0,0.0,134.0,86.0,0.0,56.6
FOODS_3_090_CA_1_evaluation,FOODS_3_090,FOODS_3,FOODS,CA_1,d_1576,0,2015-05-23,11517,Saturday,5,2015,0.0,0.0,157.0,91.0,0.0,54.86666666666667
FOODS_3_090_CA_1_evaluation,FOODS_3_090,FOODS_3,FOODS,CA_1,d_1577,0,2015-05-24,11517,Sunday,5,2015,0.0,0.0,116.0,66.0,0.0,52.9
FOODS_3_090_CA_1_evaluation,FOODS_3_090,FOODS_3,FOODS,CA_1,d_1578,0,2015-05-25,11517,Monday,5,2015,0.0,0.0,52.0,58.0,0.0,50.03333333333333
FOODS_3_090_CA_1_evaluation,FOODS_3_090,FOODS_3,FOODS,CA_1,d_1579,0,2015-05-26,11517,Tuesday,5,2015,0.0,0.0,43.0,30.0,0.0,47.0
FOODS_3_090_CA_1_evaluation,FOODS_3_090,FOODS_3,FOODS,CA_1,d_1580,0,2015-05-27,11517,Wednesday,5,2015,0.0,0.0,74.0,64.0,0.0,44.8
FOODS_3_090_CA_1_evaluation,FOODS_3_090,FOODS_3,FOODS,CA_1,d_1581,0,2015-05-28,11517,Thursday,5,2015,0.0,0.0,0.0,55.0,0.0,42.86666666666667
FOODS_3_090_CA_1_evaluation,FOODS_3_090,FOODS_3,FOODS,CA_1,d_1582,0,2015-05-29,11517,Friday,5,2015,0.0,0.0,0.0,108.0,0.0,41.86666666666667
FOODS_3_090_CA_1_evaluation,FOODS_3_090,FOODS_3,FOODS,CA_1,d_1583,0,2015-05-30,11518,Saturday,5,2015,0.0,0.0,0.0,133.0,0.0,39.733333333333334
FOODS_3_090_CA_1_evaluation,FOODS_3_090,FOODS_3,FOODS,CA_1,d_1584,0,2015-05-31,11518,Sunday,5,2015,0.0,0.0,0.0,79.0,0.0,37.9
FOODS_3_090_CA_1_evaluation,FOODS_3_090,FOODS_3,FOODS,CA_1,d_1585,0,2015-06-01,11518,Monday,6,2015,0.0,0.0,0.0,48.0,0.0,34.3
FOODS_3_090_CA_1_evaluation,FOODS_3_090,FOODS_3,FOODS,CA_1,d_1586,0,2015-06-02,11518,Tuesday,6,2015,0.0,0.0,0.0,52.0,0.0,29.866666666666667
FOODS_3_090_CA_1_evaluation,FOODS_3_090,FOODS_3,FOODS,CA_1,d_1587,0,2015-06-03,11518,Wednesday,6,2015,0.0,0.0,0.0,54.0,0.0,27.233333333333334
FOODS_3_090_CA_1_evaluation,FOODS_3_090,FOODS_3,FOODS,CA_1,d_1588,0,2015-06-04,11518,Thursday,6,2015,0.0,0.0,0.0,87.0,0.0,25.633333333333333
FOODS_3_090_CA_1_evaluation,FOODS_3_090,FOODS_3,FOODS,CA_1,d_1589,0,2015-06-05,11518,Friday,6,2015,0.0,0.0,0.0,134.0,0.0,23.9
FOODS_3_090_CA_1_evaluation,FOODS_3_090,FOODS_3,FOODS,CA_1,d_1590,0,2015-06-06,11519,Saturday,6,2015,0.0,0.0,0.0,157.0,0.0,22.1
FOODS_3_090_CA_1_evaluation,FOODS_3_090,FOODS_3,FOODS,CA_1,d_1591,0,2015-06-07,11519,Sunday,6,2015,0.0,0.0,0.0,116.0,0.0,19.2
FOODS_3_090_CA_1_evaluation,FOODS_3_090,FOODS_3,FOODS,CA_1,d_1592,0,2015-06-08,11519,Monday,6,2015,0.0,0.0,0.0,52.0,0.0,14.733333333333333
FOODS_3_090_CA_1_evaluation,FOODS_3_090,FOODS_3,FOODS,CA_1,d_1593,0,2015-06-09,11519,Tuesday,6,2015,0.0,0.0,0.0,43.0,0.0,9.5
FOODS_3_090_CA_1_evaluation,FOODS_3_090,FOODS_3,FOODS,CA_1,d_1594,0,2015-06-10,11519,Wednesday,6,2015,0.0,0.0,0.0,74.0,0.0,5.633333333333334
FOODS_3_090_CA_1_evaluation,FOODS_3_090,FOODS_3,FOODS,CA_1,d_1595,0,2015-06-11,11519,Thursday,6,2015,0.0,0.0,0.0,0.0,0.0,3.9
FOODS_3_090_CA_1_evaluation,FOODS_3_090,FOODS_3,FOODS,CA_1,d_1596,0,2015-06-12,11519,Friday,6,2015,0.0,0.0,0.0,0.0,0.0,2.466666666666667
FOODS_3_090_CA_1_evaluation,FOODS_3_090,FOODS_3,FOODS,CA_1,d_1597,0,2015-06-13,11520,Saturday,6,2015,0.0,0.0,0.0,0.0,0.0,0.0
FOODS_3_090_CA_1_evaluation,FOODS_3_090,FOODS_3,FOODS,CA_1,d_1598,88,2015-06-14,11520,Sunday,6,2015,0.0,0.0,0.0,0.0,0.0,0.0
FOODS_3_090_CA_1_evaluation,FOODS_3_090,FOODS_3,FOODS,CA_1,d_1599,50,2015-06-15,11520,Monday,6,2015,88.0,0.0,0.0,0.0,12.571428571428571,2.933333333333333
FOODS_3_090_CA_1_evaluation,FOODS_3_090,FOODS_3,FOODS,CA_1,d_1600,39,2015-06-16,11520,Tuesday,6,2015,50.0,0.0,0.0,0.0,19.714285714285715,4.6
FOODS_3_090_CA_1_evaluation,FOODS_3_090,FOODS_3,FOODS,CA_1,d_1601,37,2015-06-17,11520,Wednesday,6,2015,39.0,0.0,0.0,0.0,25.285714285714285,5.9
FOODS_3_090_CA_1_evaluation,FOODS_3_090,FOODS_3,FOODS,CA_1,d_1602,63,2015-06-18,11520,Thursday,6,2015,37.0,0.0,0.0,0.0,30.571428571428573,7.133333333333334
FOODS_3_090_CA_1_evaluation,FOODS_3_090,FOODS_3,FOODS,CA_1,d_1603,52,2015-06-19,11520,Friday,6,2015,63.0,0.0,0.0,0.0,39.57142857142857,9.233333333333333
FOODS_3_090_CA_1_evaluation,FOODS_3_090,FOODS_3,FOODS,CA_1,d_1604,99,2015-06-20,11521,Saturday,6,2015,52.0,0.0,0.0,0.0,47.0,10.966666666666667
FOODS_3_090_CA_1_evaluation,FOODS_3_090,FOODS_3,FOODS,CA_1,d_1605,124,2015-06-21,11521,Sunday,6,2015,99.0,88.0,0.0,0.0,61.142857142857146,14.266666666666667
FOODS_3_090_CA_1_evaluation,FOODS_3_090,FOODS_3,FOODS,CA_1,d_1606,69,2015-06-22,11521,Monday,6,2015,124.0,50.0,0.0,0.0,66.28571428571429,18.4
FOODS_3_090_CA_1_evaluation,FOODS_3_090,FOODS_3,FOODS,CA_1,d_1607,71,2015-06-23,11521,Tuesday,6,2015,69.0,39.0,0.0,0.0,69.0,20.7
FOODS_3_090_CA_1_evaluation,FOODS_3_090,FOODS_3,FOODS,CA_1,d_1608,73,2015-06-24,11521,Wednesday,6,2015,71.0,37.0,0.0,0.0,73.57142857142857,23.066666666666666
FOODS_3_090_CA_1_evaluation,FOODS_3_090,FOODS_3,FOODS,CA_1,d_1609,45,2015-06-25,11521,Thursday,6,2015,73.0,63.0,0.0,0.0,78.71428571428571,25.5
FOODS_3_090_CA_1_evaluation,FOODS_3_090,FOODS_3,FOODS,CA_1,d_1610,92,2015-06-26,11521,Friday,6,2015,45.0,52.0,0.0,0.0,76.14285714285714,27.0
FOODS_3_090_CA_1_evaluation,FOODS_3_090,FOODS_3,FOODS,CA_1,d_1611,72,2015-06-27,11522,Saturday,6,2015,92.0,99.0,0.0,0.0,81.85714285714286,30.066666666666666
FOODS_3_090_CA_1_evaluation,FOODS_3_090,FOODS_3,FOODS,CA_1,d_1612,79,2015-06-28,11522,Sunday,6,2015,72.0,124.0,88.0,0.0,78.0,32.46666666666667
FOODS_3_090_CA_1_evaluation,FOODS_3_090,FOODS_3,FOODS,CA_1,d_1613,43,2015-06-29,11522,Monday,6,2015,79.0,69.0,50.0,0.0,71.57142857142857,35.1
FOODS_3_090_CA_1_evaluation,FOODS_3_090,FOODS_3,FOODS,CA_1,d_1614,38,2015-06-30,11522,Tuesday,6,2015,43.0,71.0,39.0,0.0,67.85714285714286,36.53333333333333
FOODS_3_090_CA_1_evaluation,FOODS_3_090,FOODS_3,FOODS,CA_1,d_1615,81,2015-07-01,11522,Wednesday,7,2015,38.0,73.0,37.0,0.0,63.142857142857146,37.8
FOODS_3_090_CA_1_evaluation,FOODS_3_090,FOODS_3,FOODS,CA_1,d_1616,63,2015-07-02,11522,Thursday,7,2015,81.0,45.0,63.0,0.0,64.28571428571429,40.5
FOODS_3_090_CA_1_evaluation,FOODS_3_090,FOODS_3,FOODS,CA_1,d_1617,130,2015-07-03,11522,Friday,7,2015,63.0,92.0,52.0,0.0,66.85714285714286,42.6
FOODS_3_090_CA_1_evaluation,FOODS_3_090,FOODS_3,FOODS,CA_1,d_1618,106,2015-07-04,11523,Saturday,7,2015,130.0,72.0,99.0,0.0,72.28571428571429,46.93333333333333
FOODS_3_090_CA_1_evaluation,FOODS_3_090,FOODS_3,FOODS,CA_1,d_1619,63,2015-07-05,11523,Sunday,7,2015,106.0,79.0,124.0,0.0,77.14285714285714,50.46666666666667
FOODS_3_090_CA_1_evaluation,FOODS_3_090,FOODS_3,FOODS,CA_1,d_1620,82,2015-07-06,11523,Monday,7,2015,63.0,43.0,69.0,0.0,74.85714285714286,52.56666666666667
FOODS_3_090_CA_1_evaluation,FOODS_3_090,FOODS_3,FOODS,CA_1,d_1621,39,2015-07-07,11523,Tuesday,7,2015,82.0,38.0,71.0,0.0,80.42857142857143,55.3
FOODS_3_090_CA_1_evaluation,FOODS_3_090,FOODS_3,FOODS,CA_1,d_1622,51,2015-07-08,11523,Wednesday,7,2015,39.0,81.0,73.0,0.0,80.57142857142857,56.6
FOODS_3_090_CA_1_evaluation,FOODS_3_090,FOODS_3,FOODS,CA_1,d_1623,48,2015-07-09,11523,Thursday,7,2015,51.0,63.0,45.0,0.0,76.28571428571429,58.3
FOODS_3_090_CA_1_evaluation,FOODS_3_090,FOODS_3,FOODS,CA_1,d_1624,120,2015-07-10,11523,Friday,7,2015,48.0,130.0,92.0,0.0,74.14285714285714,59.9
FOODS_3_090_CA_1_evaluation,FOODS_3_090,FOODS_3,FOODS,CA_1,d_1625,67,2015-07-11,11524,Saturday,7,2015,120.0,106.0,72.0,0.0,72.71428571428571,63.9
FOODS_3_090_CA_1_evaluation,FOODS_3_090,FOODS_3,FOODS,CA_1,d_1626,70,2015-07-12,11524,Sunday,7,2015,67.0,63.0,79.0,88.0,67.14285714285714,66.13333333333334
FOODS_3_090_CA_1_evaluation,FOODS_3_090,FOODS_3,FOODS,CA_1,d_1627,45,2015-07-13,11524,Monday,7,2015,70.0,82.0,43.0,50.0,68.14285714285714,68.46666666666667
FOODS_3_090_CA_1_evaluation,FOODS_3_090,FOODS_3,FOODS,CA_1,d_1628,47,2015-07-14,11524,Tuesday,7,2015,45.0,39.0,38.0,39.0,62.857142857142854,69.96666666666667
FOODS_3_090_CA_1_evaluation,FOODS_3_090,FOODS_3,FOODS,CA_1,d_1629,39,2015-07-15,11524,Wednesday,7,2015,47.0,51.0,81.0,37.0,64.0,68.6
FOODS_3_090_CA_1_evaluation,FOODS_3_090,FOODS_3,FOODS,CA_1,d_1630,62,2015-07-16,11524,Thursday,7,2015,39.0,48.0,63.0,63.0,62.285714285714285,68.23333333333333
FOODS_3_090_CA_1_evaluation,FOODS_3_090,FOODS_3,FOODS,CA_1,d_1631,91,2015-07-17,11524,Friday,7,2015,62.0,120.0,130.0,52.0,64.28571428571429,69.0
FOODS_3_090_CA_1_evaluation,FOODS_3_090,FOODS_3,FOODS,CA_1,d_1632,109,2015-07-18,11525,Saturday,7,2015,91.0,67.0,106.0,99.0,60.142857142857146,70.8
FOODS_3_090_CA_1_evaluation,FOODS_3_090,FOODS_3,FOODS,CA_1,d_1633,71,2015-07-19,11525,Sunday,7,2015,109.0,70.0,63.0,124.0,66.14285714285714,72.33333333333333
FOODS_3_090_CA_1_evaluation,FOODS_3_090,FOODS_3,FOODS,CA_1,d_1634,138,2015-07-20,11525,Monday,7,2015,71.0,45.0,82.0,69.0,66.28571428571429,72.96666666666667
FOODS_3_090_CA_1_evaluation,FOODS_3_090,FOODS_3,FOODS,CA_1,d_1635,41,2015-07-21,11525,Tuesday,7,2015,138.0,47.0,39.0,71.0,79.57142857142857,74.26666666666667
FOODS_3_090_CA_1_evaluation,FOODS_3_090,FOODS_3,FOODS,CA_1,d_1636,58,2015-07-22,11525,Wednesday,7,2015,41.0,39.0,51.0,73.0,78.71428571428571,71.5
FOODS_3_090_CA_1_evaluation,FOODS_3_090,FOODS_3,FOODS,CA_1,d_1637,54,2015-07-23,11525,Thursday,7,2015,58.0,62.0,48.0,45.0,81.42857142857143,71.13333333333334
FOODS_3_090_CA_1_evaluation,FOODS_3_090,FOODS_3,FOODS,CA_1,d_1638,62,2015-07-24,11525,Friday,7,2015,54.0,91.0,120.0,92.0,80.28571428571429,70.56666666666666
FOODS_3_090_CA_1_evaluation,FOODS_3_090,FOODS_3,FOODS,CA_1,d_1639,75,2015-07-25,11526,Saturday,7,2015,62.0,109.0,67.0,72.0,76.14285714285714,70.2
FOODS_3_090_CA_1_evaluation,FOODS_3_090,FOODS_3,FOODS,CA_1,d_1640,101,2015-07-26,11526,Sunday,7,2015,75.0,71.0,70.0,79.0,71.28571428571429,71.2
FOODS_3_090_CA_1_evaluation,FOODS_3_090,FOODS_3,FOODS,CA_1,d_1641,68,2015-07-27,11526,Monday,7,2015,101.0,138.0,45.0,43.0,75.57142857142857,71.5
FOODS_3_090_CA_1_evaluation,FOODS_3_090,FOODS_3,FOODS,CA_1,d_1642,59,2015-07-28,11526,Tuesday,7,2015,68.0,41.0,47.0,38.0,65.57142857142857,71.36666666666666
FOODS_3_090_CA_1_evaluation,FOODS_3_090,FOODS_3,FOODS,CA_1,d_1643,35,2015-07-29,11526,Wednesday,7,2015,59.0,58.0,39.0,81.0,68.14285714285714,70.7
FOODS_3_090_CA_1_evaluation,FOODS_3_090,FOODS_3,FOODS,CA_1,d_1644,55,2015-07-30,11526,Thursday,7,2015,35.0,54.0,62.0,63.0,64.85714285714286,70.43333333333334
FOODS_3_090_CA_1_evaluation,FOODS_3_090,FOODS_3,FOODS,CA_1,d_1645,77,2015-07-31,11526,Friday,7,2015,55.0,62.0,91.0,130.0,65.0,71.0
FOODS_3_090_CA_1_evaluation,FOODS_3_090,FOODS_3,FOODS,CA_1,d_1646,82,2015-08-01,11527,Saturday,8,2015,77.0,75.0,109.0,106.0,67.14285714285714,70.86666666666666
FOODS_3_090_CA_1_evaluation,FOODS_3_090,FOODS_3,FOODS,CA_1,d_1647,78,2015-08-02,11527,Sunday,8,2015,82.0,101.0,71.0,63.0,68.14285714285714,71.5
FOODS_3_090_CA_1_evaluation,FOODS_3_090,FOODS_3,FOODS,CA_1,d_1648,59,2015-08-03,11527,Monday,8,2015,78.0,68.0,138.0,82.0,64.85714285714286,69.76666666666667
FOODS_3_090_CA_1_evaluation,FOODS_3_090,FOODS_3,FOODS,CA_1,d_1649,39,2015-08-04,11527,Tuesday,8,2015,59.0,59.0,41.0,39.0,63.57142857142857,68.2
FOODS_3_090_CA_1_evaluation,FOODS_3_090,FOODS_3,FOODS,CA_1,d_1650,54,2015-08-05,11527,Wednesday,8,2015,39.0,35.0,58.0,51.0,60.714285714285715,67.4
FOODS_3_090_CA_1_evaluation,FOODS_3_090,FOODS_3,FOODS,CA_1,d_1651,42,2015-08-06,11527,Thursday,8,2015,54.0,55.0,54.0,48.0,63.42857142857143,66.46666666666667
FOODS_3_090_CA_1_evaluation,FOODS_3_090,FOODS_3,FOODS,CA_1,d_1652,79,2015-08-07,11527,Friday,8,2015,42.0,77.0,62.0,120.0,61.57142857142857,66.56666666666666
FOODS_3_090_CA_1_evaluation,FOODS_3_090,FOODS_3,FOODS,CA_1,d_1653,117,2015-08-08,11528,Saturday,8,2015,79.0,82.0,75.0,67.0,61.857142857142854,67.5
FOODS_3_090_CA_1_evaluation,FOODS_3_090,FOODS_3,FOODS,CA_1,d_1654,62,2015-08-09,11528,Sunday,8,2015,117.0,78.0,101.0,70.0,66.85714285714286,69.8
FOODS_3_090_CA_1_evaluation,FOODS_3_090,FOODS_3,FOODS,CA_1,d_1655,56,2015-08-10,11528,Monday,8,2015,62.0,59.0,68.0,45.0,64.57142857142857,67.86666666666666
FOODS_3_090_CA_1_evaluation,FOODS_3_090,FOODS_3,FOODS,CA_1,d_1656,60,2015-08-11,11528,Tuesday,8,2015,56.0,39.0,59.0,47.0,64.14285714285714,67.5
FOODS_3_090_CA_1_evaluation,FOODS_3_090,FOODS_3,FOODS,CA_1,d_1657,37,2015-08-12,11528,Wednesday,8,2015,60.0,54.0,35.0,39.0,67.14285714285714,67.16666666666667
FOODS_3_090_CA_1_evaluation,FOODS_3_090,FOODS_3,FOODS,CA_1,d_1658,29,2015-08-13,11528,Thursday,8,2015,37.0,42.0,55.0,62.0,64.71428571428571,66.9
FOODS_3_090_CA_1_evaluation,FOODS_3_090,FOODS_3,FOODS,CA_1,d_1659,45,2015-08-14,11528,Friday,8,2015,29.0,79.0,77.0,91.0,62.857142857142854,66.3
FOODS_3_090_CA_1_evaluation,FOODS_3_090,FOODS_3,FOODS,CA_1,d_1660,49,2015-08-15,11529,Saturday,8,2015,45.0,117.0,82.0,109.0,58.0,66.5
FOODS_3_090_CA_1_evaluation,FOODS_3_090,FOODS_3,FOODS,CA_1,d_1661,61,2015-08-16,11529,Sunday,8,2015,49.0,62.0,78.0,71.0,48.285714285714285,66.06666666666666
FOODS_3_090_CA_1_evaluation,FOODS_3_090,FOODS_3,FOODS,CA_1,d_1662,38,2015-08-17,11529,Monday,8,2015,61.0,56.0,59.0,138.0,48.142857142857146,65.06666666666666
FOODS_3_090_CA_1_evaluation,FOODS_3_090,FOODS_3,FOODS,CA_1,d_1663,42,2015-08-18,11529,Tuesday,8,2015,38.0,60.0,39.0,41.0,45.57142857142857,62.7
FOODS_3_090_CA_1_evaluation,FOODS_3_090,FOODS_3,FOODS,CA_1,d_1664,34,2015-08-19,11529,Wednesday,8,2015,42.0,37.0,54.0,58.0,43.0,61.733333333333334
FOODS_3_090_CA_1_evaluation,FOODS_3_090,FOODS_3,FOODS,CA_1,d_1665,51,2015-08-20,11529,Thursday,8,2015,34.0,29.0,42.0,54.0,42.57142857142857,58.266666666666666
FOODS_3_090_CA_1_evaluation,FOODS_3_090,FOODS_3,FOODS,CA_1,d_1666,110,2015-08-21,11529,Friday,8,2015,51.0,45.0,79.0,62.0,45.714285714285715,58.6
FOODS_3_090_CA_1_evaluation,FOODS_3_090,FOODS_3,FOODS,CA_1,d_1667,54,2015-08-22,11530,Saturday,8,2015,110.0,49.0,117.0,75.0,55.0,60.333333333333336
FOODS_3_090_CA_1_evaluation,FOODS_3_090,FOODS_3,FOODS,CA_1,d_1668,83,2015-08-23,11530,Sunday,8,2015,54.0,61.0,62.0,101.0,55.714285714285715,60.333333333333336
FOODS_3_090_CA_1_evaluation,FOODS_3_090,FOODS_3,FOODS,CA_1,d_1669,58,2015-08-24,11530,Monday,8,2015,83.0,38.0,56.0,68.0,58.857142857142854,61.03333333333333
FOODS_3_090_CA_1_evaluation,FOODS_3_090,FOODS_3,FOODS,CA_1,d_1670,41,2015-08-25,11530,Tuesday,8,2015,58.0,42.0,60.0,59.0,61.714285714285715,60.46666666666667
FOODS_3_090_CA_1_evaluation,FOODS_3_090,FOODS_3,FOODS,CA_1,d_1671,56,2015-08-26,11530,Wednesday,8,2015,41.0,34.0,37.0,35.0,61.57142857142857,58.46666666666667
FOODS_3_090_CA_1_evaluation,FOODS_3_090,FOODS_3,FOODS,CA_1,d_1672,36,2015-08-27,11530,Thursday,8,2015,56.0,51.0,29.0,55.0,64.71428571428571,58.06666666666667
FOODS_3_090_CA_1_evaluation,FOODS_3_090,FOODS_3,FOODS,CA_1,d_1673,58,2015-08-28,11530,Friday,8,2015,36.0,110.0,45.0,77.0,62.57142857142857,57.3
FOODS_3_090_CA_1_evaluation,FOODS_3_090,FOODS_3,FOODS,CA_1,d_1674,84,2015-08-29,11531,Saturday,8,2015,58.0,54.0,49.0,82.0,55.142857142857146,58.06666666666667
FOODS_3_090_CA_1_evaluation,FOODS_3_090,FOODS_3,FOODS,CA_1,d_1675,62,2015-08-30,11531,Sunday,8,2015,84.0,83.0,61.0,78.0,59.42857142857143,59.03333333333333
FOODS_3_090_CA_1_evaluation,FOODS_3_090,FOODS_3,FOODS,CA_1,d_1676,63,2015-08-31,11531,Monday,8,2015,62.0,58.0,38.0,59.0,56.42857142857143,58.53333333333333
FOODS_3_090_CA_1_evaluation,FOODS_3_090,FOODS_3,FOODS,CA_1,d_1677,34,2015-09-01,11531,Tuesday,9,2015,63.0,41.0,42.0,39.0,57.142857142857146,57.9
FOODS_3_090_CA_1_evaluation,FOODS_3_090,FOODS_3,FOODS,CA_1,d_1678,54,2015-09-02,11531,Wednesday,9,2015,34.0,56.0,34.0,54.0,56.142857142857146,56.43333333333333
FOODS_3_090_CA_1_evaluation,FOODS_3_090,FOODS_3,FOODS,CA_1,d_1679,58,2015-09-03,11531,Thursday,9,2015,54.0,36.0,51.0,42.0,55.857142857142854,56.266666666666666
FOODS_3_090_CA_1_evaluation,FOODS_3_090,FOODS_3,FOODS,CA_1,d_1680,94,2015-09-04,11531,Friday,9,2015,58.0,58.0,110.0,79.0,59.0,56.9
FOODS_3_090_CA_1_evaluation,FOODS_3_090,FOODS_3,FOODS,CA_1,d_1681,89,2015-09-05,11532,Saturday,9,2015,94.0,84.0,54.0,117.0,64.14285714285714,58.233333333333334
FOODS_3_090_CA_1_evaluation,FOODS_3_090,FOODS_3,FOODS,CA_1,d_1682,83,2015-09-06,11532,Sunday,9,2015,89.0,62.0,83.0,62.0,64.85714285714286,59.8
FOODS_3_090_CA_1_evaluation,FOODS_3_090,FOODS_3,FOODS,CA_1,d_1683,71,2015-09-07,11532,Monday,9,2015,83.0,63.0,58.0,56.0,67.85714285714286,59.93333333333333
FOODS_3_090_CA_1_evaluation,FOODS_3_090,FOODS_3,FOODS,CA_1,d_1684,57,2015-09-08,11532,Tuesday,9,2015,71.0,34.0,41.0,60.0,69.0,58.4
FOODS_3_090_CA_1_evaluation,FOODS_3_090,FOODS_3,FOODS,CA_1,d_1685,38,2015-09-09,11532,Wednesday,9,2015,57.0,54.0,56.0,37.0,72.28571428571429,58.233333333333334
FOODS_3_090_CA_1_evaluation,FOODS_3_090,FOODS_3,FOODS,CA_1,d_1686,58,2015-09-10,11532,Thursday,9,2015,38.0,58.0,36.0,29.0,70.0,57.63333333333333
FOODS_3_090_CA_1_evaluation,FOODS_3_090,FOODS_3,FOODS,CA_1,d_1687,61,2015-09-11,11532,Friday,9,2015,58.0,94.0,58.0,45.0,70.0,57.56666666666667
FOODS_3_090_CA_1_evaluation,FOODS_3_090,FOODS_3,FOODS,CA_1,d_1688,93,2015-09-12,11533,Saturday,9,2015,61.0,89.0,84.0,49.0,65.28571428571429,58.36666666666667
FOODS_3_090_CA_1_evaluation,FOODS_3_090,FOODS_3,FOODS,CA_1,d_1689,69,2015-09-13,11533,Sunday,9,2015,93.0,83.0,62.0,61.0,65.85714285714286,60.5
FOODS_3_090_CA_1_evaluation,FOODS_3_090,FOODS_3,FOODS,CA_1,d_1690,43,2015-09-14,11533,Monday,9,2015,69.0,71.0,63.0,38.0,63.857142857142854,61.3
FOODS_3_090_CA_1_evaluation,FOODS_3_090,FOODS_3,FOODS,CA_1,d_1691,68,2015-09-15,11533,Tuesday,9,2015,43.0,57.0,34.0,42.0,59.857142857142854,61.1
FOODS_3_090_CA_1_evaluation,FOODS_3_090,FOODS_3,FOODS,CA_1,d_1692,48,2015-09-16,11533,Wednesday,9,2015,68.0,38.0,54.0,34.0,61.42857142857143,61.333333333333336
FOODS_3_090_CA_1_evaluation,FOODS_3_090,FOODS_3,FOODS,CA_1,d_1693,49,2015-09-17,11533,Thursday,9,2015,48.0,58.0,58.0,51.0,62.857142857142854,61.666666666666664
FOODS_3_090_CA_1_evaluation,FOODS_3_090,FOODS_3,FOODS,CA_1,d_1694,74,2015-09-18,11533,Friday,9,2015,49.0,61.0,94.0,110.0,61.57142857142857,61.9
FOODS_3_090_CA_1_evaluation,FOODS_3_090,FOODS_3,FOODS,CA_1,d_1695,74,2015-09-19,11534,Saturday,9,2015,74.0,93.0,89.0,54.0,63.42857142857143,63.233333333333334
FOODS_3_090_CA_1_evaluation,FOODS_3_090,FOODS_3,FOODS,CA_1,d_1696,96,2015-09-20,11534,Sunday,9,2015,74.0,69.0,83.0,83.0,60.714285714285715,64.0
FOODS_3_090_CA_1_evaluation,FOODS_3_090,FOODS_3,FOODS,CA_1,d_1697,53,2015-09-21,11534,Monday,9,2015,96.0,43.0,71.0,58.0,64.57142857142857,63.53333333333333
FOODS_3_090_CA_1_evaluation,FOODS_3_090,FOODS_3,FOODS,CA_1,d_1698,29,2015-09-22,11534,Tuesday,9,2015,53.0,68.0,57.0,41.0,66.0,63.5
FOODS_3_090_CA_1_evaluation,FOODS_3_090,FOODS_3,FOODS,CA_1,d_1699,59,2015-09-23,11534,Wednesday,9,2015,29.0,48.0,38.0,56.0,60.42857142857143,61.7
FOODS_3_090_CA_1_evaluation,FOODS_3_090,FOODS_3,FOODS,CA_1,d_1700,7,2015-09-24,11534,Thursday,9,2015,59.0,49.0,58.0,36.0,62.0,61.733333333333334
FOODS_3_090_CA_1_evaluation,FOODS_3_090,FOODS_3,FOODS,CA_1,d_1701,57,2015-09-25,11534,Friday,9,2015,7.0,74.0,61.0,58.0,56.0,60.6
FOODS_3_090_CA_1_evaluation,FOODS_3_090,FOODS_3,FOODS,CA_1,d_1702,51,2015-09-26,11535,Saturday,9,2015,57.0,74.0,93.0,84.0,53.57142857142857,60.63333333333333
FOODS_3_090_CA_1_evaluation,FOODS_3_090,FOODS_3,FOODS,CA_1,d_1703,74,2015-09-27,11535,Sunday,9,2015,51.0,96.0,69.0,62.0,50.285714285714285,61.13333333333333
FOODS_3_090_CA_1_evaluation,FOODS_3_090,FOODS_3,FOODS,CA_1,d_1704,55,2015-09-28,11535,Monday,9,2015,74.0,53.0,43.0,63.0,47.142857142857146,61.666666666666664
FOODS_3_090_CA_1_evaluation,FOODS_3_090,FOODS_3,FOODS,CA_1,d_1705,33,2015-09-29,11535,Tuesday,9,2015,55.0,29.0,68.0,34.0,47.42857142857143,60.7
FOODS_3_090_CA_1_evaluation,FOODS_3_090,FOODS_3,FOODS,CA_1,d_1706,44,2015-09-30,11535,Wednesday,9,2015,33.0,59.0,48.0,54.0,48.0,59.733333333333334
FOODS_3_090_CA_1_evaluation,FOODS_3_090,FOODS_3,FOODS,CA_1,d_1707,48,2015-10-01,11535,Thursday,10,2015,44.0,7.0,49.0,58.0,45.857142857142854,59.1
FOODS_3_090_CA_1_evaluation,FOODS_3_090,FOODS_3,FOODS,CA_1,d_1708,61,2015-10-02,11535,Friday,10,2015,48.0,57.0,74.0,94.0,51.714285714285715,59.56666666666667
FOODS_3_090_CA_1_evaluation,FOODS_3_090,FOODS_3,FOODS,CA_1,d_1709,100,2015-10-03,11536,Saturday,10,2015,61.0,51.0,74.0,89.0,52.285714285714285,59.8
FOODS_3_090_CA_1_evaluation,FOODS_3_090,FOODS_3,FOODS,CA_1,d_1710,65,2015-10-04,11536,Sunday,10,2015,100.0,74.0,96.0,83.0,59.285714285714285,61.2
FOODS_3_090_CA_1_evaluation,FOODS_3_090,FOODS_3,FOODS,CA_1,d_1711,37,2015-10-05,11536,Monday,10,2015,65.0,55.0,53.0,71.0,58.0,60.233333333333334
FOODS_3_090_CA_1_evaluation,FOODS_3_090,FOODS_3,FOODS,CA_1,d_1712,70,2015-10-06,11536,Tuesday,10,2015,37.0,33.0,29.0,57.0,55.42857142857143,58.5
FOODS_3_090_CA_1_evaluation,FOODS_3_090,FOODS_3,FOODS,CA_1,d_1713,45,2015-10-07,11536,Wednesday,10,2015,70.0,44.0,59.0,38.0,60.714285714285715,58.06666666666667
FOODS_3_090_CA_1_evaluation,FOODS_3_090,FOODS_3,FOODS,CA_1,d_1714,68,2015-10-08,11536,Thursday,10,2015,45.0,48.0,7.0,58.0,60.857142857142854,57.2
FOODS_3_090_CA_1_evaluation,FOODS_3_090,FOODS_3,FOODS,CA_1,d_1715,65,2015-10-09,11536,Friday,10,2015,68.0,61.0,57.0,61.0,63.714285714285715,57.56666666666667
FOODS_3_090_CA_1_evaluation,FOODS_3_090,FOODS_3,FOODS,CA_1,d_1716,60,2015-10-10,11537,Saturday,10,2015,65.0,100.0,51.0,93.0,64.28571428571429,58.46666666666667
FOODS_3_090_CA_1_evaluation,FOODS_3_090,FOODS_3,FOODS,CA_1,d_1717,107,2015-10-11,11537,Sunday,10,2015,60.0,65.0,74.0,69.0,58.57142857142857,58.53333333333333
FOODS_3_090_CA_1_evaluation,FOODS_3_090,FOODS_3,FOODS,CA_1,d_1718,76,2015-10-12,11537,Monday,10,2015,107.0,37.0,55.0,43.0,64.57142857142857,60.06666666666667
FOODS_3_090_CA_1_evaluation,FOODS_3_090,FOODS_3,FOODS,CA_1,d_1719,39,2015-10-13,11537,Tuesday,10,2015,76.0,70.0,33.0,68.0,70.14285714285714,59.5
FOODS_3_090_CA_1_evaluation,FOODS_3_090,FOODS_3,FOODS,CA_1,d_1720,35,2015-10-14,11537,Wednesday,10,2015,39.0,45.0,44.0,48.0,65.71428571428571,58.5
FOODS_3_090_CA_1_evaluation,FOODS_3_090,FOODS_3,FOODS,CA_1,d_1721,25,2015-10-15,11537,Thursday,10,2015,35.0,68.0,48.0,49.0,64.28571428571429,58.233333333333334
FOODS_3_090_CA_1_evaluation,FOODS_3_090,FOODS_3,FOODS,CA_1,d_1722,0,2015-10-16,11537,Friday,10,2015,25.0,65.0,61.0,74.0,58.142857142857146,56.8
FOODS_3_090_CA_1_evaluation,FOODS_3_090,FOODS_3,FOODS,CA_1,d_1723,69,2015-10-17,11538,Saturday,10,2015,0.0,60.0,100.0,74.0,48.857142857142854,55.2
FOODS_3_090_CA_1_evaluation,FOODS_3_090,FOODS_3,FOODS,CA_1,d_1724,101,2015-10-18,11538,Sunday,10,2015,69.0,107.0,65.0,96.0,50.142857142857146,55.86666666666667
FOODS_3_090_CA_1_evaluation,FOODS_3_090,FOODS_3,FOODS,CA_1,d_1725,39,2015-10-19,11538,Monday,10,2015,101.0,76.0,37.0,53.0,49.285714285714285,56.766666666666666
FOODS_3_090_CA_1_evaluation,FOODS_3_090,FOODS_3,FOODS,CA_1,d_1726,55,2015-10-20,11538,Tuesday,10,2015,39.0,39.0,70.0,29.0,44.0,55.6
FOODS_3_090_CA_1_evaluation,FOODS_3_090,FOODS_3,FOODS,CA_1,d_1727,40,2015-10-21,11538,Wednesday,10,2015,55.0,35.0,45.0,59.0,46.285714285714285,54.233333333333334
FOODS_3_090_CA_1_evaluation,FOODS_3_090,FOODS_3,FOODS,CA_1,d_1728,64,2015-10-22,11538,Thursday,10,2015,40.0,25.0,68.0,7.0,47.0,53.8
FOODS_3_090_CA_1_evaluation,FOODS_3_090,FOODS_3,FOODS,CA_1,d_1729,69,2015-10-23,11538,Friday,10,2015,64.0,0.0,65.0,57.0,52.57142857142857,54.96666666666667
FOODS_3_090_CA_1_evaluation,FOODS_3_090,FOODS_3,FOODS,CA_1,d_1730,121,2015-10-24,11539,Saturday,10,2015,69.0,69.0,60.0,51.0,62.42857142857143,55.3
FOODS_3_090_CA_1_evaluation,FOODS_3_090,FOODS_3,FOODS,CA_1,d_1731,72,2015-10-25,11539,Sunday,10,2015,121.0,101.0,107.0,74.0,69.85714285714286,59.1
FOODS_3_090_CA_1_evaluation,FOODS_3_090,FOODS_3,FOODS,CA_1,d_1732,40,2015-10-26,11539,Monday,10,2015,72.0,39.0,76.0,55.0,65.71428571428571,59.6
FOODS_3_090_CA_1_evaluation,FOODS_3_090,FOODS_3,FOODS,CA_1,d_1733,43,2015-10-27,11539,Tuesday,10,2015,40.0,55.0,39.0,33.0,65.85714285714286,59.233333333333334
FOODS_3_090_CA_1_evaluation,FOODS_3_090,FOODS_3,FOODS,CA_1,d_1734,40,2015-10-28,11539,Wednesday,10,2015,43.0,40.0,35.0,44.0,64.14285714285714,58.2
FOODS_3_090_CA_1_evaluation,FOODS_3_090,FOODS_3,FOODS,CA_1,d_1735,58,2015-10-29,11539,Thursday,10,2015,40.0,64.0,25.0,48.0,64.14285714285714,57.7
FOODS_3_090_CA_1_evaluation,FOODS_3_090,FOODS_3,FOODS,CA_1,d_1736,77,2015-10-30,11539,Friday,10,2015,58.0,69.0,0.0,61.0,63.285714285714285,58.53333333333333
FOODS_3_090_CA_1_evaluation,FOODS_3_090,FOODS_3,FOODS,CA_1,d_1737,101,2015-10-31,11540,Saturday,10,2015,77.0,121.0,69.0,100.0,64.42857142857143,59.63333333333333
FOODS_3_090_CA_1_evaluation,FOODS_3_090,FOODS_3,FOODS,CA_1,d_1738,58,2015-11-01,11540,Sunday,11,2015,101.0,72.0,101.0,65.0,61.57142857142857,61.4
FOODS_3_090_CA_1_evaluation,FOODS_3_090,FOODS_3,FOODS,CA_1,d_1739,58,2015-11-02,11540,Monday,11,2015,58.0,40.0,39.0,37.0,59.57142857142857,61.3
FOODS_3_090_CA_1_evaluation,FOODS_3_090,FOODS_3,FOODS,CA_1,d_1740,34,2015-11-03,11540,Tuesday,11,2015,58.0,43.0,55.0,70.0,62.142857142857146,59.9
FOODS_3_090_CA_1_evaluation,FOODS_3_090,FOODS_3,FOODS,CA_1,d_1741,47,2015-11-04,11540,Wednesday,11,2015,34.0,40.0,40.0,45.0,60.857142857142854,58.86666666666667
FOODS_3_090_CA_1_evaluation,FOODS_3_090,FOODS_3,FOODS,CA_1,d_1742,44,2015-11-05,11540,Thursday,11,2015,47.0,58.0,64.0,68.0,61.857142857142854,59.2
FOODS_3_090_CA_1_evaluation,FOODS_3_090,FOODS_3,FOODS,CA_1,d_1743,95,2015-11-06,11540,Friday,11,2015,44.0,77.0,69.0,65.0,59.857142857142854,58.333333333333336
FOODS_3_090_CA_1_evaluation,FOODS_3_090,FOODS_3,FOODS,CA_1,d_1744,101,2015-11-07,11541,Saturday,11,2015,95.0,101.0,121.0,60.0,62.42857142857143,60.0
FOODS_3_090_CA_1_evaluation,FOODS_3_090,FOODS_3,FOODS,CA_1,d_1745,49,2015-11-08,11541,Sunday,11,2015,101.0,58.0,72.0,107.0,62.42857142857143,61.1
FOODS_3_090_CA_1_evaluation,FOODS_3_090,FOODS_3,FOODS,CA_1,d_1746,35,2015-11-09,11541,Monday,11,2015,49.0,58.0,40.0,76.0,61.142857142857146,60.56666666666667
FOODS_3_090_CA_1_evaluation,FOODS_3_090,FOODS_3,FOODS,CA_1,d_1747,50,2015-11-10,11541,Tuesday,11,2015,35.0,34.0,43.0,39.0,57.857142857142854,59.733333333333334
FOODS_3_090_CA_1_evaluation,FOODS_3_090,FOODS_3,FOODS,CA_1,d_1748,66,2015-11-11,11541,Wednesday,11,2015,50.0,47.0,40.0,35.0,60.142857142857146,57.833333333333336
FOODS_3_090_CA_1_evaluation,FOODS_3_090,FOODS_3,FOODS,CA_1,d_1749,37,2015-11-12,11541,Thursday,11,2015,66.0,44.0,58.0,25.0,62.857142857142854,57.5
FOODS_3_090_CA_1_evaluation,FOODS_3_090,FOODS_3,FOODS,CA_1,d_1750,64,2015-11-13,11541,Friday,11,2015,37.0,95.0,77.0,0.0,61.857142857142854,57.43333333333333
FOODS_3_090_CA_1_evaluation,FOODS_3_090,FOODS_3,FOODS,CA_1,d_1751,67,2015-11-14,11542,Saturday,11,2015,64.0,101.0,101.0,69.0,57.42857142857143,58.4
FOODS_3_090_CA_1_evaluation,FOODS_3_090,FOODS_3,FOODS,CA_1,d_1752,54,2015-11-15,11542,Sunday,11,2015,67.0,49.0,58.0,101.0,52.57142857142857,59.8
FOODS_3_090_CA_1_evaluation,FOODS_3_090,FOODS_3,FOODS,CA_1,d_1753,45,2015-11-16,11542,Monday,11,2015,54.0,35.0,58.0,39.0,53.285714285714285,61.6
FOODS_3_090_CA_1_evaluation,FOODS_3_090,FOODS_3,FOODS,CA_1,d_1754,36,2015-11-17,11542,Tuesday,11,2015,45.0,50.0,34.0,55.0,54.714285714285715,60.8
FOODS_3_090_CA_1_evaluation,FOODS_3_090,FOODS_3,FOODS,CA_1,d_1755,30,2015-11-18,11542,Wednesday,11,2015,36.0,66.0,47.0,40.0,52.714285714285715,58.63333333333333
FOODS_3_090_CA_1_evaluation,FOODS_3_090,FOODS_3,FOODS,CA_1,d_1756,28,2015-11-19,11542,Thursday,11,2015,30.0,37.0,44.0,64.0,47.57142857142857,58.333333333333336
FOODS_3_090_CA_1_evaluation,FOODS_3_090,FOODS_3,FOODS,CA_1,d_1757,48,2015-11-20,11542,Friday,11,2015,28.0,64.0,95.0,69.0,46.285714285714285,57.43333333333333
FOODS_3_090_CA_1_evaluation,FOODS_3_090,FOODS_3,FOODS,CA_1,d_1758,77,2015-11-21,11543,Saturday,11,2015,48.0,67.0,101.0,121.0,44.0,57.7
FOODS_3_090_CA_1_evaluation,FOODS_3_090,FOODS_3,FOODS,CA_1,d_1759,85,2015-11-22,11543,Sunday,11,2015,77.0,54.0,49.0,72.0,45.42857142857143,58.13333333333333
FOODS_3_090_CA_1_evaluation,FOODS_3_090,FOODS_3,FOODS,CA_1,d_1760,89,2015-11-23,11543,Monday,11,2015,85.0,45.0,35.0,40.0,49.857142857142854,58.666666666666664
FOODS_3_090_CA_1_evaluation,FOODS_3_090,FOODS_3,FOODS,CA_1,d_1761,107,2015-11-24,11543,Tuesday,11,2015,89.0,36.0,50.0,43.0,56.142857142857146,57.6
FOODS_3_090_CA_1_evaluation,FOODS_3_090,FOODS_3,FOODS,CA_1,d_1762,260,2015-11-25,11543,Wednesday,11,2015,107.0,30.0,66.0,40.0,66.28571428571429,58.766666666666666
FOODS_3_090_CA_1_evaluation,FOODS_3_090,FOODS_3,FOODS,CA_1,d_1763,166,2015-11-26,11543,Thursday,11,2015,260.0,28.0,37.0,58.0,99.14285714285714,66.1
FOODS_3_090_CA_1_evaluation,FOODS_3_090,FOODS_3,FOODS,CA_1,d_1764,49,2015-11-27,11543,Friday,11,2015,166.0,48.0,64.0,77.0,118.85714285714286,70.2
FOODS_3_090_CA_1_evaluation,FOODS_3_090,FOODS_3,FOODS,CA_1,d_1765,38,2015-11-28,11544,Saturday,11,2015,49.0,77.0,67.0,101.0,119.0,70.5
FOODS_3_090_CA_1_evaluation,FOODS_3_090,FOODS_3,FOODS,CA_1,d_1766,35,2015-11-29,11544,Sunday,11,2015,38.0,85.0,54.0,58.0,113.42857142857143,69.83333333333333
FOODS_3_090_CA_1_evaluation,FOODS_3_090,FOODS_3,FOODS,CA_1,d_1767,37,2015-11-30,11544,Monday,11,2015,35.0,89.0,45.0,58.0,106.28571428571429,68.43333333333334
FOODS_3_090_CA_1_evaluation,FOODS_3_090,FOODS_3,FOODS,CA_1,d_1768,36,2015-12-01,11544,Tuesday,12,2015,37.0,107.0,36.0,34.0,98.85714285714286,66.3
FOODS_3_090_CA_1_evaluation,FOODS_3_090,FOODS_3,FOODS,CA_1,d_1769,47,2015-12-02,11544,Wednesday,12,2015,36.0,260.0,30.0,47.0,88.71428571428571,65.56666666666666
FOODS_3_090_CA_1_evaluation,FOODS_3_090,FOODS_3,FOODS,CA_1,d_1770,1,2015-12-03,11544,Thursday,12,2015,47.0,166.0,28.0,44.0,58.285714285714285,65.2
FOODS_3_090_CA_1_evaluation,FOODS_3_090,FOODS_3,FOODS,CA_1,d_1771,0,2015-12-04,11544,Friday,12,2015,1.0,49.0,48.0,95.0,34.714285714285715,64.1
FOODS_3_090_CA_1_evaluation,FOODS_3_090,FOODS_3,FOODS,CA_1,d_1772,0,2015-12-05,11545,Saturday,12,2015,0.0,38.0,77.0,101.0,27.714285714285715,62.53333333333333
FOODS_3_090_CA_1_evaluation,FOODS_3_090,FOODS_3,FOODS,CA_1,d_1773,0,2015-12-06,11545,Sunday,12,2015,0.0,35.0,85.0,49.0,22.285714285714285,61.06666666666667
FOODS_3_090_CA_1_evaluation,FOODS_3_090,FOODS_3,FOODS,CA_1,d_1774,0,2015-12-07,11545,Monday,12,2015,0.0,37.0,89.0,35.0,17.285714285714285,57.9
FOODS_3_090_CA_1_evaluation,FOODS_3_090,FOODS_3,FOODS,CA_1,d_1775,0,2015-12-08,11545,Tuesday,12,2015,0.0,36.0,107.0,50.0,12.0,54.53333333333333
FOODS_3_090_CA_1_evaluation,FOODS_3_090,FOODS_3,FOODS,CA_1,d_1776,0,2015-12-09,11545,Wednesday,12,2015,0.0,47.0,260.0,66.0,6.857142857142857,52.9
FOODS_3_090_CA_1_evaluation,FOODS_3_090,FOODS_3,FOODS,CA_1,d_1777,0,2015-12-10,11545,Thursday,12,2015,0.0,1.0,166.0,37.0,0.14285714285714285,51.733333333333334
FOODS_3_090_CA_1_evaluation,FOODS_3_090,FOODS_3,FOODS,CA_1,d_1778,0,2015-12-11,11545,Friday,12,2015,0.0,0.0,49.0,64.0,0.0,50.06666666666667
FOODS_3_090_CA_1_evaluation,FOODS_3_090,FOODS_3,FOODS,CA_1,d_1779,0,2015-12-12,11546,Saturday,12,2015,0.0,0.0,38.0,67.0,0.0,47.86666666666667
FOODS_3_090_CA_1_evaluation,FOODS_3_090,FOODS_3,FOODS,CA_1,d_1780,0,2015-12-13,11546,Sunday,12,2015,0.0,0.0,35.0,54.0,0.0,46.63333333333333
FOODS_3_090_CA_1_evaluation,FOODS_3_090,FOODS_3,FOODS,CA_1,d_1781,0,2015-12-14,11546,Monday,12,2015,0.0,0.0,37.0,45.0,0.0,44.5
FOODS_3_090_CA_1_evaluation,FOODS_3_090,FOODS_3,FOODS,CA_1,d_1782,0,2015-12-15,11546,Tuesday,12,2015,0.0,0.0,36.0,36.0,0.0,42.266666666666666
FOODS_3_090_CA_1_evaluation,FOODS_3_090,FOODS_3,FOODS,CA_1,d_1783,0,2015-12-16,11546,Wednesday,12,2015,0.0,0.0,47.0,30.0,0.0,40.46666666666667
FOODS_3_090_CA_1_evaluation,FOODS_3_090,FOODS_3,FOODS,CA_1,d_1784,0,2015-12-17,11546,Thursday,12,2015,0.0,0.0,1.0,28.0,0.0,38.96666666666667
FOODS_3_090_CA_1_evaluation,FOODS_3_090,FOODS_3,FOODS,CA_1,d_1785,0,2015-12-18,11546,Friday,12,2015,0.0,0.0,0.0,48.0,0.0,37.766666666666666
FOODS_3_090_CA_1_evaluation,FOODS_3_090,FOODS_3,FOODS,CA_1,d_1786,0,2015-12-19,11547,Saturday,12,2015,0.0,0.0,0.0,77.0,0.0,36.766666666666666
FOODS_3_090_CA_1_evaluation,FOODS_3_090,FOODS_3,FOODS,CA_1,d_1787,0,2015-12-20,11547,Sunday,12,2015,0.0,0.0,0.0,85.0,0.0,35.833333333333336
FOODS_3_090_CA_1_evaluation,FOODS_3_090,FOODS_3,FOODS,CA_1,d_1788,0,2015-12-21,11547,Monday,12,2015,0.0,0.0,0.0,89.0,0.0,34.233333333333334
FOODS_3_090_CA_1_evaluation,FOODS_3_090,FOODS_3,FOODS,CA_1,d_1789,0,2015-12-22,11547,Tuesday,12,2015,0.0,0.0,0.0,107.0,0.0,31.666666666666668
FOODS_3_090_CA_1_evaluation,FOODS_3_090,FOODS_3,FOODS,CA_1,d_1790,0,2015-12-23,11547,Wednesday,12,2015,0.0,0.0,0.0,260.0,0.0,28.833333333333332
FOODS_3_090_CA_1_evaluation,FOODS_3_090,FOODS_3,FOODS,CA_1,d_1791,0,2015-12-24,11547,Thursday,12,2015,0.0,0.0,0.0,166.0,0.0,25.866666666666667
FOODS_3_090_CA_1_evaluation,FOODS_3_090,FOODS_3,FOODS,CA_1,d_1792,0,2015-12-25,11547,Friday,12,2015,0.0,0.0,0.0,49.0,0.0,22.3
FOODS_3_090_CA_1_evaluation,FOODS_3_090,FOODS_3,FOODS,CA_1,d_1793,0,2015-12-26,11548,Saturday,12,2015,0.0,0.0,0.0,38.0,0.0,13.633333333333333
FOODS_3_090_CA_1_evaluation,FOODS_3_090,FOODS_3,FOODS,CA_1,d_1794,0,2015-12-27,11548,Sunday,12,2015,0.0,0.0,0.0,35.0,0.0,8.1
FOODS_3_090_CA_1_evaluation,FOODS_3_090,FOODS_3,FOODS,CA_1,d_1795,0,2015-12-28,11548,Monday,12,2015,0.0,0.0,0.0,37.0,0.0,6.466666666666667
FOODS_3_090_CA_1_evaluation,FOODS_3_090,FOODS_3,FOODS,CA_1,d_1796,0,2015-12-29,11548,Tuesday,12,2015,0.0,0.0,0.0,36.0,0.0,5.2
FOODS_3_090_CA_1_evaluation,FOODS_3_090,FOODS_3,FOODS,CA_1,d_1797,0,2015-12-30,11548,Wednesday,12,2015,0.0,0.0,0.0,47.0,0.0,4.033333333333333
FOODS_3_090_CA_1_evaluation,FOODS_3_090,FOODS_3,FOODS,CA_1,d_1798,0,2015-12-31,11548,Thursday,12,2015,0.0,0.0,0.0,1.0,0.0,2.8
FOODS_3_090_CA_1_evaluation,FOODS_3_090,FOODS_3,FOODS,CA_1,d_1799,0,2016-01-01,11548,Friday,1,2016,0.0,0.0,0.0,0.0,0.0,1.6
FOODS_3_090_CA_1_evaluation,FOODS_3_090,FOODS_3,FOODS,CA_1,d_1800,0,2016-01-02,11549,Saturday,1,2016,0.0,0.0,0.0,0.0,0.0,0.03333333333333333
FOODS_3_090_CA_1_evaluation,FOODS_3_090,FOODS_3,FOODS,CA_1,d_1801,0,2016-01-03,11549,Sunday,1,2016,0.0,0.0,0.0,0.0,0.0,0.0
FOODS_3_090_CA_1_evaluation,FOODS_3_090,FOODS_3,FOODS,CA_1,d_1802,0,2016-01-04,11549,Monday,1,2016,0.0,0.0,0.0,0.0,0.0,0.0
FOODS_3_090_CA_1_evaluation,FOODS_3_090,FOODS_3,FOODS,CA_1,d_1803,0,2016-01-05,11549,Tuesday,1,2016,0.0,0.0,0.0,0.0,0.0,0.0
FOODS_3_090_CA_1_evaluation,FOODS_3_090,FOODS_3,FOODS,CA_1,d_1804,0,2016-01-06,11549,Wednesday,1,2016,0.0,0.0,0.0,0.0,0.0,0.0
FOODS_3_090_CA_1_evaluation,FOODS_3_090,FOODS_3,FOODS,CA_1,d_1805,36,2016-01-07,11549,Thursday,1,2016,0.0,0.0,0.0,0.0,0.0,0.0
FOODS_3_090_CA_1_evaluation,FOODS_3_090,FOODS_3,FOODS,CA_1,d_1806,81,2016-01-08,11549,Friday,1,2016,36.0,0.0,0.0,0.0,5.142857142857143,1.2
FOODS_3_090_CA_1_evaluation,FOODS_3_090,FOODS_3,FOODS,CA_1,d_1807,88,2016-01-09,11550,Saturday,1,2016,81.0,0.0,0.0,0.0,16.714285714285715,3.9
FOODS_3_090_CA_1_evaluation,FOODS_3_090,FOODS_3,FOODS,CA_1,d_1808,63,2016-01-10,11550,Sunday,1,2016,88.0,0.0,0.0,0.0,29.285714285714285,6.833333333333333
FOODS_3_090_CA_1_evaluation,FOODS_3_090,FOODS_3,FOODS,CA_1,d_1809,41,2016-01-11,11550,Monday,1,2016,63.0,0.0,0.0,0.0,38.285714285714285,8.933333333333334
FOODS_3_090_CA_1_evaluation,FOODS_3_090,FOODS_3,FOODS,CA_1,d_1810,46,2016-01-12,11550,Tuesday,1,2016,41.0,0.0,0.0,0.0,44.142857142857146,10.3
FOODS_3_090_CA_1_evaluation,FOODS_3_090,FOODS_3,FOODS,CA_1,d_1811,31,2016-01-13,11550,Wednesday,1,2016,46.0,0.0,0.0,0.0,50.714285714285715,11.833333333333334
FOODS_3_090_CA_1_evaluation,FOODS_3_090,FOODS_3,FOODS,CA_1,d_1812,17,2016-01-14,11550,Thursday,1,2016,31.0,36.0,0.0,0.0,55.142857142857146,12.866666666666667
FOODS_3_090_CA_1_evaluation,FOODS_3_090,FOODS_3,FOODS,CA_1,d_1813,85,2016-01-15,11550,Friday,1,2016,17.0,81.0,0.0,0.0,52.42857142857143,13.433333333333334
FOODS_3_090_CA_1_evaluation,FOODS_3_090,FOODS_3,FOODS,CA_1,d_1814,64,2016-01-16,11551,Saturday,1,2016,85.0,88.0,0.0,0.0,53.0,16.266666666666666
FOODS_3_090_CA_1_evaluation,FOODS_3_090,FOODS_3,FOODS,CA_1,d_1815,73,2016-01-17,11551,Sunday,1,2016,64.0,63.0,0.0,0.0,49.57142857142857,18.4
FOODS_3_090_CA_1_evaluation,FOODS_3_090,FOODS_3,FOODS,CA_1,d_1816,31,2016-01-18,11551,Monday,1,2016,73.0,41.0,0.0,0.0,51.0,20.833333333333332
FOODS_3_090_CA_1_evaluation,FOODS_3_090,FOODS_3,FOODS,CA_1,d_1817,42,2016-01-19,11551,Tuesday,1,2016,31.0,46.0,0.0,0.0,49.57142857142857,21.866666666666667
FOODS_3_090_CA_1_evaluation,FOODS_3_090,FOODS_3,FOODS,CA_1,d_1818,35,2016-01-20,11551,Wednesday,1,2016,42.0,31.0,0.0,0.0,49.0,23.266666666666666
FOODS_3_090_CA_1_evaluation,FOODS_3_090,FOODS_3,FOODS,CA_1,d_1819,49,2016-01-21,11551,Thursday,1,2016,35.0,17.0,36.0,0.0,49.57142857142857,24.433333333333334
FOODS_3_090_CA_1_evaluation,FOODS_3_090,FOODS_3,FOODS,CA_1,d_1820,51,2016-01-22,11551,Friday,1,2016,49.0,85.0,81.0,0.0,54.142857142857146,26.066666666666666
FOODS_3_090_CA_1_evaluation,FOODS_3_090,FOODS_3,FOODS,CA_1,d_1821,78,2016-01-23,11552,Saturday,1,2016,51.0,64.0,88.0,0.0,49.285714285714285,27.766666666666666
FOODS_3_090_CA_1_evaluation,FOODS_3_090,FOODS_3,FOODS,CA_1,d_1822,50,2016-01-24,11552,Sunday,1,2016,78.0,73.0,63.0,0.0,51.285714285714285,30.366666666666667
FOODS_3_090_CA_1_evaluation,FOODS_3_090,FOODS_3,FOODS,CA_1,d_1823,37,2016-01-25,11552,Monday,1,2016,50.0,31.0,41.0,0.0,48.0,32.03333333333333
FOODS_3_090_CA_1_evaluation,FOODS_3_090,FOODS_3,FOODS,CA_1,d_1824,37,2016-01-26,11552,Tuesday,1,2016,37.0,42.0,46.0,0.0,48.857142857142854,33.266666666666666
FOODS_3_090_CA_1_evaluation,FOODS_3_090,FOODS_3,FOODS,CA_1,d_1825,35,2016-01-27,11552,Wednesday,1,2016,37.0,35.0,31.0,0.0,48.142857142857146,34.5
FOODS_3_090_CA_1_evaluation,FOODS_3_090,FOODS_3,FOODS,CA_1,d_1826,38,2016-01-28,11552,Thursday,1,2016,35.0,49.0,17.0,0.0,48.142857142857146,35.666666666666664
FOODS_3_090_CA_1_evaluation,FOODS_3_090,FOODS_3,FOODS,CA_1,d_1827,39,2016-01-29,11552,Friday,1,2016,38.0,51.0,85.0,0.0,46.57142857142857,36.93333333333333
FOODS_3_090_CA_1_evaluation,FOODS_3_090,FOODS_3,FOODS,CA_1,d_1828,65,2016-01-30,11601,Saturday,1,2016,39.0,78.0,64.0,0.0,44.857142857142854,38.233333333333334
FOODS_3_090_CA_1_evaluation,FOODS_3_090,FOODS_3,FOODS,CA_1,d_1829,39,2016-01-31,11601,Sunday,1,2016,65.0,50.0,73.0,0.0,43.0,40.4
FOODS_3_090_CA_1_evaluation,FOODS_3_090,FOODS_3,FOODS,CA_1,d_1830,51,2016-02-01,11601,Monday,2,2016,39.0,37.0,31.0,0.0,41.42857142857143,41.7
FOODS_3_090_CA_1_evaluation,FOODS_3_090,FOODS_3,FOODS,CA_1,d_1831,31,2016-02-02,11601,Tuesday,2,2016,51.0,37.0,42.0,0.0,43.42857142857143,43.4
FOODS_3_090_CA_1_evaluation,FOODS_3_090,FOODS_3,FOODS,CA_1,d_1832,48,2016-02-03,11601,Wednesday,2,2016,31.0,35.0,35.0,0.0,42.57142857142857,44.43333333333333
FOODS_3_090_CA_1_evaluation,FOODS_3_090,FOODS_3,FOODS,CA_1,d_1833,50,2016-02-04,11601,Thursday,2,2016,48.0,38.0,49.0,36.0,44.42857142857143,46.03333333333333
FOODS_3_090_CA_1_evaluation,FOODS_3_090,FOODS_3,FOODS,CA_1,d_1834,48,2016-02-05,11601,Friday,2,2016,50.0,39.0,51.0,81.0,46.142857142857146,47.7
FOODS_3_090_CA_1_evaluation,FOODS_3_090,FOODS_3,FOODS,CA_1,d_1835,89,2016-02-06,11602,Saturday,2,2016,48.0,65.0,78.0,88.0,47.42857142857143,49.3
FOODS_3_090_CA_1_evaluation,FOODS_3_090,FOODS_3,FOODS,CA_1,d_1836,62,2016-02-07,11602,Sunday,2,2016,89.0,39.0,50.0,63.0,50.857142857142854,51.06666666666667
FOODS_3_090_CA_1_evaluation,FOODS_3_090,FOODS_3,FOODS,CA_1,d_1837,23,2016-02-08,11602,Monday,2,2016,62.0,51.0,37.0,41.0,54.142857142857146,50.43333333333333
FOODS_3_090_CA_1_evaluation,FOODS_3_090,FOODS_3,FOODS,CA_1,d_1838,42,2016-02-09,11602,Tuesday,2,2016,23.0,31.0,37.0,46.0,50.142857142857146,48.266666666666666
FOODS_3_090_CA_1_evaluation,FOODS_3_090,FOODS_3,FOODS,CA_1,d_1839,28,2016-02-10,11602,Wednesday,2,2016,42.0,48.0,35.0,31.0,51.714285714285715,47.56666666666667
FOODS_3_090_CA_1_evaluation,FOODS_3_090,FOODS_3,FOODS,CA_1,d_1840,40,2016-02-11,11602,Thursday,2,2016,28.0,50.0,38.0,17.0,48.857142857142854,47.13333333333333
FOODS_3_090_CA_1_evaluation,FOODS_3_090,FOODS_3,FOODS,CA_1,d_1841,37,2016-02-12,11602,Friday,2,2016,40.0,48.0,39.0,85.0,47.42857142857143,46.93333333333333
FOODS_3_090_CA_1_evaluation,FOODS_3_090,FOODS_3,FOODS,CA_1,d_1842,65,2016-02-13,11603,Saturday,2,2016,37.0,89.0,65.0,64.0,45.857142857142854,47.13333333333333
FOODS_3_090_CA_1_evaluation,FOODS_3_090,FOODS_3,FOODS,CA_1,d_1843,47,2016-02-14,11603,Sunday,2,2016,65.0,62.0,39.0,73.0,42.42857142857143,48.733333333333334
FOODS_3_090_CA_1_evaluation,FOODS_3_090,FOODS_3,FOODS,CA_1,d_1844,41,2016-02-15,11603,Monday,2,2016,47.0,23.0,51.0,31.0,40.285714285714285,47.46666666666667
FOODS_3_090_CA_1_evaluation,FOODS_3_090,FOODS_3,FOODS,CA_1,d_1845,37,2016-02-16,11603,Tuesday,2,2016,41.0,42.0,31.0,42.0,42.857142857142854,46.7
FOODS_3_090_CA_1_evaluation,FOODS_3_090,FOODS_3,FOODS,CA_1,d_1846,46,2016-02-17,11603,Wednesday,2,2016,37.0,28.0,48.0,35.0,42.142857142857146,45.5
FOODS_3_090_CA_1_evaluation,FOODS_3_090,FOODS_3,FOODS,CA_1,d_1847,32,2016-02-18,11603,Thursday,2,2016,46.0,40.0,50.0,49.0,44.714285714285715,46.0
FOODS_3_090_CA_1_evaluation,FOODS_3_090,FOODS_3,FOODS,CA_1,d_1848,54,2016-02-19,11603,Friday,2,2016,32.0,37.0,48.0,51.0,43.57142857142857,45.666666666666664
FOODS_3_090_CA_1_evaluation,FOODS_3_090,FOODS_3,FOODS,CA_1,d_1849,74,2016-02-20,11604,Saturday,2,2016,54.0,65.0,89.0,78.0,46.0,46.3
FOODS_3_090_CA_1_evaluation,FOODS_3_090,FOODS_3,FOODS,CA_1,d_1850,100,2016-02-21,11604,Sunday,2,2016,74.0,47.0,62.0,50.0,47.285714285714285,47.13333333333333
FOODS_3_090_CA_1_evaluation,FOODS_3_090,FOODS_3,FOODS,CA_1,d_1851,43,2016-02-22,11604,Monday,2,2016,100.0,41.0,23.0,37.0,54.857142857142854,48.766666666666666
FOODS_3_090_CA_1_evaluation,FOODS_3_090,FOODS_3,FOODS,CA_1,d_1852,38,2016-02-23,11604,Tuesday,2,2016,43.0,37.0,42.0,37.0,55.142857142857146,47.6
FOODS_3_090_CA_1_evaluation,FOODS_3_090,FOODS_3,FOODS,CA_1,d_1853,26,2016-02-24,11604,Wednesday,2,2016,38.0,46.0,28.0,35.0,55.285714285714285,47.2
FOODS_3_090_CA_1_evaluation,FOODS_3_090,FOODS_3,FOODS,CA_1,d_1854,30,2016-02-25,11604,Thursday,2,2016,26.0,32.0,40.0,38.0,52.42857142857143,46.833333333333336
FOODS_3_090_CA_1_evaluation,FOODS_3_090,FOODS_3,FOODS,CA_1,d_1855,69,2016-02-26,11604,Friday,2,2016,30.0,54.0,37.0,39.0,52.142857142857146,46.6
FOODS_3_090_CA_1_evaluation,FOODS_3_090,FOODS_3,FOODS,CA_1,d_1856,92,2016-02-27,11605,Saturday,2,2016,69.0,74.0,65.0,65.0,54.285714285714285,47.733333333333334
FOODS_3_090_CA_1_evaluation,FOODS_3_090,FOODS_3,FOODS,CA_1,d_1857,61,2016-02-28,11605,Sunday,2,2016,92.0,100.0,47.0,39.0,56.857142857142854,49.53333333333333
FOODS_3_090_CA_1_evaluation,FOODS_3_090,FOODS_3,FOODS,CA_1,d_1858,42,2016-02-29,11605,Monday,2,2016,61.0,43.0,41.0,51.0,51.285714285714285,50.266666666666666
FOODS_3_090_CA_1_evaluation,FOODS_3_090,FOODS_3,FOODS,CA_1,d_1859,41,2016-03-01,11605,Tuesday,3,2016,42.0,38.0,37.0,31.0,51.142857142857146,49.5
FOODS_3_090_CA_1_evaluation,FOODS_3_090,FOODS_3,FOODS,CA_1,d_1860,53,2016-03-02,11605,Wednesday,3,2016,41.0,26.0,46.0,48.0,51.57142857142857,49.56666666666667
FOODS_3_090_CA_1_evaluation,FOODS_3_090,FOODS_3,FOODS,CA_1,d_1861,46,2016-03-03,11605,Thursday,3,2016,53.0,30.0,32.0,50.0,55.42857142857143,49.63333333333333
FOODS_3_090_CA_1_evaluation,FOODS_3_090,FOODS_3,FOODS,CA_1,d_1862,67,2016-03-04,11605,Friday,3,2016,46.0,69.0,54.0,48.0,57.714285714285715,50.13333333333333
FOODS_3_090_CA_1_evaluation,FOODS_3_090,FOODS_3,FOODS,CA_1,d_1863,69,2016-03-05,11606,Saturday,3,2016,67.0,92.0,74.0,89.0,57.42857142857143,50.766666666666666
FOODS_3_090_CA_1_evaluation,FOODS_3_090,FOODS_3,FOODS,CA_1,d_1864,47,2016-03-06,11606,Sunday,3,2016,69.0,61.0,100.0,62.0,54.142857142857146,51.4
FOODS_3_090_CA_1_evaluation,FOODS_3_090,FOODS_3,FOODS,CA_1,d_1865,90,2016-03-07,11606,Monday,3,2016,47.0,42.0,43.0,23.0,52.142857142857146,51.36666666666667
FOODS_3_090_CA_1_evaluation,FOODS_3_090,FOODS_3,FOODS,CA_1,d_1866,28,2016-03-08,11606,Tuesday,3,2016,90.0,41.0,38.0,42.0,59.0,51.4
FOODS_3_090_CA_1_evaluation,FOODS_3_090,FOODS_3,FOODS,CA_1,d_1867,30,2016-03-09,11606,Wednesday,3,2016,28.0,53.0,26.0,28.0,57.142857142857146,50.266666666666666
FOODS_3_090_CA_1_evaluation,FOODS_3_090,FOODS_3,FOODS,CA_1,d_1868,40,2016-03-10,11606,Thursday,3,2016,30.0,46.0,30.0,40.0,53.857142857142854,50.5
FOODS_3_090_CA_1_evaluation,FOODS_3_090,FOODS_3,FOODS,CA_1,d_1869,63,2016-03-11,11606,Friday,3,2016,40.0,67.0,69.0,37.0,53.0,50.43333333333333
FOODS_3_090_CA_1_evaluation,FOODS_3_090,FOODS_3,FOODS,CA_1,d_1870,58,2016-03-12,11607,Saturday,3,2016,63.0,69.0,92.0,65.0,52.42857142857143,51.6
FOODS_3_090_CA_1_evaluation,FOODS_3_090,FOODS_3,FOODS,CA_1,d_1871,56,2016-03-13,11607,Sunday,3,2016,58.0,47.0,61.0,47.0,50.857142857142854,52.2
FOODS_3_090_CA_1_evaluation,FOODS_3_090,FOODS_3,FOODS,CA_1,d_1872,45,2016-03-14,11607,Monday,3,2016,56.0,90.0,42.0,41.0,52.142857142857146,52.833333333333336
FOODS_3_090_CA_1_evaluation,FOODS_3_090,FOODS_3,FOODS,CA_1,d_1873,30,2016-03-15,11607,Tuesday,3,2016,45.0,28.0,41.0,37.0,45.714285714285715,52.166666666666664
FOODS_3_090_CA_1_evaluation,FOODS_3_090,FOODS_3,FOODS,CA_1,d_1874,38,2016-03-16,11607,Wednesday,3,2016,30.0,30.0,53.0,46.0,46.0,51.6
FOODS_3_090_CA_1_evaluation,FOODS_3_090,FOODS_3,FOODS,CA_1,d_1875,42,2016-03-17,11607,Thursday,3,2016,38.0,40.0,46.0,32.0,47.142857142857146,51.5
FOODS_3_090_CA_1_evaluation,FOODS_3_090,FOODS_3,FOODS,CA_1,d_1876,43,2016-03-18,11607,Friday,3,2016,42.0,63.0,67.0,54.0,47.42857142857143,51.666666666666664
FOODS_3_090_CA_1_evaluation,FOODS_3_090,FOODS_3,FOODS,CA_1,d_1877,92,2016-03-19,11608,Saturday,3,2016,43.0,58.0,69.0,74.0,44.57142857142857,51.56666666666667
FOODS_3_090_CA_1_evaluation,FOODS_3_090,FOODS_3,FOODS,CA_1,d_1878,66,2016-03-20,11608,Sunday,3,2016,92.0,56.0,47.0,100.0,49.42857142857143,53.56666666666667
FOODS_3_090_CA_1_evaluation,FOODS_3_090,FOODS_3,FOODS,CA_1,d_1879,40,2016-03-21,11608,Monday,3,2016,66.0,45.0,90.0,43.0,50.857142857142854,53.96666666666667
FOODS_3_090_CA_1_evaluation,FOODS_3_090,FOODS_3,FOODS,CA_1,d_1880,36,2016-03-22,11608,Tuesday,3,2016,40.0,30.0,28.0,38.0,50.142857142857146,52.833333333333336
FOODS_3_090_CA_1_evaluation,FOODS_3_090,FOODS_3,FOODS,CA_1,d_1881,29,2016-03-23,11608,Wednesday,3,2016,36.0,38.0,30.0,26.0,51.0,50.7
FOODS_3_090_CA_1_evaluation,FOODS_3_090,FOODS_3,FOODS,CA_1,d_1882,48,2016-03-24,11608,Thursday,3,2016,29.0,42.0,40.0,30.0,49.714285714285715,50.233333333333334
FOODS_3_090_CA_1_evaluation,FOODS_3_090,FOODS_3,FOODS,CA_1,d_1883,60,2016-03-25,11608,Friday,3,2016,48.0,43.0,63.0,69.0,50.57142857142857,50.56666666666667
FOODS_3_090_CA_1_evaluation,FOODS_3_090,FOODS_3,FOODS,CA_1,d_1884,102,2016-03-26,11609,Saturday,3,2016,60.0,92.0,58.0,92.0,53.0,51.7
FOODS_3_090_CA_1_evaluation,FOODS_3_090,FOODS_3,FOODS,CA_1,d_1885,112,2016-03-27,11609,Sunday,3,2016,102.0,66.0,56.0,61.0,54.42857142857143,54.1
FOODS_3_090_CA_1_evaluation,FOODS_3_090,FOODS_3,FOODS,CA_1,d_1886,25,2016-03-28,11609,Monday,3,2016,112.0,40.0,45.0,42.0,61.0,55.53333333333333
FOODS_3_090_CA_1_evaluation,FOODS_3_090,FOODS_3,FOODS,CA_1,d_1887,47,2016-03-29,11609,Tuesday,3,2016,25.0,36.0,30.0,41.0,58.857142857142854,53.3
FOODS_3_090_CA_1_evaluation,FOODS_3_090,FOODS_3,FOODS,CA_1,d_1888,23,2016-03-30,11609,Wednesday,3,2016,47.0,29.0,38.0,53.0,60.42857142857143,52.833333333333336
FOODS_3_090_CA_1_evaluation,FOODS_3_090,FOODS_3,FOODS,CA_1,d_1889,21,2016-03-31,11609,Thursday,3,2016,23.0,48.0,42.0,46.0,59.57142857142857,52.2
FOODS_3_090_CA_1_evaluation,FOODS_3_090,FOODS_3,FOODS,CA_1,d_1890,72,2016-04-01,11609,Friday,4,2016,21.0,60.0,43.0,67.0,55.714285714285715,51.53333333333333
FOODS_3_090_CA_1_evaluation,FOODS_3_090,FOODS_3,FOODS,CA_1,d_1891,58,2016-04-02,11610,Saturday,4,2016,72.0,102.0,92.0,69.0,57.42857142857143,52.166666666666664
FOODS_3_090_CA_1_evaluation,FOODS_3_090,FOODS_3,FOODS,CA_1,d_1892,54,2016-04-03,11610,Sunday,4,2016,58.0,112.0,66.0,47.0,51.142857142857146,52.56666666666667
FOODS_3_090_CA_1_evaluation,FOODS_3_090,FOODS_3,FOODS,CA_1,d_1893,42,2016-04-04,11610,Monday,4,2016,54.0,25.0,40.0,90.0,42.857142857142854,52.13333333333333
FOODS_3_090_CA_1_evaluation,FOODS_3_090,FOODS_3,FOODS,CA_1,d_1894,29,2016-04-05,11610,Tuesday,4,2016,42.0,47.0,36.0,28.0,45.285714285714285,51.233333333333334
FOODS_3_090_CA_1_evaluation,FOODS_3_090,FOODS_3,FOODS,CA_1,d_1895,53,2016-04-06,11610,Wednesday,4,2016,29.0,23.0,29.0,30.0,42.714285714285715,50.63333333333333
FOODS_3_090_CA_1_evaluation,FOODS_3_090,FOODS_3,FOODS,CA_1,d_1896,39,2016-04-07,11610,Thursday,4,2016,53.0,21.0,48.0,40.0,47.0,49.4
FOODS_3_090_CA_1_evaluation,FOODS_3_090,FOODS_3,FOODS,CA_1,d_1897,42,2016-04-08,11610,Friday,4,2016,39.0,72.0,60.0,63.0,49.57142857142857,49.766666666666666
FOODS_3_090_CA_1_evaluation,FOODS_3_090,FOODS_3,FOODS,CA_1,d_1898,83,2016-04-09,11611,Saturday,4,2016,42.0,58.0,102.0,58.0,45.285714285714285,50.166666666666664
FOODS_3_090_CA_1_evaluation,FOODS_3_090,FOODS_3,FOODS,CA_1,d_1899,83,2016-04-10,11611,Sunday,4,2016,83.0,54.0,112.0,56.0,48.857142857142854,51.6
FOODS_3_090_CA_1_evaluation,FOODS_3_090,FOODS_3,FOODS,CA_1,d_1900,48,2016-04-11,11611,Monday,4,2016,83.0,42.0,25.0,45.0,53.0,52.266666666666666
FOODS_3_090_CA_1_evaluation,FOODS_3_090,FOODS_3,FOODS,CA_1,d_1901,26,2016-04-12,11611,Tuesday,4,2016,48.0,29.0,47.0,30.0,53.857142857142854,51.93333333333333
FOODS_3_090_CA_1_evaluation,FOODS_3_090,FOODS_3,FOODS,CA_1,d_1902,41,2016-04-13,11611,Wednesday,4,2016,26.0,53.0,23.0,38.0,53.42857142857143,50.93333333333333
FOODS_3_090_CA_1_evaluation,FOODS_3_090,FOODS_3,FOODS,CA_1,d_1903,44,2016-04-14,11611,Thursday,4,2016,41.0,39.0,21.0,42.0,51.714285714285715,50.8
FOODS_3_090_CA_1_evaluation,FOODS_3_090,FOODS_3,FOODS,CA_1,d_1904,47,2016-04-15,11611,Friday,4,2016,44.0,42.0,72.0,43.0,52.42857142857143,51.266666666666666
FOODS_3_090_CA_1_evaluation,FOODS_3_090,FOODS_3,FOODS,CA_1,d_1905,82,2016-04-16,11612,Saturday,4,2016,47.0,83.0,58.0,92.0,53.142857142857146,51.56666666666667
FOODS_3_090_CA_1_evaluation,FOODS_3_090,FOODS_3,FOODS,CA_1,d_1906,83,2016-04-17,11612,Sunday,4,2016,82.0,83.0,54.0,66.0,53.0,52.9
FOODS_3_090_CA_1_evaluation,FOODS_3_090,FOODS_3,FOODS,CA_1,d_1907,30,2016-04-18,11612,Monday,4,2016,83.0,48.0,42.0,40.0,53.0,54.233333333333334
FOODS_3_090_CA_1_evaluation,FOODS_3_090,FOODS_3,FOODS,CA_1,d_1908,45,2016-04-19,11612,Tuesday,4,2016,30.0,26.0,29.0,36.0,50.42857142857143,52.166666666666664
FOODS_3_090_CA_1_evaluation,FOODS_3_090,FOODS_3,FOODS,CA_1,d_1909,29,2016-04-20,11612,Wednesday,4,2016,45.0,41.0,53.0,29.0,53.142857142857146,51.46666666666667
FOODS_3_090_CA_1_evaluation,FOODS_3_090,FOODS_3,FOODS,CA_1,d_1910,53,2016-04-21,11612,Thursday,4,2016,29.0,44.0,39.0,48.0,51.42857142857143,51.1
FOODS_3_090_CA_1_evaluation,FOODS_3_090,FOODS_3,FOODS,CA_1,d_1911,87,2016-04-22,11612,Friday,4,2016,53.0,47.0,42.0,60.0,52.714285714285715,51.666666666666664
FOODS_3_090_CA_1_evaluation,FOODS_3_090,FOODS_3,FOODS,CA_1,d_1912,95,2016-04-23,11613,Saturday,4,2016,87.0,82.0,83.0,102.0,58.42857142857143,53.6
FOODS_3_090_CA_1_evaluation,FOODS_3_090,FOODS_3,FOODS,CA_1,d_1913,42,2016-04-24,11613,Sunday,4,2016,95.0,83.0,83.0,112.0,60.285714285714285,55.166666666666664
FOODS_3_090_CA_1_evaluation,FOODS_3_090,FOODS_3,FOODS,CA_1,d_1914,48,2016-04-25,11613,Monday,4,2016,42.0,30.0,48.0,25.0,54.42857142857143,54.56666666666667
FOODS_3_090_CA_1_evaluation,FOODS_3_090,FOODS_3,FOODS,CA_1,d_1915,35,2016-04-26,11613,Tuesday,4,2016,48.0,45.0,26.0,47.0,57.0,52.766666666666666
FOODS_3_090_CA_1_evaluation,FOODS_3_090,FOODS_3,FOODS,CA_1,d_1916,34,2016-04-27,11613,Wednesday,4,2016,35.0,29.0,41.0,23.0,55.57142857142857,50.2
FOODS_3_090_CA_1_evaluation,FOODS_3_090,FOODS_3,FOODS,CA_1,d_1917,67,2016-04-28,11613,Thursday,4,2016,34.0,53.0,44.0,21.0,56.285714285714285,50.5
FOODS_3_090_CA_1_evaluation,FOODS_3_090,FOODS_3,FOODS,CA_1,d_1918,63,2016-04-29,11613,Friday,4,2016,67.0,87.0,47.0,72.0,58.285714285714285,51.166666666666664
FOODS_3_090_CA_1_evaluation,FOODS_3_090,FOODS_3,FOODS,CA_1,d_1919,99,2016-04-30,11614,Saturday,4,2016,63.0,95.0,82.0,58.0,54.857142857142854,52.5
FOODS_3_090_CA_1_evaluation,FOODS_3_090,FOODS_3,FOODS,CA_1,d_1920,71,2016-05-01,11614,Sunday,5,2016,99.0,42.0,83.0,54.0,55.42857142857143,55.1
FOODS_3_090_CA_1_evaluation,FOODS_3_090,FOODS_3,FOODS,CA_1,d_1921,59,2016-05-02,11614,Monday,5,2016,71.0,48.0,30.0,42.0,59.57142857142857,55.06666666666667
FOODS_3_090_CA_1_evaluation,FOODS_3_090,FOODS_3,FOODS,CA_1,d_1922,35,2016-05-03,11614,Tuesday,5,2016,59.0,35.0,45.0,29.0,61.142857142857146,55.1
FOODS_3_090_CA_1_evaluation,FOODS_3_090,FOODS_3,FOODS,CA_1,d_1923,47,2016-05-04,11614,Wednesday,5,2016,35.0,34.0,29.0,53.0,61.142857142857146,54.46666666666667
FOODS_3_090_CA_1_evaluation,FOODS_3_090,FOODS_3,FOODS,CA_1,d_1924,73,2016-05-05,11614,Thursday,5,2016,47.0,67.0,53.0,39.0,63.0,54.63333333333333
FOODS_3_090_CA_1_evaluation,FOODS_3_090,FOODS_3,FOODS,CA_1,d_1925,89,2016-05-06,11614,Friday,5,2016,73.0,63.0,87.0,42.0,63.857142857142854,56.1
FOODS_3_090_CA_1_evaluation,FOODS_3_090,FOODS_3,FOODS,CA_1,d_1926,104,2016-05-07,11615,Saturday,5,2016,89.0,99.0,95.0,83.0,67.57142857142857,57.3
FOODS_3_090_CA_1_evaluation,FOODS_3_090,FOODS_3,FOODS,CA_1,d_1927,77,2016-05-08,11615,Sunday,5,2016,104.0,71.0,42.0,83.0,68.28571428571429,59.46666666666667
FOODS_3_090_CA_1_evaluation,FOODS_3_090,FOODS_3,FOODS,CA_1,d_1928,72,2016-05-09,11615,Monday,5,2016,77.0,59.0,48.0,48.0,69.14285714285714,60.63333333333333
FOODS_3_090_CA_1_evaluation,FOODS_3_090,FOODS_3,FOODS,CA_1,d_1929,46,2016-05-10,11615,Tuesday,5,2016,72.0,35.0,35.0,26.0,71.0,60.266666666666666
FOODS_3_090_CA_1_evaluation,FOODS_3_090,FOODS_3,FOODS,CA_1,d_1930,30,2016-05-11,11615,Wednesday,5,2016,46.0,47.0,34.0,41.0,72.57142857142857,59.03333333333333
FOODS_3_090_CA_1_evaluation,FOODS_3_090,FOODS_3,FOODS,CA_1,d_1931,35,2016-05-12,11615,Thursday,5,2016,30.0,73.0,67.0,44.0,70.14285714285714,58.43333333333333
FOODS_3_090_CA_1_evaluation,FOODS_3_090,FOODS_3,FOODS,CA_1,d_1932,77,2016-05-13,11615,Friday,5,2016,35.0,89.0,63.0,47.0,64.71428571428571,58.733333333333334
FOODS_3_090_CA_1_evaluation,FOODS_3_090,FOODS_3,FOODS,CA_1,d_1933,47,2016-05-14,11616,Saturday,5,2016,77.0,104.0,99.0,82.0,63.0,59.93333333333333
FOODS_3_090_CA_1_evaluation,FOODS_3_090,FOODS_3,FOODS,CA_1,d_1934,74,2016-05-15,11616,Sunday,5,2016,47.0,77.0,71.0,83.0,54.857142857142854,60.03333333333333
FOODS_3_090_CA_1_evaluation,FOODS_3_090,FOODS_3,FOODS,CA_1,d_1935,38,2016-05-16,11616,Monday,5,2016,74.0,72.0,59.0,30.0,54.42857142857143,60.93333333333333
FOODS_3_090_CA_1_evaluation,FOODS_3_090,FOODS_3,FOODS,CA_1,d_1936,42,2016-05-17,11616,Tuesday,5,2016,38.0,46.0,35.0,45.0,49.57142857142857,59.46666666666667
FOODS_3_090_CA_1_evaluation,FOODS_3_090,FOODS_3,FOODS,CA_1,d_1937,39,2016-05-18,11616,Wednesday,5,2016,42.0,30.0,47.0,29.0,49.0,58.1
FOODS_3_090_CA_1_evaluation,FOODS_3_090,FOODS_3,FOODS,CA_1,d_1938,51,2016-05-19,11616,Thursday,5,2016,39.0,35.0,73.0,53.0,50.285714285714285,58.4
FOODS_3_090_CA_1_evaluation,FOODS_3_090,FOODS_3,FOODS,CA_1,d_1939,69,2016-05-20,11616,Friday,5,2016,51.0,77.0,89.0,87.0,52.57142857142857,58.6
FOODS_3_090_CA_1_evaluation,FOODS_3_090,FOODS_3,FOODS,CA_1,d_1940,67,2016-05-21,11617,Saturday,5,2016,69.0,47.0,104.0,95.0,51.42857142857143,59.93333333333333
FOODS_3_090_CA_1_evaluation,FOODS_3_090,FOODS_3,FOODS,CA_1,d_1941,64,2016-05-22,11617,Sunday,5,2016,67.0,74.0,77.0,42.0,54.285714285714285,60.4
